Seq	Host	Starttime	JobRuntime	Send	Receive	Exitval	Signal	Command
2	:	1770321169.179	     0.301	0	54	0	0	write_iso_sources /home/kcw2/data/genome_db/GCA_027625415.1
3	:	1770321169.185	     0.391	0	54	0	0	write_iso_sources /home/kcw2/data/genome_db/GCA_041545665.1
5	:	1770321169.200	     0.378	0	54	0	0	write_iso_sources /home/kcw2/data/genome_db/GCA_012923645.1
6	:	1770321169.206	     0.372	0	54	0	0	write_iso_sources /home/kcw2/data/genome_db/GCA_024348135.1
7	:	1770321169.211	     0.371	0	54	0	0	write_iso_sources /home/kcw2/data/genome_db/GCA_030035385.1
8	:	1770321169.217	     0.368	0	54	0	0	write_iso_sources /home/kcw2/data/genome_db/GCA_030719865.1
9	:	1770321169.224	     0.362	0	54	0	0	write_iso_sources /home/kcw2/data/genome_db/GCA_030720285.1
10	:	1770321169.229	     0.358	0	54	0	0	write_iso_sources /home/kcw2/data/genome_db/GCA_030736775.1
12	:	1770321169.238	     0.351	0	54	0	0	write_iso_sources /home/kcw2/data/genome_db/GCA_021184165.1
13	:	1770321169.244	     0.345	0	54	0	0	write_iso_sources /home/kcw2/data/genome_db/GCA_034678245.1
14	:	1770321169.251	     0.340	0	54	0	0	write_iso_sources /home/kcw2/data/genome_db/GCA_034697585.1
15	:	1770321169.258	     0.335	0	54	0	0	write_iso_sources /home/kcw2/data/genome_db/GCA_034739015.1
4	:	1770321169.191	     0.413	0	54	0	0	write_iso_sources /home/kcw2/data/genome_db/GCA_005004915.2
17	:	1770321169.276	     0.329	0	54	0	0	write_iso_sources /home/kcw2/data/genome_db/GCA_034772955.1
19	:	1770321169.293	     0.314	0	54	0	0	write_iso_sources /home/kcw2/data/genome_db/GCA_034809465.1
1	:	1770321169.173	     0.447	0	54	0	0	write_iso_sources /home/kcw2/data/genome_db/GCA_050226455.1
11	:	1770321169.233	     0.389	0	54	0	0	write_iso_sources /home/kcw2/data/genome_db/GCA_045344275.1
18	:	1770321169.283	     0.339	0	54	0	0	write_iso_sources /home/kcw2/data/genome_db/GCA_034795005.1
21	:	1770321169.307	     0.328	0	54	0	0	write_iso_sources /home/kcw2/data/genome_db/GCA_034833675.1
20	:	1770321169.301	     0.344	0	54	0	0	write_iso_sources /home/kcw2/data/genome_db/GCA_034814305.1
16	:	1770321169.266	     0.391	0	54	0	0	write_iso_sources /home/kcw2/data/genome_db/GCA_034752235.1
23	:	1770321169.324	     0.347	0	54	0	0	write_iso_sources /home/kcw2/data/genome_db/GCA_034855695.1
22	:	1770321169.317	     0.366	0	54	0	0	write_iso_sources /home/kcw2/data/genome_db/GCA_034844395.1
26	:	1770321169.363	     0.331	0	54	0	0	write_iso_sources /home/kcw2/data/genome_db/GCA_034856955.1
24	:	1770321169.337	     0.368	0	54	0	0	write_iso_sources /home/kcw2/data/genome_db/GCA_034856115.1
28	:	1770321169.380	     0.325	0	54	0	0	write_iso_sources /home/kcw2/data/genome_db/GCA_034858715.1
25	:	1770321169.352	     0.375	0	54	0	0	write_iso_sources /home/kcw2/data/genome_db/GCA_034856535.1
27	:	1770321169.372	     0.358	0	54	0	0	write_iso_sources /home/kcw2/data/genome_db/GCA_034858295.1
29	:	1770321169.391	     0.341	0	54	0	0	write_iso_sources /home/kcw2/data/genome_db/GCA_034859785.1
31	:	1770321169.409	     0.324	0	54	0	0	write_iso_sources /home/kcw2/data/genome_db/GCA_034864925.1
30	:	1770321169.399	     0.342	0	54	0	0	write_iso_sources /home/kcw2/data/genome_db/GCA_034860205.1
33	:	1770321169.443	     0.313	0	54	0	0	write_iso_sources /home/kcw2/data/genome_db/GCA_034886285.1
32	:	1770321169.427	     0.340	0	54	0	0	write_iso_sources /home/kcw2/data/genome_db/GCA_034866505.1
34	:	1770321169.462	     0.307	0	54	0	0	write_iso_sources /home/kcw2/data/genome_db/GCA_034904905.1
35	:	1770321169.480	     0.289	0	54	0	0	write_iso_sources /home/kcw2/data/genome_db/GCA_034924605.1
74	:	1770321170.013	     0.164	0	54	0	0	write_iso_sources /home/kcw2/data/genome_db/GCF_000292685.1
51	:	1770321169.777	     0.505	0	54	0	0	write_iso_sources /home/kcw2/data/genome_db/GCF_000512745.2
48	:	1770321169.748	     0.570	0	54	0	0	write_iso_sources /home/kcw2/data/genome_db/GCF_000521765.1
75	:	1770321170.024	     0.304	0	54	0	0	write_iso_sources /home/kcw2/data/genome_db/GCF_000340865.1
56	:	1770321169.819	     0.522	0	54	0	0	write_iso_sources /home/kcw2/data/genome_db/GCF_000414215.2
47	:	1770321169.741	     0.615	0	54	0	0	write_iso_sources /home/kcw2/data/genome_db/GCF_000521745.1
70	:	1770321169.971	     0.409	0	54	0	0	write_iso_sources /home/kcw2/data/genome_db/GCF_000287335.1
76	:	1770321170.041	     0.356	0	54	0	0	write_iso_sources /home/kcw2/data/genome_db/GCF_000340905.1
49	:	1770321169.757	     0.653	0	54	0	0	write_iso_sources /home/kcw2/data/genome_db/GCF_000493735.1
80	:	1770321170.097	     0.328	0	54	0	0	write_iso_sources /home/kcw2/data/genome_db/GCF_000298495.2
46	:	1770321169.727	     0.786	0	54	0	0	write_iso_sources /home/kcw2/data/genome_db/GCF_043158355.1
65	:	1770321169.900	     0.615	0	54	0	0	write_iso_sources /home/kcw2/data/genome_db/GCF_008632615.1
44	:	1770321169.704	     0.831	0	54	0	0	write_iso_sources /home/kcw2/data/genome_db/GCF_003112395.2
45	:	1770321169.714	     0.822	0	54	0	0	write_iso_sources /home/kcw2/data/genome_db/GCF_043156515.1
79	:	1770321170.083	     0.457	0	54	0	0	write_iso_sources /home/kcw2/data/genome_db/GCF_000298475.2
43	:	1770321169.694	     0.917	0	54	0	0	write_iso_sources /home/kcw2/data/genome_db/GCF_003074855.2
62	:	1770321169.872	     0.740	0	54	0	0	write_iso_sources /home/kcw2/data/genome_db/GCF_000468955.1
84	:	1770321170.188	     0.426	0	54	0	0	write_iso_sources /home/kcw2/data/genome_db/GCF_000294715.1
50	:	1770321169.768	     0.867	0	54	0	0	write_iso_sources /home/kcw2/data/genome_db/GCF_001676785.2
89	:	1770321170.371	     0.302	0	54	0	0	write_iso_sources /home/kcw2/data/genome_db/GCF_000300045.1
93	:	1770321170.437	     0.239	0	54	0	0	write_iso_sources /home/kcw2/data/genome_db/GCF_005080865.1
55	:	1770321169.811	     0.885	0	54	0	0	write_iso_sources /home/kcw2/data/genome_db/GCF_003184265.1
78	:	1770321170.072	     0.626	0	54	0	0	write_iso_sources /home/kcw2/data/genome_db/GCF_000732355.1
81	:	1770321170.115	     0.592	0	54	0	0	write_iso_sources /home/kcw2/data/genome_db/GCF_048537645.1
82	:	1770321170.124	     0.586	0	54	0	0	write_iso_sources /home/kcw2/data/genome_db/GCF_048537655.1
94	:	1770321170.535	     0.204	0	54	0	0	write_iso_sources /home/kcw2/data/genome_db/GCF_005080705.1
53	:	1770321169.794	     0.962	0	54	0	0	write_iso_sources /home/kcw2/data/genome_db/GCF_016592435.1
60	:	1770321169.854	     0.953	0	54	0	0	write_iso_sources /home/kcw2/data/genome_db/GCF_004526345.1
68	:	1770321169.946	     0.924	0	54	0	0	write_iso_sources /home/kcw2/data/genome_db/GCF_002213745.1
66	:	1770321169.916	     0.993	0	54	0	0	write_iso_sources /home/kcw2/data/genome_db/GCF_003100395.1
41	:	1770321169.671	     1.256	0	54	0	0	write_iso_sources /home/kcw2/data/genome_db/GCF_000981805.1
88	:	1770321170.356	     0.575	0	54	0	0	write_iso_sources /home/kcw2/data/genome_db/GCF_000313385.1
90	:	1770321170.394	     0.560	0	54	0	0	write_iso_sources /home/kcw2/data/genome_db/GCF_000307835.1
92	:	1770321170.421	     0.535	0	54	0	0	write_iso_sources /home/kcw2/data/genome_db/GCF_000092265.1
73	:	1770321170.002	     0.990	0	54	0	0	write_iso_sources /home/kcw2/data/genome_db/GCF_000281195.1
40	:	1770321169.657	     1.365	0	54	0	0	write_iso_sources /home/kcw2/data/genome_db/GCF_000765375.1
69	:	1770321169.958	     1.065	0	54	0	0	write_iso_sources /home/kcw2/data/genome_db/GCF_000404245.1
61	:	1770321169.864	     1.240	0	54	0	0	write_iso_sources /home/kcw2/data/genome_db/GCF_041080815.1
42	:	1770321169.683	     1.437	0	54	0	0	write_iso_sources /home/kcw2/data/genome_db/GCF_000717535.1
59	:	1770321169.842	     1.299	0	54	0	0	write_iso_sources /home/kcw2/data/genome_db/GCF_014489535.1
67	:	1770321169.933	     1.230	0	54	0	0	write_iso_sources /home/kcw2/data/genome_db/GCF_000439535.1
87	:	1770321170.341	     0.842	0	54	0	0	write_iso_sources /home/kcw2/data/genome_db/GCF_001683055.1
38	:	1770321169.636	     1.559	0	54	0	0	write_iso_sources /home/kcw2/data/genome_db/GCF_000764575.1
71	:	1770321169.980	     1.217	0	54	0	0	write_iso_sources /home/kcw2/data/genome_db/GCF_040259335.1
64	:	1770321169.892	     1.319	0	54	0	0	write_iso_sources /home/kcw2/data/genome_db/GCF_043966785.1
37	:	1770321169.621	     1.615	0	54	0	0	write_iso_sources /home/kcw2/data/genome_db/GCF_000511915.1
39	:	1770321169.646	     1.593	0	54	0	0	write_iso_sources /home/kcw2/data/genome_db/GCF_000959605.1
77	:	1770321170.056	     1.216	0	54	0	0	write_iso_sources /home/kcw2/data/genome_db/GCF_016755915.1
63	:	1770321169.884	     1.439	0	54	0	0	write_iso_sources /home/kcw2/data/genome_db/GCF_043966005.1
54	:	1770321169.803	     1.545	0	54	0	0	write_iso_sources /home/kcw2/data/genome_db/GCF_000496605.2
72	:	1770321169.991	     1.396	0	54	0	0	write_iso_sources /home/kcw2/data/genome_db/GCF_041228105.1
85	:	1770321170.299	     1.088	0	54	0	0	write_iso_sources /home/kcw2/data/genome_db/GCF_005280655.1
91	:	1770321170.410	     0.994	0	54	0	0	write_iso_sources /home/kcw2/data/genome_db/GCF_018127785.1
100	:	1770321170.635	     0.789	0	54	0	0	write_iso_sources /home/kcw2/data/genome_db/GCF_000336405.1
58	:	1770321169.834	     1.610	0	54	0	0	write_iso_sources /home/kcw2/data/genome_db/GCF_010731815.2
57	:	1770321169.826	     1.666	0	54	0	0	write_iso_sources /home/kcw2/data/genome_db/GCF_010731735.1
83	:	1770321170.135	     1.430	0	54	0	0	write_iso_sources /home/kcw2/data/genome_db/GCF_000733715.2
126	:	1770321171.210	     0.428	0	54	0	0	write_iso_sources /home/kcw2/data/genome_db/GCF_030437945.2
36	:	1770321169.604	     2.050	0	54	0	0	write_iso_sources /home/kcw2/data/genome_db/GCF_000494755.1
86	:	1770321170.328	     1.328	0	54	0	0	write_iso_sources /home/kcw2/data/genome_db/GCF_000829075.1
95	:	1770321170.563	     1.098	0	54	0	0	write_iso_sources /home/kcw2/data/genome_db/GCF_001975445.1
103	:	1770321170.697	     0.964	0	54	0	0	write_iso_sources /home/kcw2/data/genome_db/GCF_000297055.2
107	:	1770321170.756	     0.927	0	54	0	0	write_iso_sources /home/kcw2/data/genome_db/GCF_000317085.1
98	:	1770321170.612	     1.114	0	54	0	0	write_iso_sources /home/kcw2/data/genome_db/GCF_000623315.1
127	:	1770321171.236	     0.595	0	54	0	0	write_iso_sources /home/kcw2/data/genome_db/GCF_040741445.2
114	:	1770321170.955	     0.881	0	54	0	0	write_iso_sources /home/kcw2/data/genome_db/GCF_030344935.1
97	:	1770321170.596	     1.262	0	54	0	0	write_iso_sources /home/kcw2/data/genome_db/GCF_000623335.1
104	:	1770321170.708	     1.151	0	54	0	0	write_iso_sources /home/kcw2/data/genome_db/GCF_041222845.1
99	:	1770321170.624	     1.251	0	54	0	0	write_iso_sources /home/kcw2/data/genome_db/GCF_002023665.2
128	:	1770321171.252	     0.643	0	54	0	0	write_iso_sources /home/kcw2/data/genome_db/GCF_040741455.2
101	:	1770321170.671	     1.240	0	54	0	0	write_iso_sources /home/kcw2/data/genome_db/GCF_027701665.1
105	:	1770321170.723	     1.246	0	54	0	0	write_iso_sources /home/kcw2/data/genome_db/GCF_963692685.1
52	:	1770321169.785	     2.230	0	54	0	0	write_iso_sources /home/kcw2/data/genome_db/GCF_001693385.1
102	:	1770321170.686	     1.330	0	54	0	0	write_iso_sources /home/kcw2/data/genome_db/GCF_003073515.1
109	:	1770321170.780	     1.286	0	54	0	0	write_iso_sources /home/kcw2/data/genome_db/GCF_001742185.1
129	:	1770321171.272	     0.812	0	54	0	0	write_iso_sources /home/kcw2/data/genome_db/GCF_002213885.1
113	:	1770321170.928	     1.173	0	54	0	0	write_iso_sources /home/kcw2/data/genome_db/GCF_002269385.1
130	:	1770321171.298	     0.803	0	54	0	0	write_iso_sources /home/kcw2/data/genome_db/GCF_002213925.1
106	:	1770321170.740	     1.391	0	54	0	0	write_iso_sources /home/kcw2/data/genome_db/GCF_000262165.1
96	:	1770321170.582	     1.562	0	54	0	0	write_iso_sources /home/kcw2/data/genome_db/GCF_002211585.1
131	:	1770321171.324	     0.862	0	54	0	0	write_iso_sources /home/kcw2/data/genome_db/GCF_002213905.1
111	:	1770321170.829	     1.391	0	54	0	0	write_iso_sources /home/kcw2/data/genome_db/GCF_016864515.1
116	:	1770321170.981	     1.258	0	54	0	0	write_iso_sources /home/kcw2/data/genome_db/GCF_004848885.1
118	:	1770321171.005	     1.250	0	54	0	0	write_iso_sources /home/kcw2/data/genome_db/GCF_004847545.1
133	:	1770321171.367	     0.911	0	54	0	0	write_iso_sources /home/kcw2/data/genome_db/GCF_022221425.1
117	:	1770321170.992	     1.311	0	54	0	0	write_iso_sources /home/kcw2/data/genome_db/GCF_004847605.1
119	:	1770321171.039	     1.266	0	54	0	0	write_iso_sources /home/kcw2/data/genome_db/GCF_017189355.1
121	:	1770321171.121	     1.187	0	54	0	0	write_iso_sources /home/kcw2/data/genome_db/GCF_046529375.1
108	:	1770321170.767	     1.555	0	54	0	0	write_iso_sources /home/kcw2/data/genome_db/GCF_003852255.1
112	:	1770321170.892	     1.460	0	54	0	0	write_iso_sources /home/kcw2/data/genome_db/GCF_022819325.1
132	:	1770321171.348	     1.026	0	54	0	0	write_iso_sources /home/kcw2/data/genome_db/GCF_001596175.2
110	:	1770321170.807	     1.583	0	54	0	0	write_iso_sources /home/kcw2/data/genome_db/GCF_013364095.1
138	:	1770321171.460	     0.957	0	54	0	0	write_iso_sources /home/kcw2/data/genome_db/GCF_927611535.1
123	:	1770321171.164	     1.256	0	54	0	0	write_iso_sources /home/kcw2/data/genome_db/GCF_000271665.2
124	:	1770321171.178	     1.243	0	54	0	0	write_iso_sources /home/kcw2/data/genome_db/GCF_003324755.1
145	:	1770321171.707	     0.714	0	54	0	0	write_iso_sources /home/kcw2/data/genome_db/GCF_000258905.1
120	:	1770321171.049	     1.412	0	54	0	0	write_iso_sources /home/kcw2/data/genome_db/GCF_017189375.1
134	:	1770321171.405	     1.059	0	54	0	0	write_iso_sources /home/kcw2/data/genome_db/GCF_022221445.1
137	:	1770321171.445	     1.021	0	54	0	0	write_iso_sources /home/kcw2/data/genome_db/GCF_927611525.1
122	:	1770321171.142	     1.335	0	54	0	0	write_iso_sources /home/kcw2/data/genome_db/GCF_046529385.1
135	:	1770321171.424	     1.161	0	54	0	0	write_iso_sources /home/kcw2/data/genome_db/GCF_024205545.1
115	:	1770321170.965	     1.642	0	54	0	0	write_iso_sources /home/kcw2/data/genome_db/GCF_009648835.1
162	:	1770321172.145	     0.480	0	54	0	0	write_iso_sources /home/kcw2/data/genome_db/GCF_001014285.1
160	:	1770321172.116	     0.577	0	54	0	0	write_iso_sources /home/kcw2/data/genome_db/GCF_000304215.1
136	:	1770321171.434	     1.276	0	54	0	0	write_iso_sources /home/kcw2/data/genome_db/GCF_024205565.1
125	:	1770321171.195	     1.559	0	54	0	0	write_iso_sources /home/kcw2/data/genome_db/GCF_000294775.2
176	:	1770321172.443	     0.411	0	54	0	0	write_iso_sources /home/kcw2/data/genome_db/GCF_000318825.1
175	:	1770321172.417	     0.465	0	54	0	0	write_iso_sources /home/kcw2/data/genome_db/GCF_000318785.1
140	:	1770321171.581	     1.304	0	54	0	0	write_iso_sources /home/kcw2/data/genome_db/GCF_002706795.1
144	:	1770321171.694	     1.217	0	54	0	0	write_iso_sources /home/kcw2/data/genome_db/GCF_000283875.1
166	:	1770321172.255	     0.671	0	54	0	0	write_iso_sources /home/kcw2/data/genome_db/GCF_014396785.1
148	:	1770321171.858	     1.082	0	54	0	0	write_iso_sources /home/kcw2/data/genome_db/GCF_009429125.1
161	:	1770321172.130	     0.846	0	54	0	0	write_iso_sources /home/kcw2/data/genome_db/GCF_000568815.1
139	:	1770321171.509	     1.506	0	54	0	0	write_iso_sources /home/kcw2/data/genome_db/GCF_005484965.1
146	:	1770321171.720	     1.297	0	54	0	0	write_iso_sources /home/kcw2/data/genome_db/GCF_000961095.1
142	:	1770321171.675	     1.387	0	54	0	0	write_iso_sources /home/kcw2/data/genome_db/GCF_900603025.1
169	:	1770321172.322	     0.740	0	54	0	0	write_iso_sources /home/kcw2/data/genome_db/GCF_000576145.2
184	:	1770321172.602	     0.461	0	54	0	0	write_iso_sources /home/kcw2/data/genome_db/GCF_001653955.1
167	:	1770321172.267	     0.814	0	54	0	0	write_iso_sources /home/kcw2/data/genome_db/GCF_000219875.1
183	:	1770321172.534	     0.549	0	54	0	0	write_iso_sources /home/kcw2/data/genome_db/GCF_001275365.1
173	:	1770321172.390	     0.730	0	54	0	0	write_iso_sources /home/kcw2/data/genome_db/GCF_003010495.1
141	:	1770321171.653	     1.493	0	54	0	0	write_iso_sources /home/kcw2/data/genome_db/GCF_002043005.1
147	:	1770321171.742	     1.406	0	54	0	0	write_iso_sources /home/kcw2/data/genome_db/GCF_001050395.1
156	:	1770321172.028	     1.133	0	54	0	0	write_iso_sources /home/kcw2/data/genome_db/GCF_000971925.1
195	:	1770321172.954	     0.305	0	54	0	0	write_iso_sources /home/kcw2/data/genome_db/GCF_001553195.1
179	:	1770321172.489	     0.807	0	54	0	0	write_iso_sources /home/kcw2/data/genome_db/GCF_046267915.1
191	:	1770321172.898	     0.400	0	54	0	0	write_iso_sources /home/kcw2/data/genome_db/GCF_000284155.1
182	:	1770321172.520	     0.792	0	54	0	0	write_iso_sources /home/kcw2/data/genome_db/GCF_004214795.1
153	:	1770321171.941	     1.394	0	54	0	0	write_iso_sources /home/kcw2/data/genome_db/GCF_030291695.1
158	:	1770321172.083	     1.301	0	54	0	0	write_iso_sources /home/kcw2/data/genome_db/GCF_022340085.2
192	:	1770321172.911	     0.503	0	54	0	0	write_iso_sources /home/kcw2/data/genome_db/GCF_000284055.1
159	:	1770321172.098	     1.349	0	54	0	0	write_iso_sources /home/kcw2/data/genome_db/GCF_000284015.1
157	:	1770321172.048	     1.421	0	54	0	0	write_iso_sources /home/kcw2/data/genome_db/GCF_016756295.1
143	:	1770321171.684	     1.810	0	54	0	0	write_iso_sources /home/kcw2/data/genome_db/GCF_000512165.1
170	:	1770321172.332	     1.183	0	54	0	0	write_iso_sources /home/kcw2/data/genome_db/GCF_000227465.1
151	:	1770321171.912	     1.618	0	54	0	0	write_iso_sources /home/kcw2/data/genome_db/GCF_022163245.2
154	:	1770321171.969	     1.561	0	54	0	0	write_iso_sources /home/kcw2/data/genome_db/GCF_037081885.1
163	:	1770321172.161	     1.444	0	54	0	0	write_iso_sources /home/kcw2/data/genome_db/GCF_030705325.2
149	:	1770321171.875	     1.750	0	54	0	0	write_iso_sources /home/kcw2/data/genome_db/GCF_013610655.1
152	:	1770321171.927	     1.698	0	54	0	0	write_iso_sources /home/kcw2/data/genome_db/GCF_022343245.1
165	:	1770321172.239	     1.388	0	54	0	0	write_iso_sources /home/kcw2/data/genome_db/GCF_008727195.1
155	:	1770321171.984	     1.694	0	54	0	0	write_iso_sources /home/kcw2/data/genome_db/GCF_000454045.1
204	:	1770321173.162	     0.541	0	54	0	0	write_iso_sources /home/kcw2/data/genome_db/GCF_000195535.1
168	:	1770321172.303	     1.434	0	54	0	0	write_iso_sources /home/kcw2/data/genome_db/GCF_000220485.1
150	:	1770321171.896	     1.859	0	54	0	0	write_iso_sources /home/kcw2/data/genome_db/GCF_013624375.1
193	:	1770321172.927	     0.830	0	54	0	0	write_iso_sources /home/kcw2/data/genome_db/GCF_000236255.1
202	:	1770321173.133	     0.626	0	54	0	0	write_iso_sources /home/kcw2/data/genome_db/GCF_000219785.1
174	:	1770321172.403	     1.373	0	54	0	0	write_iso_sources /home/kcw2/data/genome_db/GCF_000473275.1
185	:	1770321172.625	     1.163	0	54	0	0	write_iso_sources /home/kcw2/data/genome_db/GCF_027920785.2
180	:	1770321172.501	     1.307	0	54	0	0	write_iso_sources /home/kcw2/data/genome_db/GCF_000759475.1
194	:	1770321172.941	     0.871	0	54	0	0	write_iso_sources /home/kcw2/data/genome_db/GCF_001010505.1
181	:	1770321172.510	     1.338	0	54	0	0	write_iso_sources /home/kcw2/data/genome_db/GCF_001548395.1
207	:	1770321173.203	     0.646	0	54	0	0	write_iso_sources /home/kcw2/data/genome_db/GCF_025560965.1
164	:	1770321172.200	     1.654	0	54	0	0	write_iso_sources /home/kcw2/data/genome_db/GCF_000220705.2
219	:	1770321173.546	     0.311	0	54	0	0	write_iso_sources /home/kcw2/data/genome_db/GCF_000521565.1
172	:	1770321172.373	     1.486	0	54	0	0	write_iso_sources /home/kcw2/data/genome_db/GCF_032359195.1
220	:	1770321173.568	     0.291	0	54	0	0	write_iso_sources /home/kcw2/data/genome_db/GCF_000521585.1
178	:	1770321172.477	     1.398	0	54	0	0	write_iso_sources /home/kcw2/data/genome_db/GCF_019670485.1
215	:	1770321173.469	     0.407	0	54	0	0	write_iso_sources /home/kcw2/data/genome_db/GCF_000277305.1
171	:	1770321172.351	     1.546	0	54	0	0	write_iso_sources /home/kcw2/data/genome_db/GCF_003112225.1
177	:	1770321172.462	     1.438	0	54	0	0	write_iso_sources /home/kcw2/data/genome_db/GCF_019670025.1
190	:	1770321172.883	     1.018	0	54	0	0	write_iso_sources /home/kcw2/data/genome_db/GCF_000238175.1
206	:	1770321173.193	     0.708	0	54	0	0	write_iso_sources /home/kcw2/data/genome_db/GCF_023612175.1
189	:	1770321172.771	     1.132	0	54	0	0	write_iso_sources /home/kcw2/data/genome_db/GCF_003698225.1
187	:	1770321172.710	     1.203	0	54	0	0	write_iso_sources /home/kcw2/data/genome_db/GCF_965232195.1
188	:	1770321172.725	     1.207	0	54	0	0	write_iso_sources /home/kcw2/data/genome_db/GCF_965250295.1
205	:	1770321173.175	     0.758	0	54	0	0	write_iso_sources /home/kcw2/data/genome_db/GCF_023612155.1
186	:	1770321172.647	     1.323	0	54	0	0	write_iso_sources /home/kcw2/data/genome_db/GCF_032681045.1
196	:	1770321172.992	     1.040	0	54	0	0	write_iso_sources /home/kcw2/data/genome_db/GCF_000487255.2
208	:	1770321173.275	     0.791	0	54	0	0	write_iso_sources /home/kcw2/data/genome_db/GCF_025561005.1
221	:	1770321173.625	     0.447	0	54	0	0	write_iso_sources /home/kcw2/data/genome_db/GCF_000270205.1
199	:	1770321173.080	     1.019	0	54	0	0	write_iso_sources /home/kcw2/data/genome_db/GCF_000258405.1
232	:	1770321173.849	     0.252	0	54	0	0	write_iso_sources /home/kcw2/data/genome_db/GCF_000145705.1
224	:	1770321173.659	     0.456	0	54	0	0	write_iso_sources /home/kcw2/data/genome_db/GCF_002220795.1
201	:	1770321173.121	     1.046	0	54	0	0	write_iso_sources /home/kcw2/data/genome_db/GCF_000202635.1
228	:	1770321173.776	     0.414	0	54	0	0	write_iso_sources /home/kcw2/data/genome_db/GCF_000270065.1
234	:	1770321173.887	     0.304	0	54	0	0	write_iso_sources /home/kcw2/data/genome_db/GCF_000183365.1
223	:	1770321173.647	     0.556	0	54	0	0	write_iso_sources /home/kcw2/data/genome_db/GCF_002139935.1
217	:	1770321173.513	     0.759	0	54	0	0	write_iso_sources /home/kcw2/data/genome_db/GCF_003534205.1
218	:	1770321173.528	     0.765	0	54	0	0	write_iso_sources /home/kcw2/data/genome_db/GCF_000204665.1
211	:	1770321173.353	     0.996	0	54	0	0	write_iso_sources /home/kcw2/data/genome_db/GCF_041001665.1
212	:	1770321173.383	     1.057	0	54	0	0	write_iso_sources /home/kcw2/data/genome_db/GCF_041001675.1
197	:	1770321173.029	     1.411	0	54	0	0	write_iso_sources /home/kcw2/data/genome_db/GCF_951803545.1
203	:	1770321173.147	     1.320	0	54	0	0	write_iso_sources /home/kcw2/data/genome_db/GCF_000284255.1
198	:	1770321173.049	     1.453	0	54	0	0	write_iso_sources /home/kcw2/data/genome_db/GCF_955652485.1
240	:	1770321173.970	     0.549	0	54	0	0	write_iso_sources /home/kcw2/data/genome_db/GCF_900476035.1
229	:	1770321173.788	     0.731	0	54	0	0	write_iso_sources /home/kcw2/data/genome_db/GCF_000184345.1
222	:	1770321173.637	     0.895	0	54	0	0	write_iso_sources /home/kcw2/data/genome_db/GCF_000503895.1
200	:	1770321173.102	     1.440	0	54	0	0	write_iso_sources /home/kcw2/data/genome_db/GCF_003143515.1
258	:	1770321174.240	     0.303	0	54	0	0	write_iso_sources /home/kcw2/data/genome_db/GCF_000211295.1
239	:	1770321173.952	     0.643	0	54	0	0	write_iso_sources /home/kcw2/data/genome_db/GCF_005886435.1
231	:	1770321173.829	     0.779	0	54	0	0	write_iso_sources /home/kcw2/data/genome_db/GCF_000231405.2
243	:	1770321174.011	     0.629	0	54	0	0	write_iso_sources /home/kcw2/data/genome_db/GCF_000191445.1
213	:	1770321173.407	     1.247	0	54	0	0	write_iso_sources /home/kcw2/data/genome_db/GCF_018292145.1
233	:	1770321173.875	     0.786	0	54	0	0	write_iso_sources /home/kcw2/data/genome_db/GCF_000512915.1
241	:	1770321173.981	     0.713	0	54	0	0	write_iso_sources /home/kcw2/data/genome_db/GCF_032922765.1
209	:	1770321173.313	     1.426	0	54	0	0	write_iso_sources /home/kcw2/data/genome_db/GCF_049570395.1
210	:	1770321173.335	     1.404	0	54	0	0	write_iso_sources /home/kcw2/data/genome_db/GCF_049570405.1
225	:	1770321173.694	     1.147	0	54	0	0	write_iso_sources /home/kcw2/data/genome_db/GCF_047221375.1
273	:	1770321174.608	     0.263	0	54	0	0	write_iso_sources /home/kcw2/data/genome_db/GCF_013008815.1
255	:	1770321174.204	     0.678	0	54	0	0	write_iso_sources /home/kcw2/data/genome_db/GCF_027118995.1
261	:	1770321174.283	     0.615	0	54	0	0	write_iso_sources /home/kcw2/data/genome_db/GCF_018128225.1
254	:	1770321174.190	     0.738	0	54	0	0	write_iso_sources /home/kcw2/data/genome_db/GCF_001277995.1
274	:	1770321174.621	     0.309	0	54	0	0	write_iso_sources /home/kcw2/data/genome_db/GCF_012934855.1
266	:	1770321174.502	     0.436	0	54	0	0	write_iso_sources /home/kcw2/data/genome_db/GCF_000092805.1
262	:	1770321174.293	     0.668	0	54	0	0	write_iso_sources /home/kcw2/data/genome_db/GCF_018128245.1
242	:	1770321173.990	     0.983	0	54	0	0	write_iso_sources /home/kcw2/data/genome_db/GCF_044595635.1
248	:	1770321174.100	     0.948	0	54	0	0	write_iso_sources /home/kcw2/data/genome_db/GCF_003966975.1
230	:	1770321173.808	     1.258	0	54	0	0	write_iso_sources /home/kcw2/data/genome_db/GCF_000266885.1
216	:	1770321173.492	     1.592	0	54	0	0	write_iso_sources /home/kcw2/data/genome_db/GCF_002224345.1
226	:	1770321173.723	     1.392	0	54	0	0	write_iso_sources /home/kcw2/data/genome_db/GCF_001700945.1
235	:	1770321173.898	     1.266	0	54	0	0	write_iso_sources /home/kcw2/data/genome_db/GCF_043967505.1
281	:	1770321174.772	     0.434	0	54	0	0	write_iso_sources /home/kcw2/data/genome_db/GCF_000148855.1
256	:	1770321174.215	     1.017	0	54	0	0	write_iso_sources /home/kcw2/data/genome_db/GCF_000239175.1
236	:	1770321173.913	     1.359	0	54	0	0	write_iso_sources /home/kcw2/data/genome_db/GCF_043970685.1
280	:	1770321174.753	     0.550	0	54	0	0	write_iso_sources /home/kcw2/data/genome_db/GCF_000164675.2
285	:	1770321174.910	     0.394	0	54	0	0	write_iso_sources /home/kcw2/data/genome_db/GCF_000517365.1
286	:	1770321174.939	     0.368	0	54	0	0	write_iso_sources /home/kcw2/data/genome_db/GCF_000565195.1
282	:	1770321174.853	     0.509	0	54	0	0	write_iso_sources /home/kcw2/data/genome_db/GCF_000148875.1
238	:	1770321173.944	     1.477	0	54	0	0	write_iso_sources /home/kcw2/data/genome_db/GCF_000224675.1
249	:	1770321174.114	     1.342	0	54	0	0	write_iso_sources /home/kcw2/data/genome_db/GCF_000281175.1
247	:	1770321174.067	     1.406	0	54	0	0	write_iso_sources /home/kcw2/data/genome_db/GCF_018884445.1
250	:	1770321174.126	     1.348	0	54	0	0	write_iso_sources /home/kcw2/data/genome_db/GCF_000325705.1
244	:	1770321174.033	     1.460	0	54	0	0	write_iso_sources /home/kcw2/data/genome_db/GCF_000188735.1
246	:	1770321174.053	     1.441	0	54	0	0	write_iso_sources /home/kcw2/data/genome_db/GCF_017299015.1
276	:	1770321174.654	     0.851	0	54	0	0	write_iso_sources /home/kcw2/data/genome_db/GCF_012278735.1
291	:	1770321175.067	     0.439	0	54	0	0	write_iso_sources /home/kcw2/data/genome_db/GCF_000270025.1
253	:	1770321174.168	     1.338	0	54	0	0	write_iso_sources /home/kcw2/data/genome_db/GCF_030506305.1
275	:	1770321174.639	     0.880	0	54	0	0	write_iso_sources /home/kcw2/data/genome_db/GCF_012278715.1
227	:	1770321173.754	     1.766	0	54	0	0	write_iso_sources /home/kcw2/data/genome_db/GCF_049532615.1
259	:	1770321174.257	     1.263	0	54	0	0	write_iso_sources /home/kcw2/data/genome_db/GCF_000486725.2
289	:	1770321174.974	     0.584	0	54	0	0	write_iso_sources /home/kcw2/data/genome_db/GCF_000463385.1
290	:	1770321174.989	     0.569	0	54	0	0	write_iso_sources /home/kcw2/data/genome_db/GCF_000463355.1
292	:	1770321175.085	     0.474	0	54	0	0	write_iso_sources /home/kcw2/data/genome_db/GCA_034939605.1
263	:	1770321174.308	     1.288	0	54	0	0	write_iso_sources /home/kcw2/data/genome_db/GCF_000025745.1
265	:	1770321174.467	     1.134	0	54	0	0	write_iso_sources /home/kcw2/data/genome_db/GCF_004295665.1
237	:	1770321173.932	     1.687	0	54	0	0	write_iso_sources /home/kcw2/data/genome_db/GCF_000959125.1
245	:	1770321174.044	     1.577	0	54	0	0	write_iso_sources /home/kcw2/data/genome_db/GCF_017298995.1
214	:	1770321173.439	     2.201	0	54	0	0	write_iso_sources /home/kcw2/data/genome_db/GCF_000194745.1
279	:	1770321174.715	     0.956	0	54	0	0	write_iso_sources /home/kcw2/data/genome_db/GCF_000214705.1
267	:	1770321174.519	     1.178	0	54	0	0	write_iso_sources /home/kcw2/data/genome_db/GCF_032698475.1
252	:	1770321174.146	     1.611	0	54	0	0	write_iso_sources /home/kcw2/data/genome_db/GCF_000585995.1
269	:	1770321174.543	     1.270	0	54	0	0	write_iso_sources /home/kcw2/data/genome_db/GCF_009649015.1
297	:	1770321175.272	     0.543	0	54	0	0	write_iso_sources /home/kcw2/data/genome_db/GCF_037041345.1
264	:	1770321174.375	     1.471	0	54	0	0	write_iso_sources /home/kcw2/data/genome_db/GCF_019550795.1
272	:	1770321174.594	     1.266	0	54	0	0	write_iso_sources /home/kcw2/data/genome_db/GCF_003073495.1
251	:	1770321174.135	     1.752	0	54	0	0	write_iso_sources /home/kcw2/data/genome_db/GCF_040959945.1
260	:	1770321174.272	     1.616	0	54	0	0	write_iso_sources /home/kcw2/data/genome_db/GCF_041429925.1
278	:	1770321174.694	     1.223	0	54	0	0	write_iso_sources /home/kcw2/data/genome_db/GCF_020510705.1
268	:	1770321174.533	     1.437	0	54	0	0	write_iso_sources /home/kcw2/data/genome_db/GCF_033441695.1
257	:	1770321174.228	     1.782	0	54	0	0	write_iso_sources /home/kcw2/data/genome_db/GCF_010365265.1
305	:	1770321175.493	     0.533	0	54	0	0	write_iso_sources /home/kcw2/data/genome_db/GCF_000024245.1
306	:	1770321175.505	     0.524	0	54	0	0	write_iso_sources /home/kcw2/data/genome_db/GCF_000498655.1
326	:	1770321175.878	     0.193	0	54	0	0	write_iso_sources /home/kcw2/data/genome_db/GCF_900128595.1
304	:	1770321175.472	     0.622	0	54	0	0	write_iso_sources /home/kcw2/data/genome_db/GCF_000195555.1
287	:	1770321174.949	     1.164	0	54	0	0	write_iso_sources /home/kcw2/data/genome_db/GCF_044794875.1
308	:	1770321175.538	     0.578	0	54	0	0	write_iso_sources /home/kcw2/data/genome_db/GCF_000143845.1
327	:	1770321175.906	     0.213	0	54	0	0	write_iso_sources /home/kcw2/data/genome_db/GCF_039381205.1
270	:	1770321174.557	     1.596	0	54	0	0	write_iso_sources /home/kcw2/data/genome_db/GCF_000829985.1
307	:	1770321175.519	     0.638	0	54	0	0	write_iso_sources /home/kcw2/data/genome_db/GCF_000576165.1
288	:	1770321174.961	     1.222	0	54	0	0	write_iso_sources /home/kcw2/data/genome_db/GCF_018582665.1
313	:	1770321175.639	     0.571	0	54	0	0	write_iso_sources /home/kcw2/data/genome_db/GCF_025150565.1
283	:	1770321174.883	     1.365	0	54	0	0	write_iso_sources /home/kcw2/data/genome_db/GCF_000214805.1
328	:	1770321175.917	     0.355	0	54	0	0	write_iso_sources /home/kcw2/data/genome_db/GCF_000175515.1
284	:	1770321174.898	     1.415	0	54	0	0	write_iso_sources /home/kcw2/data/genome_db/GCF_000258885.1
320	:	1770321175.757	     0.581	0	54	0	0	write_iso_sources /home/kcw2/data/genome_db/GCF_000148705.1
294	:	1770321175.165	     1.196	0	54	0	0	write_iso_sources /home/kcw2/data/genome_db/GCF_029318685.1
318	:	1770321175.714	     0.648	0	54	0	0	write_iso_sources /home/kcw2/data/genome_db/GCF_042241895.1
277	:	1770321174.679	     1.716	0	54	0	0	write_iso_sources /home/kcw2/data/genome_db/GCF_014218295.1
319	:	1770321175.734	     0.679	0	54	0	0	write_iso_sources /home/kcw2/data/genome_db/GCF_042242545.1
316	:	1770321175.685	     0.730	0	54	0	0	write_iso_sources /home/kcw2/data/genome_db/GCF_028735855.1
295	:	1770321175.190	     1.269	0	54	0	0	write_iso_sources /home/kcw2/data/genome_db/GCF_000022165.1
317	:	1770321175.697	     0.763	0	54	0	0	write_iso_sources /home/kcw2/data/genome_db/GCF_001971475.1
309	:	1770321175.558	     0.942	0	54	0	0	write_iso_sources /home/kcw2/data/genome_db/GCF_000144605.1
298	:	1770321175.284	     1.281	0	54	0	0	write_iso_sources /home/kcw2/data/genome_db/GCF_002752655.1
296	:	1770321175.232	     1.343	0	54	0	0	write_iso_sources /home/kcw2/data/genome_db/GCF_021398935.1
321	:	1770321175.790	     0.786	0	54	0	0	write_iso_sources /home/kcw2/data/genome_db/GCF_001687545.1
312	:	1770321175.619	     0.983	0	54	0	0	write_iso_sources /home/kcw2/data/genome_db/GCF_049201045.1
314	:	1770321175.657	     0.947	0	54	0	0	write_iso_sources /home/kcw2/data/genome_db/GCF_000023085.1
310	:	1770321175.580	     1.027	0	54	0	0	write_iso_sources /home/kcw2/data/genome_db/GCF_000027265.1
315	:	1770321175.671	     0.937	0	54	0	0	write_iso_sources /home/kcw2/data/genome_db/GCF_000143965.1
342	:	1770321176.183	     0.436	0	54	0	0	write_iso_sources /home/kcw2/data/genome_db/GCF_030436185.2
343	:	1770321176.195	     0.463	0	54	0	0	write_iso_sources /home/kcw2/data/genome_db/GCF_030436205.2
347	:	1770321176.313	     0.381	0	54	0	0	write_iso_sources /home/kcw2/data/genome_db/GCF_000219355.1
302	:	1770321175.378	     1.318	0	54	0	0	write_iso_sources /home/kcw2/data/genome_db/GCF_002139995.1
300	:	1770321175.337	     1.391	0	54	0	0	write_iso_sources /home/kcw2/data/genome_db/GCF_000961235.1
303	:	1770321175.435	     1.295	0	54	0	0	write_iso_sources /home/kcw2/data/genome_db/GCF_002952295.1
323	:	1770321175.833	     0.898	0	54	0	0	write_iso_sources /home/kcw2/data/genome_db/GCF_000166395.1
346	:	1770321176.263	     0.469	0	54	0	0	write_iso_sources /home/kcw2/data/genome_db/GCF_000253015.1
355	:	1770321176.472	     0.261	0	54	0	0	write_iso_sources /home/kcw2/data/genome_db/GCF_000092685.1
330	:	1770321175.961	     0.811	0	54	0	0	write_iso_sources /home/kcw2/data/genome_db/GCF_006542335.1
299	:	1770321175.321	     1.469	0	54	0	0	write_iso_sources /home/kcw2/data/genome_db/GCF_030062355.1
322	:	1770321175.814	     0.979	0	54	0	0	write_iso_sources /home/kcw2/data/genome_db/GCF_008274825.1
354	:	1770321176.459	     0.378	0	54	0	0	write_iso_sources /home/kcw2/data/genome_db/GCF_000092665.1
337	:	1770321176.092	     0.802	0	54	0	0	write_iso_sources /home/kcw2/data/genome_db/GCF_000183745.1
301	:	1770321175.349	     1.562	0	54	0	0	write_iso_sources /home/kcw2/data/genome_db/GCF_000961255.1
339	:	1770321176.132	     0.782	0	54	0	0	write_iso_sources /home/kcw2/data/genome_db/GCF_037477935.1
332	:	1770321175.982	     0.961	0	54	0	0	write_iso_sources /home/kcw2/data/genome_db/GCF_006064855.1
271	:	1770321174.574	     2.395	0	54	0	0	write_iso_sources /home/kcw2/data/genome_db/GCF_000196835.1
351	:	1770321176.394	     0.576	0	54	0	0	write_iso_sources /home/kcw2/data/genome_db/GCF_000255255.1
349	:	1770321176.358	     0.641	0	54	0	0	write_iso_sources /home/kcw2/data/genome_db/GCF_002117875.1
357	:	1770321176.513	     0.513	0	54	0	0	write_iso_sources /home/kcw2/data/genome_db/GCA_034949605.1
360	:	1770321176.619	     0.430	0	54	0	0	write_iso_sources /home/kcw2/data/genome_db/GCA_035019205.1
311	:	1770321175.597	     1.467	0	54	0	0	write_iso_sources /home/kcw2/data/genome_db/GCF_000196615.1
331	:	1770321175.970	     1.114	0	54	0	0	write_iso_sources /home/kcw2/data/genome_db/GCF_000091785.1
336	:	1770321176.071	     1.013	0	54	0	0	write_iso_sources /home/kcw2/data/genome_db/GCF_000230975.2
350	:	1770321176.381	     0.704	0	54	0	0	write_iso_sources /home/kcw2/data/genome_db/GCF_000255195.1
359	:	1770321176.603	     0.495	0	54	0	0	write_iso_sources /home/kcw2/data/genome_db/GCA_034982045.1
340	:	1770321176.153	     0.973	0	54	0	0	write_iso_sources /home/kcw2/data/genome_db/GCF_000265365.1
358	:	1770321176.576	     0.554	0	54	0	0	write_iso_sources /home/kcw2/data/genome_db/GCA_034964025.1
293	:	1770321175.110	     2.038	0	54	0	0	write_iso_sources /home/kcw2/data/genome_db/GCF_030388745.1
361	:	1770321176.633	     0.519	0	54	0	0	write_iso_sources /home/kcw2/data/genome_db/GCA_035038585.1
334	:	1770321176.026	     1.154	0	54	0	0	write_iso_sources /home/kcw2/data/genome_db/GCF_000230695.2
364	:	1770321176.695	     0.486	0	54	0	0	write_iso_sources /home/kcw2/data/genome_db/GCA_035067465.1
362	:	1770321176.658	     0.535	0	54	0	0	write_iso_sources /home/kcw2/data/genome_db/GCA_035058305.1
333	:	1770321175.998	     1.198	0	54	0	0	write_iso_sources /home/kcw2/data/genome_db/GCF_024347035.1
345	:	1770321176.220	     0.976	0	54	0	0	write_iso_sources /home/kcw2/data/genome_db/GCF_001698205.1
363	:	1770321176.675	     0.522	0	54	0	0	write_iso_sources /home/kcw2/data/genome_db/GCA_035063265.1
365	:	1770321176.709	     0.489	0	54	0	0	write_iso_sources /home/kcw2/data/genome_db/GCA_035076485.1
335	:	1770321176.042	     1.236	0	54	0	0	write_iso_sources /home/kcw2/data/genome_db/GCF_021545825.1
325	:	1770321175.860	     1.445	0	54	0	0	write_iso_sources /home/kcw2/data/genome_db/GCF_029320935.1
324	:	1770321175.846	     1.502	0	54	0	0	write_iso_sources /home/kcw2/data/genome_db/GCF_020872015.1
367	:	1770321176.747	     0.612	0	54	0	0	write_iso_sources /home/kcw2/data/genome_db/GCF_000973565.1
348	:	1770321176.338	     1.102	0	54	0	0	write_iso_sources /home/kcw2/data/genome_db/GCF_000179635.2
380	:	1770321176.969	     0.492	0	54	0	0	write_iso_sources /home/kcw2/data/genome_db/GCF_000392475.3
390	:	1770321177.127	     0.419	0	54	0	0	write_iso_sources /home/kcw2/data/genome_db/GCF_000831525.1
378	:	1770321176.927	     0.642	0	54	0	0	write_iso_sources /home/kcw2/data/genome_db/GCF_000389675.2
369	:	1770321176.782	     0.816	0	54	0	0	write_iso_sources /home/kcw2/data/genome_db/GCF_001455105.1
344	:	1770321176.209	     1.400	0	54	0	0	write_iso_sources /home/kcw2/data/genome_db/GCF_901538355.1
329	:	1770321175.933	     1.717	0	54	0	0	write_iso_sources /home/kcw2/data/genome_db/GCF_003850565.1
341	:	1770321176.171	     1.506	0	54	0	0	write_iso_sources /home/kcw2/data/genome_db/GCF_024346715.1
352	:	1770321176.413	     1.317	0	54	0	0	write_iso_sources /home/kcw2/data/genome_db/GCF_010731675.1
353	:	1770321176.437	     1.322	0	54	0	0	write_iso_sources /home/kcw2/data/genome_db/GCF_000025165.1
370	:	1770321176.791	     1.015	0	54	0	0	write_iso_sources /home/kcw2/data/genome_db/GCF_000507245.1
397	:	1770321177.237	     0.598	0	54	0	0	write_iso_sources /home/kcw2/data/genome_db/GCF_048320245.1
395	:	1770321177.210	     0.647	0	54	0	0	write_iso_sources /home/kcw2/data/genome_db/GCF_000478925.1
338	:	1770321176.113	     1.823	0	54	0	0	write_iso_sources /home/kcw2/data/genome_db/GCF_005938665.2
405	:	1770321177.369	     0.588	0	54	0	0	write_iso_sources /home/kcw2/data/genome_db/GCF_000466925.3
366	:	1770321176.728	     1.254	0	54	0	0	write_iso_sources /home/kcw2/data/genome_db/GCF_000439575.1
398	:	1770321177.258	     0.811	0	54	0	0	write_iso_sources /home/kcw2/data/genome_db/GCF_048320285.1
371	:	1770321176.802	     1.297	0	54	0	0	write_iso_sources /home/kcw2/data/genome_db/GCF_014884685.1
406	:	1770321177.384	     0.730	0	54	0	0	write_iso_sources /home/kcw2/data/genome_db/GCF_000466885.3
356	:	1770321176.493	     1.647	0	54	0	0	write_iso_sources /home/kcw2/data/genome_db/GCF_036347075.1
372	:	1770321176.814	     1.350	0	54	0	0	write_iso_sources /home/kcw2/data/genome_db/GCF_014884705.1
377	:	1770321176.912	     1.307	0	54	0	0	write_iso_sources /home/kcw2/data/genome_db/GCF_002221525.1
368	:	1770321176.772	     1.458	0	54	0	0	write_iso_sources /home/kcw2/data/genome_db/GCF_000348585.1
410	:	1770321177.599	     0.635	0	54	0	0	write_iso_sources /home/kcw2/data/genome_db/GCF_026810225.1
373	:	1770321176.837	     1.417	0	54	0	0	write_iso_sources /home/kcw2/data/genome_db/GCF_039623345.1
376	:	1770321176.893	     1.364	0	54	0	0	write_iso_sources /home/kcw2/data/genome_db/GCF_050516445.1
386	:	1770321177.063	     1.210	0	54	0	0	write_iso_sources /home/kcw2/data/genome_db/GCF_001456115.1
374	:	1770321176.857	     1.461	0	54	0	0	write_iso_sources /home/kcw2/data/genome_db/GCF_040429625.1
394	:	1770321177.193	     1.139	0	54	0	0	write_iso_sources /home/kcw2/data/genome_db/GCF_000477035.2
408	:	1770321177.485	     0.872	0	54	0	0	write_iso_sources /home/kcw2/data/genome_db/GCF_001280305.1
375	:	1770321176.874	     1.504	0	54	0	0	write_iso_sources /home/kcw2/data/genome_db/GCF_050516435.1
425	:	1770321178.132	     0.269	0	54	0	0	write_iso_sources /home/kcw2/data/genome_db/GCF_000828815.1
387	:	1770321177.083	     1.341	0	54	0	0	write_iso_sources /home/kcw2/data/genome_db/GCF_000464955.2
416	:	1770321177.770	     0.684	0	54	0	0	write_iso_sources /home/kcw2/data/genome_db/GCF_000698825.1
389	:	1770321177.110	     1.372	0	54	0	0	write_iso_sources /home/kcw2/data/genome_db/GCF_003931855.1
393	:	1770321177.181	     1.302	0	54	0	0	write_iso_sources /home/kcw2/data/genome_db/GCF_000468615.2
403	:	1770321177.348	     1.135	0	54	0	0	write_iso_sources /home/kcw2/data/genome_db/GCF_000473245.1
426	:	1770321178.152	     0.354	0	54	0	0	write_iso_sources /home/kcw2/data/genome_db/GCF_000530755.1
379	:	1770321176.944	     1.615	0	54	0	0	write_iso_sources /home/kcw2/data/genome_db/GCF_050627025.1
384	:	1770321177.035	     1.526	0	54	0	0	write_iso_sources /home/kcw2/data/genome_db/GCF_000717515.1
392	:	1770321177.165	     1.433	0	54	0	0	write_iso_sources /home/kcw2/data/genome_db/GCF_013167655.1
385	:	1770321177.050	     1.574	0	54	0	0	write_iso_sources /home/kcw2/data/genome_db/GCF_001281365.1
404	:	1770321177.360	     1.309	0	54	0	0	write_iso_sources /home/kcw2/data/genome_db/GCF_000444995.1
437	:	1770321178.402	     0.353	0	54	0	0	write_iso_sources /home/kcw2/data/genome_db/GCF_000830965.1
401	:	1770321177.305	     1.471	0	54	0	0	write_iso_sources /home/kcw2/data/genome_db/GCF_000452545.2
383	:	1770321177.025	     1.766	0	54	0	0	write_iso_sources /home/kcw2/data/genome_db/GCF_000695935.1
402	:	1770321177.322	     1.547	0	54	0	0	write_iso_sources /home/kcw2/data/genome_db/GCF_000452525.3
414	:	1770321177.694	     1.187	0	54	0	0	write_iso_sources /home/kcw2/data/genome_db/GCF_006740765.1
388	:	1770321177.098	     1.792	0	54	0	0	write_iso_sources /home/kcw2/data/genome_db/GCF_000439695.1
413	:	1770321177.666	     1.226	0	54	0	0	write_iso_sources /home/kcw2/data/genome_db/GCF_029223885.1
435	:	1770321178.355	     0.562	0	54	0	0	write_iso_sources /home/kcw2/data/genome_db/GCF_001991095.1
434	:	1770321178.333	     0.598	0	54	0	0	write_iso_sources /home/kcw2/data/genome_db/GCF_002370355.1
415	:	1770321177.742	     1.250	0	54	0	0	write_iso_sources /home/kcw2/data/genome_db/GCF_900029885.1
439	:	1770321178.449	     0.558	0	54	0	0	write_iso_sources /home/kcw2/data/genome_db/GCF_001263395.1
424	:	1770321178.115	     0.901	0	54	0	0	write_iso_sources /home/kcw2/data/genome_db/GCF_000485885.1
407	:	1770321177.454	     1.575	0	54	0	0	write_iso_sources /home/kcw2/data/genome_db/GCF_001523745.2
419	:	1770321177.875	     1.157	0	54	0	0	write_iso_sources /home/kcw2/data/genome_db/GCF_020906335.1
433	:	1770321178.303	     0.789	0	54	0	0	write_iso_sources /home/kcw2/data/genome_db/GCF_002706705.1
381	:	1770321176.983	     2.144	0	54	0	0	write_iso_sources /home/kcw2/data/genome_db/GCF_015291685.1
417	:	1770321177.836	     1.304	0	54	0	0	write_iso_sources /home/kcw2/data/genome_db/GCF_020905895.1
447	:	1770321178.614	     0.528	0	54	0	0	write_iso_sources /home/kcw2/data/genome_db/GCF_000833355.1
418	:	1770321177.855	     1.329	0	54	0	0	write_iso_sources /home/kcw2/data/genome_db/GCF_020905915.1
382	:	1770321176.999	     2.207	0	54	0	0	write_iso_sources /home/kcw2/data/genome_db/GCF_004114955.1
420	:	1770321177.951	     1.276	0	54	0	0	write_iso_sources /home/kcw2/data/genome_db/GCF_020906355.1
411	:	1770321177.609	     1.625	0	54	0	0	write_iso_sources /home/kcw2/data/genome_db/GCF_964252965.1
423	:	1770321178.084	     1.169	0	54	0	0	write_iso_sources /home/kcw2/data/genome_db/GCF_000503845.1
432	:	1770321178.292	     0.963	0	54	0	0	write_iso_sources /home/kcw2/data/genome_db/GCF_000829215.1
409	:	1770321177.570	     1.720	0	54	0	0	write_iso_sources /home/kcw2/data/genome_db/GCF_001956985.1
429	:	1770321178.253	     1.068	0	54	0	0	write_iso_sources /home/kcw2/data/genome_db/GCF_000497485.1
396	:	1770321177.222	     2.125	0	54	0	0	write_iso_sources /home/kcw2/data/genome_db/GCF_000828875.1
400	:	1770321177.291	     2.078	0	54	0	0	write_iso_sources /home/kcw2/data/genome_db/GCF_030584825.1
427	:	1770321178.185	     1.186	0	54	0	0	write_iso_sources /home/kcw2/data/genome_db/GCF_000623675.2
444	:	1770321178.560	     0.812	0	54	0	0	write_iso_sources /home/kcw2/data/genome_db/GCF_020990645.1
430	:	1770321178.273	     1.111	0	54	0	0	write_iso_sources /home/kcw2/data/genome_db/GCF_023521615.1
443	:	1770321178.530	     0.900	0	54	0	0	write_iso_sources /home/kcw2/data/genome_db/GCF_020990625.1
428	:	1770321178.230	     1.237	0	54	0	0	write_iso_sources /home/kcw2/data/genome_db/GCF_000623735.2
412	:	1770321177.621	     1.896	0	54	0	0	write_iso_sources /home/kcw2/data/genome_db/GCF_005156885.1
458	:	1770321178.944	     0.638	0	54	0	0	write_iso_sources /home/kcw2/data/genome_db/GCF_046245125.1
399	:	1770321177.278	     2.324	0	54	0	0	write_iso_sources /home/kcw2/data/genome_db/GCF_030584705.1
448	:	1770321178.639	     0.965	0	54	0	0	write_iso_sources /home/kcw2/data/genome_db/GCF_001439585.2
456	:	1770321178.917	     0.759	0	54	0	0	write_iso_sources /home/kcw2/data/genome_db/GCF_000565155.1
455	:	1770321178.903	     0.803	0	54	0	0	write_iso_sources /home/kcw2/data/genome_db/GCF_000568935.1
440	:	1770321178.482	     1.308	0	54	0	0	write_iso_sources /home/kcw2/data/genome_db/GCF_000953355.1
445	:	1770321178.582	     1.211	0	54	0	0	write_iso_sources /home/kcw2/data/genome_db/GCF_002269325.1
438	:	1770321178.423	     1.405	0	54	0	0	write_iso_sources /home/kcw2/data/genome_db/GCF_000510285.1
422	:	1770321177.991	     1.891	0	54	0	0	write_iso_sources /home/kcw2/data/genome_db/GCF_006459165.2
421	:	1770321177.979	     1.914	0	54	0	0	write_iso_sources /home/kcw2/data/genome_db/GCF_002266465.3
436	:	1770321178.376	     1.519	0	54	0	0	write_iso_sources /home/kcw2/data/genome_db/GCF_000525615.2
391	:	1770321177.148	     2.776	0	54	0	0	write_iso_sources /home/kcw2/data/genome_db/GCF_024298965.1
451	:	1770321178.792	     1.158	0	54	0	0	write_iso_sources /home/kcw2/data/genome_db/GCF_002761455.1
449	:	1770321178.678	     1.351	0	54	0	0	write_iso_sources /home/kcw2/data/genome_db/GCF_001620205.2
457	:	1770321178.929	     1.146	0	54	0	0	write_iso_sources /home/kcw2/data/genome_db/GCF_048568315.1
446	:	1770321178.598	     1.497	0	54	0	0	write_iso_sources /home/kcw2/data/genome_db/GCF_002741195.1
482	:	1770321179.487	     0.609	0	54	0	0	write_iso_sources /home/kcw2/data/genome_db/GCF_028752635.1
450	:	1770321178.771	     1.343	0	54	0	0	write_iso_sources /home/kcw2/data/genome_db/GCF_000988525.3
481	:	1770321179.457	     0.658	0	54	0	0	write_iso_sources /home/kcw2/data/genome_db/GCF_028752615.1
441	:	1770321178.505	     1.650	0	54	0	0	write_iso_sources /home/kcw2/data/genome_db/GCF_000520015.2
431	:	1770321178.283	     1.904	0	54	0	0	write_iso_sources /home/kcw2/data/genome_db/GCF_000828695.1
453	:	1770321178.882	     1.322	0	54	0	0	write_iso_sources /home/kcw2/data/genome_db/GCF_001623645.2
452	:	1770321178.808	     1.401	0	54	0	0	write_iso_sources /home/kcw2/data/genome_db/GCF_002761475.1
454	:	1770321178.891	     1.349	0	54	0	0	write_iso_sources /home/kcw2/data/genome_db/GCF_000973645.1
487	:	1770321179.694	     0.559	0	54	0	0	write_iso_sources /home/kcw2/data/genome_db/GCF_001010485.1
474	:	1770321179.302	     0.955	0	54	0	0	write_iso_sources /home/kcw2/data/genome_db/GCF_001307805.1
460	:	1770321179.030	     1.263	0	54	0	0	write_iso_sources /home/kcw2/data/genome_db/GCF_041860165.1
459	:	1770321179.006	     1.415	0	54	0	0	write_iso_sources /home/kcw2/data/genome_db/GCF_037950385.1
461	:	1770321179.044	     1.390	0	54	0	0	write_iso_sources /home/kcw2/data/genome_db/GCF_003146655.1
466	:	1770321179.154	     1.335	0	54	0	0	write_iso_sources /home/kcw2/data/genome_db/GCF_016925255.1
462	:	1770321179.064	     1.444	0	54	0	0	write_iso_sources /home/kcw2/data/genome_db/GCF_003146685.1
464	:	1770321179.110	     1.411	0	54	0	0	write_iso_sources /home/kcw2/data/genome_db/GCF_014169495.1
442	:	1770321178.521	     2.021	0	54	0	0	write_iso_sources /home/kcw2/data/genome_db/GCF_003675325.1
465	:	1770321179.140	     1.405	0	54	0	0	write_iso_sources /home/kcw2/data/genome_db/GCF_016758865.1
463	:	1770321179.091	     1.484	0	54	0	0	write_iso_sources /home/kcw2/data/genome_db/GCF_014169355.1
469	:	1770321179.228	     1.351	0	54	0	0	write_iso_sources /home/kcw2/data/genome_db/GCF_038430715.1
470	:	1770321179.254	     1.325	0	54	0	0	write_iso_sources /home/kcw2/data/genome_db/GCF_039721945.1
477	:	1770321179.383	     1.198	0	54	0	0	write_iso_sources /home/kcw2/data/genome_db/GCF_000785535.1
505	:	1770321180.225	     0.421	0	54	0	0	write_iso_sources /home/kcw2/data/genome_db/GCF_965184005.1
483	:	1770321179.529	     1.128	0	54	0	0	write_iso_sources /home/kcw2/data/genome_db/GCF_049942945.1
468	:	1770321179.201	     1.475	0	54	0	0	write_iso_sources /home/kcw2/data/genome_db/GCF_023373565.1
502	:	1770321180.172	     0.518	0	54	0	0	write_iso_sources /home/kcw2/data/genome_db/GCF_027359475.1
501	:	1770321180.156	     0.572	0	54	0	0	write_iso_sources /home/kcw2/data/genome_db/GCF_027359525.1
506	:	1770321180.241	     0.490	0	54	0	0	write_iso_sources /home/kcw2/data/genome_db/GCF_965184025.1
467	:	1770321179.167	     1.592	0	54	0	0	write_iso_sources /home/kcw2/data/genome_db/GCF_023205055.1
479	:	1770321179.406	     1.355	0	54	0	0	write_iso_sources /home/kcw2/data/genome_db/GCF_013745515.1
507	:	1770321180.254	     0.508	0	54	0	0	write_iso_sources /home/kcw2/data/genome_db/GCF_001602095.1
490	:	1770321179.819	     0.970	0	54	0	0	write_iso_sources /home/kcw2/data/genome_db/GCF_014717695.1
489	:	1770321179.805	     0.997	0	54	0	0	write_iso_sources /home/kcw2/data/genome_db/GCF_014717515.1
480	:	1770321179.428	     1.430	0	54	0	0	write_iso_sources /home/kcw2/data/genome_db/GCF_013746655.1
494	:	1770321179.920	     0.944	0	54	0	0	write_iso_sources /home/kcw2/data/genome_db/GCF_030296655.1
478	:	1770321179.395	     1.480	0	54	0	0	write_iso_sources /home/kcw2/data/genome_db/GCF_028370115.1
499	:	1770321180.114	     0.786	0	54	0	0	write_iso_sources /home/kcw2/data/genome_db/GCF_002838765.1
491	:	1770321179.842	     1.118	0	54	0	0	write_iso_sources /home/kcw2/data/genome_db/GCF_014722775.1
492	:	1770321179.894	     1.126	0	54	0	0	write_iso_sources /home/kcw2/data/genome_db/GCF_014723035.1
476	:	1770321179.369	     1.690	0	54	0	0	write_iso_sources /home/kcw2/data/genome_db/GCF_013201075.1
529	:	1770321180.803	     0.259	0	54	0	0	write_iso_sources /home/kcw2/data/genome_db/GCF_014252255.1
471	:	1770321179.263	     1.845	0	54	0	0	write_iso_sources /home/kcw2/data/genome_db/GCF_036237255.1
530	:	1770321180.820	     0.330	0	54	0	0	write_iso_sources /home/kcw2/data/genome_db/GCF_014252315.1
484	:	1770321179.603	     1.578	0	54	0	0	write_iso_sources /home/kcw2/data/genome_db/GCF_030064125.1
504	:	1770321180.204	     0.993	0	54	0	0	write_iso_sources /home/kcw2/data/genome_db/GCF_038670005.1
472	:	1770321179.276	     1.950	0	54	0	0	write_iso_sources /home/kcw2/data/genome_db/GCF_036237335.1
493	:	1770321179.908	     1.374	0	54	0	0	write_iso_sources /home/kcw2/data/genome_db/GCF_002906655.1
486	:	1770321179.648	     1.653	0	54	0	0	write_iso_sources /home/kcw2/data/genome_db/GCF_003850445.1
485	:	1770321179.635	     1.690	0	54	0	0	write_iso_sources /home/kcw2/data/genome_db/GCF_003850425.1
473	:	1770321179.290	     2.036	0	54	0	0	write_iso_sources /home/kcw2/data/genome_db/GCF_014023275.1
513	:	1770321180.507	     0.838	0	54	0	0	write_iso_sources /home/kcw2/data/genome_db/GCF_001543325.1
509	:	1770321180.292	     1.098	0	54	0	0	write_iso_sources /home/kcw2/data/genome_db/GCF_000981545.1
531	:	1770321180.834	     0.577	0	54	0	0	write_iso_sources /home/kcw2/data/genome_db/GCF_002139855.1
500	:	1770321180.141	     1.289	0	54	0	0	write_iso_sources /home/kcw2/data/genome_db/GCF_003665575.1
503	:	1770321180.187	     1.243	0	54	0	0	write_iso_sources /home/kcw2/data/genome_db/GCF_033571935.1
498	:	1770321180.095	     1.359	0	54	0	0	write_iso_sources /home/kcw2/data/genome_db/GCF_048320135.1
516	:	1770321180.562	     0.907	0	54	0	0	write_iso_sources /home/kcw2/data/genome_db/GCF_001304795.1
532	:	1770321180.859	     0.646	0	54	0	0	write_iso_sources /home/kcw2/data/genome_db/GCF_002139095.2
515	:	1770321180.542	     0.987	0	54	0	0	write_iso_sources /home/kcw2/data/genome_db/GCF_002220195.1
537	:	1770321180.977	     0.598	0	54	0	0	write_iso_sources /home/kcw2/data/genome_db/GCF_900070325.1
497	:	1770321180.041	     1.578	0	54	0	0	write_iso_sources /home/kcw2/data/genome_db/GCF_008329905.1
496	:	1770321179.967	     1.657	0	54	0	0	write_iso_sources /home/kcw2/data/genome_db/GCF_005862185.2
510	:	1770321180.314	     1.313	0	54	0	0	write_iso_sources /home/kcw2/data/genome_db/GCF_000981565.1
533	:	1770321180.876	     0.753	0	54	0	0	write_iso_sources /home/kcw2/data/genome_db/GCF_002443115.1
541	:	1770321181.123	     0.532	0	54	0	0	write_iso_sources /home/kcw2/data/genome_db/GCF_001564455.1
488	:	1770321179.720	     2.029	0	54	0	0	write_iso_sources /home/kcw2/data/genome_db/GCF_003721495.1
543	:	1770321181.197	     0.572	0	54	0	0	write_iso_sources /home/kcw2/data/genome_db/GCF_033707315.1
495	:	1770321179.938	     1.835	0	54	0	0	write_iso_sources /home/kcw2/data/genome_db/GCF_002531755.2
475	:	1770321179.337	     2.461	0	54	0	0	write_iso_sources /home/kcw2/data/genome_db/GCF_028622115.1
511	:	1770321180.433	     1.365	0	54	0	0	write_iso_sources /home/kcw2/data/genome_db/GCF_001421015.2
517	:	1770321180.576	     1.226	0	54	0	0	write_iso_sources /home/kcw2/data/genome_db/GCF_963677905.1
527	:	1770321180.776	     1.026	0	54	0	0	write_iso_sources /home/kcw2/data/genome_db/GCF_001454985.1
528	:	1770321180.789	     1.014	0	54	0	0	write_iso_sources /home/kcw2/data/genome_db/GCF_023008365.1
518	:	1770321180.598	     1.237	0	54	0	0	write_iso_sources /home/kcw2/data/genome_db/GCF_001281005.1
519	:	1770321180.613	     1.225	0	54	0	0	write_iso_sources /home/kcw2/data/genome_db/GCF_023650815.1
548	:	1770321181.338	     0.588	0	54	0	0	write_iso_sources /home/kcw2/data/genome_db/GCF_024969205.1
508	:	1770321180.270	     1.690	0	54	0	0	write_iso_sources /home/kcw2/data/genome_db/GCF_008000815.1
522	:	1770321180.657	     1.305	0	54	0	0	write_iso_sources /home/kcw2/data/genome_db/GCF_046605585.1
523	:	1770321180.668	     1.296	0	54	0	0	write_iso_sources /home/kcw2/data/genome_db/GCF_015167415.1
550	:	1770321181.356	     0.608	0	54	0	0	write_iso_sources /home/kcw2/data/genome_db/GCF_006739385.1
520	:	1770321180.629	     1.376	0	54	0	0	write_iso_sources /home/kcw2/data/genome_db/GCF_029719185.1
512	:	1770321180.446	     1.589	0	54	0	0	write_iso_sources /home/kcw2/data/genome_db/GCF_008369745.1
521	:	1770321180.642	     1.394	0	54	0	0	write_iso_sources /home/kcw2/data/genome_db/GCF_046097145.1
534	:	1770321180.900	     1.138	0	54	0	0	write_iso_sources /home/kcw2/data/genome_db/GCF_008014775.2
536	:	1770321180.922	     1.120	0	54	0	0	write_iso_sources /home/kcw2/data/genome_db/GCF_004322855.1
539	:	1770321181.082	     0.960	0	54	0	0	write_iso_sources /home/kcw2/data/genome_db/GCF_039555755.1
547	:	1770321181.317	     0.726	0	54	0	0	write_iso_sources /home/kcw2/data/genome_db/GCF_024968405.1
549	:	1770321181.345	     0.700	0	54	0	0	write_iso_sources /home/kcw2/data/genome_db/GCF_021923065.1
524	:	1770321180.690	     1.378	0	54	0	0	write_iso_sources /home/kcw2/data/genome_db/GCF_027912575.1
567	:	1770321181.818	     0.277	0	54	0	0	write_iso_sources /home/kcw2/data/genome_db/GCF_003072485.1
538	:	1770321181.034	     1.103	0	54	0	0	write_iso_sources /home/kcw2/data/genome_db/GCF_003999525.1
535	:	1770321180.911	     1.240	0	54	0	0	write_iso_sources /home/kcw2/data/genome_db/GCF_004300825.1
545	:	1770321181.245	     0.908	0	54	0	0	write_iso_sources /home/kcw2/data/genome_db/GCF_003443615.1
554	:	1770321181.469	     0.684	0	54	0	0	write_iso_sources /home/kcw2/data/genome_db/GCF_009938305.1
526	:	1770321180.759	     1.395	0	54	0	0	write_iso_sources /home/kcw2/data/genome_db/GCF_026210435.1
525	:	1770321180.719	     1.477	0	54	0	0	write_iso_sources /home/kcw2/data/genome_db/GCF_021654755.1
514	:	1770321180.520	     1.750	0	54	0	0	write_iso_sources /home/kcw2/data/genome_db/GCF_003352185.1
544	:	1770321181.210	     1.062	0	54	0	0	write_iso_sources /home/kcw2/data/genome_db/GCF_022811645.1
546	:	1770321181.300	     1.013	0	54	0	0	write_iso_sources /home/kcw2/data/genome_db/GCF_003443695.1
553	:	1770321181.452	     0.876	0	54	0	0	write_iso_sources /home/kcw2/data/genome_db/GCF_001534765.1
559	:	1770321181.619	     0.762	0	54	0	0	write_iso_sources /home/kcw2/data/genome_db/GCF_040208275.1
568	:	1770321181.836	     0.585	0	54	0	0	write_iso_sources /home/kcw2/data/genome_db/GCF_029632765.1
558	:	1770321181.571	     0.879	0	54	0	0	write_iso_sources /home/kcw2/data/genome_db/GCF_005144965.1
540	:	1770321181.093	     1.361	0	54	0	0	write_iso_sources /home/kcw2/data/genome_db/GCF_001465275.1
542	:	1770321181.175	     1.398	0	54	0	0	write_iso_sources /home/kcw2/data/genome_db/GCF_001271345.1
552	:	1770321181.429	     1.201	0	54	0	0	write_iso_sources /home/kcw2/data/genome_db/GCF_048541635.1
556	:	1770321181.501	     1.131	0	54	0	0	write_iso_sources /home/kcw2/data/genome_db/GCF_002934965.1
569	:	1770321181.855	     0.806	0	54	0	0	write_iso_sources /home/kcw2/data/genome_db/GCF_965223595.1
564	:	1770321181.749	     0.927	0	54	0	0	write_iso_sources /home/kcw2/data/genome_db/GCF_004208635.1
570	:	1770321181.868	     0.823	0	54	0	0	write_iso_sources /home/kcw2/data/genome_db/GCF_001586275.1
560	:	1770321181.656	     1.057	0	54	0	0	write_iso_sources /home/kcw2/data/genome_db/GCF_028201715.1
586	:	1770321182.212	     0.601	0	54	0	0	write_iso_sources /home/kcw2/data/genome_db/GCF_902806445.1
563	:	1770321181.710	     1.171	0	54	0	0	write_iso_sources /home/kcw2/data/genome_db/GCF_003258705.1
562	:	1770321181.697	     1.226	0	54	0	0	write_iso_sources /home/kcw2/data/genome_db/GCF_003628775.1
561	:	1770321181.673	     1.275	0	54	0	0	write_iso_sources /home/kcw2/data/genome_db/GCF_002812485.1
591	:	1770321182.282	     0.687	0	54	0	0	write_iso_sources /home/kcw2/data/genome_db/GCF_011064785.1
557	:	1770321181.530	     1.457	0	54	0	0	write_iso_sources /home/kcw2/data/genome_db/GCF_001857945.1
603	:	1770321182.530	     0.476	0	54	0	0	write_iso_sources /home/kcw2/data/genome_db/GCF_965268405.1
555	:	1770321181.483	     1.534	0	54	0	0	write_iso_sources /home/kcw2/data/genome_db/GCF_002902865.1
565	:	1770321181.769	     1.250	0	54	0	0	write_iso_sources /home/kcw2/data/genome_db/GCF_022374935.2
585	:	1770321182.197	     0.823	0	54	0	0	write_iso_sources /home/kcw2/data/genome_db/GCF_001971805.1
600	:	1770321182.472	     0.574	0	54	0	0	write_iso_sources /home/kcw2/data/genome_db/GCF_002021985.1
551	:	1770321181.412	     1.638	0	54	0	0	write_iso_sources /home/kcw2/data/genome_db/GCF_016107705.1
584	:	1770321182.183	     0.868	0	54	0	0	write_iso_sources /home/kcw2/data/genome_db/GCF_023158935.1
595	:	1770321182.380	     0.685	0	54	0	0	write_iso_sources /home/kcw2/data/genome_db/GCF_011299095.1
572	:	1770321181.926	     1.174	0	54	0	0	write_iso_sources /home/kcw2/data/genome_db/GCF_043969365.1
592	:	1770321182.314	     0.788	0	54	0	0	write_iso_sources /home/kcw2/data/genome_db/GCF_011065325.1
604	:	1770321182.585	     0.537	0	54	0	0	write_iso_sources /home/kcw2/data/genome_db/GCF_965268415.1
578	:	1770321182.096	     1.032	0	54	0	0	write_iso_sources /home/kcw2/data/genome_db/GCF_028607085.1
577	:	1770321182.068	     1.073	0	54	0	0	write_iso_sources /home/kcw2/data/genome_db/GCF_005860795.2
588	:	1770321182.238	     0.907	0	54	0	0	write_iso_sources /home/kcw2/data/genome_db/GCF_001889045.1
596	:	1770321182.393	     0.754	0	54	0	0	write_iso_sources /home/kcw2/data/genome_db/GCF_011100465.1
580	:	1770321182.124	     1.036	0	54	0	0	write_iso_sources /home/kcw2/data/genome_db/GCF_030060555.1
575	:	1770321181.990	     1.193	0	54	0	0	write_iso_sources /home/kcw2/data/genome_db/GCF_029718635.1
571	:	1770321181.899	     1.312	0	54	0	0	write_iso_sources /home/kcw2/data/genome_db/GCF_043969345.1
579	:	1770321182.111	     1.102	0	54	0	0	write_iso_sources /home/kcw2/data/genome_db/GCF_030060535.1
576	:	1770321182.004	     1.228	0	54	0	0	write_iso_sources /home/kcw2/data/genome_db/GCF_029834495.1
593	:	1770321182.327	     0.907	0	54	0	0	write_iso_sources /home/kcw2/data/genome_db/GCF_030296695.1
602	:	1770321182.509	     0.738	0	54	0	0	write_iso_sources /home/kcw2/data/genome_db/GCF_001717585.1
573	:	1770321181.960	     1.318	0	54	0	0	write_iso_sources /home/kcw2/data/genome_db/GCF_014490845.1
582	:	1770321182.151	     1.144	0	54	0	0	write_iso_sources /home/kcw2/data/genome_db/GCF_003970735.1
587	:	1770321182.227	     1.071	0	54	0	0	write_iso_sources /home/kcw2/data/genome_db/GCF_001856665.1
583	:	1770321182.170	     1.157	0	54	0	0	write_iso_sources /home/kcw2/data/genome_db/GCF_001746835.1
574	:	1770321181.979	     1.358	0	54	0	0	write_iso_sources /home/kcw2/data/genome_db/GCF_014524505.1
597	:	1770321182.406	     1.046	0	54	0	0	write_iso_sources /home/kcw2/data/genome_db/GCF_027498035.1
609	:	1770321182.713	     0.763	0	54	0	0	write_iso_sources /home/kcw2/data/genome_db/GCF_019357575.1
594	:	1770321182.342	     1.150	0	54	0	0	write_iso_sources /home/kcw2/data/genome_db/GCF_002499975.2
610	:	1770321182.729	     0.779	0	54	0	0	write_iso_sources /home/kcw2/data/genome_db/GCF_019357695.1
606	:	1770321182.662	     0.870	0	54	0	0	write_iso_sources /home/kcw2/data/genome_db/GCF_025244745.1
618	:	1770321183.046	     0.510	0	54	0	0	write_iso_sources /home/kcw2/data/genome_db/GCF_003609975.1
601	:	1770321182.484	     1.092	0	54	0	0	write_iso_sources /home/kcw2/data/genome_db/GCF_007954585.1
599	:	1770321182.450	     1.213	0	54	0	0	write_iso_sources /home/kcw2/data/genome_db/GCF_001854125.1
581	:	1770321182.136	     1.544	0	54	0	0	write_iso_sources /home/kcw2/data/genome_db/GCF_003597675.1
605	:	1770321182.645	     1.051	0	54	0	0	write_iso_sources /home/kcw2/data/genome_db/GCF_965201105.1
615	:	1770321182.987	     0.723	0	54	0	0	write_iso_sources /home/kcw2/data/genome_db/GCF_001889025.1
638	:	1770321183.355	     0.371	0	54	0	0	write_iso_sources /home/kcw2/data/genome_db/GCF_900239975.1
637	:	1770321183.346	     0.396	0	54	0	0	write_iso_sources /home/kcw2/data/genome_db/GCF_900239945.1
645	:	1770321183.491	     0.263	0	54	0	0	write_iso_sources /home/kcw2/data/genome_db/GCF_002776555.1
598	:	1770321182.421	     1.348	0	54	0	0	write_iso_sources /home/kcw2/data/genome_db/GCF_035192205.1
614	:	1770321182.969	     0.802	0	54	0	0	write_iso_sources /home/kcw2/data/genome_db/GCF_027286385.1
646	:	1770321183.509	     0.274	0	54	0	0	write_iso_sources /home/kcw2/data/genome_db/GCF_037013425.1
631	:	1770321183.247	     0.549	0	54	0	0	write_iso_sources /home/kcw2/data/genome_db/GCF_038381585.1
613	:	1770321182.948	     0.881	0	54	0	0	write_iso_sources /home/kcw2/data/genome_db/GCF_027286345.1
632	:	1770321183.260	     0.574	0	54	0	0	write_iso_sources /home/kcw2/data/genome_db/GCF_039644985.1
621	:	1770321183.085	     0.767	0	54	0	0	write_iso_sources /home/kcw2/data/genome_db/GCF_965228985.1
566	:	1770321181.798	     2.088	0	54	0	0	write_iso_sources /home/kcw2/data/genome_db/GCF_001557535.2
620	:	1770321183.076	     0.828	0	54	0	0	write_iso_sources /home/kcw2/data/genome_db/GCF_002795805.1
622	:	1770321183.101	     0.807	0	54	0	0	write_iso_sources /home/kcw2/data/genome_db/GCF_965249665.1
619	:	1770321183.066	     0.882	0	54	0	0	write_iso_sources /home/kcw2/data/genome_db/GCF_001908835.1
643	:	1770321183.440	     0.543	0	54	0	0	write_iso_sources /home/kcw2/data/genome_db/GCF_003966955.1
589	:	1770321182.259	     1.743	0	54	0	0	write_iso_sources /home/kcw2/data/genome_db/GCF_001661075.1
659	:	1770321183.796	     0.242	0	54	0	0	write_iso_sources /home/kcw2/data/genome_db/GCF_964019855.1
633	:	1770321183.278	     0.814	0	54	0	0	write_iso_sources /home/kcw2/data/genome_db/GCF_002105555.1
611	:	1770321182.830	     1.315	0	54	0	0	write_iso_sources /home/kcw2/data/genome_db/GCF_003628635.1
617	:	1770321183.031	     1.136	0	54	0	0	write_iso_sources /home/kcw2/data/genome_db/GCF_002863865.1
612	:	1770321182.897	     1.300	0	54	0	0	write_iso_sources /home/kcw2/data/genome_db/GCF_003628655.1
616	:	1770321183.007	     1.233	0	54	0	0	write_iso_sources /home/kcw2/data/genome_db/GCF_037482245.1
653	:	1770321183.706	     0.534	0	54	0	0	write_iso_sources /home/kcw2/data/genome_db/GCF_965262185.1
625	:	1770321183.160	     1.121	0	54	0	0	write_iso_sources /home/kcw2/data/genome_db/GCF_025264665.1
642	:	1770321183.420	     0.930	0	54	0	0	write_iso_sources /home/kcw2/data/genome_db/GCF_963931295.1
636	:	1770321183.338	     1.050	0	54	0	0	write_iso_sources /home/kcw2/data/genome_db/GCF_963682195.1
608	:	1770321182.691	     1.736	0	54	0	0	write_iso_sources /home/kcw2/data/genome_db/GCF_965196975.1
590	:	1770321182.271	     2.196	0	54	0	0	write_iso_sources /home/kcw2/data/genome_db/GCF_037071415.1
661	:	1770321183.830	     0.646	0	54	0	0	write_iso_sources /home/kcw2/data/genome_db/GCF_002849775.1
634	:	1770321183.294	     1.208	0	54	0	0	write_iso_sources /home/kcw2/data/genome_db/GCF_040536835.1
648	:	1770321183.557	     0.979	0	54	0	0	write_iso_sources /home/kcw2/data/genome_db/GCF_030534335.1
635	:	1770321183.328	     1.240	0	54	0	0	write_iso_sources /home/kcw2/data/genome_db/GCF_963668235.1
626	:	1770321183.174	     1.437	0	54	0	0	write_iso_sources /home/kcw2/data/genome_db/GCF_001952815.1
650	:	1770321183.596	     1.052	0	54	0	0	write_iso_sources /home/kcw2/data/genome_db/GCF_026240635.1
627	:	1770321183.182	     1.486	0	54	0	0	write_iso_sources /home/kcw2/data/genome_db/GCF_965140465.1
607	:	1770321182.677	     2.027	0	54	0	0	write_iso_sources /home/kcw2/data/genome_db/GCF_001983935.1
640	:	1770321183.381	     1.326	0	54	0	0	write_iso_sources /home/kcw2/data/genome_db/GCF_047947065.1
663	:	1770321183.865	     0.844	0	54	0	0	write_iso_sources /home/kcw2/data/genome_db/GCF_003692615.1
623	:	1770321183.123	     1.623	0	54	0	0	write_iso_sources /home/kcw2/data/genome_db/GCF_007741495.1
628	:	1770321183.195	     1.569	0	54	0	0	write_iso_sources /home/kcw2/data/genome_db/GCF_965212175.1
654	:	1770321183.722	     1.062	0	54	0	0	write_iso_sources /home/kcw2/data/genome_db/GCF_025340265.1
629	:	1770321183.211	     1.600	0	54	0	0	write_iso_sources /home/kcw2/data/genome_db/GCF_008119665.1
647	:	1770321183.531	     1.436	0	54	0	0	write_iso_sources /home/kcw2/data/genome_db/GCF_010977555.1
649	:	1770321183.576	     1.404	0	54	0	0	write_iso_sources /home/kcw2/data/genome_db/GCF_026802175.1
630	:	1770321183.232	     1.762	0	54	0	0	write_iso_sources /home/kcw2/data/genome_db/GCF_021283075.2
644	:	1770321183.463	     1.550	0	54	0	0	write_iso_sources /home/kcw2/data/genome_db/GCF_016695175.1
672	:	1770321184.106	     0.917	0	54	0	0	write_iso_sources /home/kcw2/data/genome_db/GCF_003325455.1
660	:	1770321183.808	     1.220	0	54	0	0	write_iso_sources /home/kcw2/data/genome_db/GCF_003425985.1
641	:	1770321183.403	     1.687	0	54	0	0	write_iso_sources /home/kcw2/data/genome_db/GCF_003184205.1
655	:	1770321183.742	     1.351	0	54	0	0	write_iso_sources /home/kcw2/data/genome_db/GCF_042137985.1
624	:	1770321183.141	     1.990	0	54	0	0	write_iso_sources /home/kcw2/data/genome_db/GCF_007741555.1
676	:	1770321184.259	     0.884	0	54	0	0	write_iso_sources /home/kcw2/data/genome_db/GCF_965233775.1
670	:	1770321184.038	     1.128	0	54	0	0	write_iso_sources /home/kcw2/data/genome_db/GCF_025266735.1
675	:	1770321184.215	     0.970	0	54	0	0	write_iso_sources /home/kcw2/data/genome_db/GCF_965232305.1
662	:	1770321183.852	     1.348	0	54	0	0	write_iso_sources /home/kcw2/data/genome_db/GCF_965279055.1
656	:	1770321183.754	     1.463	0	54	0	0	write_iso_sources /home/kcw2/data/genome_db/GCF_046272075.1
667	:	1770321183.949	     1.291	0	54	0	0	write_iso_sources /home/kcw2/data/genome_db/GCF_002741635.1
652	:	1770321183.690	     1.566	0	54	0	0	write_iso_sources /home/kcw2/data/genome_db/GCF_002117725.1
669	:	1770321184.000	     1.282	0	54	0	0	write_iso_sources /home/kcw2/data/genome_db/GCF_025266575.1
657	:	1770321183.769	     1.536	0	54	0	0	write_iso_sources /home/kcw2/data/genome_db/GCF_038971285.1
684	:	1770321184.536	     0.789	0	54	0	0	write_iso_sources /home/kcw2/data/genome_db/GCF_003065405.1
683	:	1770321184.520	     0.822	0	54	0	0	write_iso_sources /home/kcw2/data/genome_db/GCF_002953415.1
680	:	1770321184.403	     0.951	0	54	0	0	write_iso_sources /home/kcw2/data/genome_db/GCF_005490985.1
639	:	1770321183.369	     2.006	0	54	0	0	write_iso_sources /home/kcw2/data/genome_db/GCF_002080455.1
651	:	1770321183.679	     1.726	0	54	0	0	write_iso_sources /home/kcw2/data/genome_db/GCF_000172795.2
668	:	1770321183.970	     1.509	0	54	0	0	write_iso_sources /home/kcw2/data/genome_db/GCF_002753995.1
679	:	1770321184.363	     1.138	0	54	0	0	write_iso_sources /home/kcw2/data/genome_db/GCF_002893765.1
677	:	1770321184.281	     1.373	0	54	0	0	write_iso_sources /home/kcw2/data/genome_db/GCF_002880615.1
716	:	1770321185.355	     0.299	0	54	0	0	write_iso_sources /home/kcw2/data/genome_db/GCF_005080965.1
665	:	1770321183.904	     1.763	0	54	0	0	write_iso_sources /home/kcw2/data/genome_db/GCF_002752675.1
685	:	1770321184.548	     1.120	0	54	0	0	write_iso_sources /home/kcw2/data/genome_db/GCF_003151255.1
689	:	1770321184.705	     1.014	0	54	0	0	write_iso_sources /home/kcw2/data/genome_db/GCF_003612895.1
666	:	1770321183.928	     1.858	0	54	0	0	write_iso_sources /home/kcw2/data/genome_db/GCF_022811105.1
674	:	1770321184.182	     1.607	0	54	0	0	write_iso_sources /home/kcw2/data/genome_db/GCF_013735435.1
718	:	1770321185.396	     0.402	0	54	0	0	write_iso_sources /home/kcw2/data/genome_db/GCA_035091345.1
710	:	1770321185.234	     0.577	0	54	0	0	write_iso_sources /home/kcw2/data/genome_db/GCF_022569675.1
696	:	1770321184.850	     0.978	0	54	0	0	write_iso_sources /home/kcw2/data/genome_db/GCF_003096015.2
709	:	1770321185.216	     0.649	0	54	0	0	write_iso_sources /home/kcw2/data/genome_db/GCF_022569655.1
687	:	1770321184.625	     1.270	0	54	0	0	write_iso_sources /home/kcw2/data/genome_db/GCF_004355245.1
719	:	1770321185.434	     0.463	0	54	0	0	write_iso_sources /home/kcw2/data/genome_db/GCA_035104495.1
678	:	1770321184.304	     1.641	0	54	0	0	write_iso_sources /home/kcw2/data/genome_db/GCF_012913645.1
682	:	1770321184.502	     1.482	0	54	0	0	write_iso_sources /home/kcw2/data/genome_db/GCF_004124275.1
698	:	1770321184.995	     0.992	0	54	0	0	write_iso_sources /home/kcw2/data/genome_db/GCF_003234795.2
720	:	1770321185.500	     0.487	0	54	0	0	write_iso_sources /home/kcw2/data/genome_db/GCA_035117175.1
700	:	1770321185.044	     0.953	0	54	0	0	write_iso_sources /home/kcw2/data/genome_db/GCF_009707285.1
721	:	1770321185.521	     0.496	0	54	0	0	write_iso_sources /home/kcw2/data/genome_db/GCA_035125245.1
658	:	1770321183.784	     2.246	0	54	0	0	write_iso_sources /home/kcw2/data/genome_db/GCF_002278075.1
697	:	1770321184.980	     1.052	0	54	0	0	write_iso_sources /home/kcw2/data/genome_db/GCF_003234655.2
713	:	1770321185.305	     0.726	0	54	0	0	write_iso_sources /home/kcw2/data/genome_db/GCF_009734445.1
686	:	1770321184.584	     1.457	0	54	0	0	write_iso_sources /home/kcw2/data/genome_db/GCF_002947975.1
693	:	1770321184.784	     1.274	0	54	0	0	write_iso_sources /home/kcw2/data/genome_db/GCF_003051885.1
671	:	1770321184.062	     2.006	0	54	0	0	write_iso_sources /home/kcw2/data/genome_db/GCF_002831565.1
681	:	1770321184.440	     1.654	0	54	0	0	write_iso_sources /home/kcw2/data/genome_db/GCF_023520895.1
724	:	1770321185.719	     0.403	0	54	0	0	write_iso_sources /home/kcw2/data/genome_db/GCA_035181725.1
712	:	1770321185.283	     0.855	0	54	0	0	write_iso_sources /home/kcw2/data/genome_db/GCF_040960415.1
722	:	1770321185.668	     0.474	0	54	0	0	write_iso_sources /home/kcw2/data/genome_db/GCA_035145775.1
706	:	1770321185.158	     1.020	0	54	0	0	write_iso_sources /home/kcw2/data/genome_db/GCF_003355005.1
699	:	1770321185.011	     1.180	0	54	0	0	write_iso_sources /home/kcw2/data/genome_db/GCF_965233835.1
717	:	1770321185.376	     0.817	0	54	0	0	write_iso_sources /home/kcw2/data/genome_db/GCF_003595195.1
673	:	1770321184.167	     2.039	0	54	0	0	write_iso_sources /home/kcw2/data/genome_db/GCF_013734595.1
723	:	1770321185.690	     0.517	0	54	0	0	write_iso_sources /home/kcw2/data/genome_db/GCA_035169165.1
726	:	1770321185.758	     0.451	0	54	0	0	write_iso_sources /home/kcw2/data/genome_db/GCA_035182565.1
695	:	1770321184.831	     1.405	0	54	0	0	write_iso_sources /home/kcw2/data/genome_db/GCF_003063625.1
728	:	1770321185.810	     0.429	0	54	0	0	write_iso_sources /home/kcw2/data/genome_db/GCA_035183405.1
729	:	1770321185.827	     0.414	0	54	0	0	write_iso_sources /home/kcw2/data/genome_db/GCA_035183825.1
664	:	1770321183.886	     2.380	0	54	0	0	write_iso_sources /home/kcw2/data/genome_db/GCF_048572725.1
725	:	1770321185.743	     0.523	0	54	0	0	write_iso_sources /home/kcw2/data/genome_db/GCA_035182145.1
727	:	1770321185.798	     0.478	0	54	0	0	write_iso_sources /home/kcw2/data/genome_db/GCA_035182985.1
732	:	1770321185.877	     0.412	0	54	0	0	write_iso_sources /home/kcw2/data/genome_db/GCA_035185545.1
707	:	1770321185.184	     1.125	0	54	0	0	write_iso_sources /home/kcw2/data/genome_db/GCF_905367725.1
731	:	1770321185.866	     0.445	0	54	0	0	write_iso_sources /home/kcw2/data/genome_db/GCA_035184785.1
703	:	1770321185.116	     1.212	0	54	0	0	write_iso_sources /home/kcw2/data/genome_db/GCF_008274865.1
708	:	1770321185.200	     1.161	0	54	0	0	write_iso_sources /home/kcw2/data/genome_db/GCF_905367735.1
691	:	1770321184.746	     1.628	0	54	0	0	write_iso_sources /home/kcw2/data/genome_db/GCF_003852315.1
730	:	1770321185.847	     0.528	0	54	0	0	write_iso_sources /home/kcw2/data/genome_db/GCA_035184325.1
692	:	1770321184.764	     1.621	0	54	0	0	write_iso_sources /home/kcw2/data/genome_db/GCF_003019815.1
711	:	1770321185.257	     1.161	0	54	0	0	write_iso_sources /home/kcw2/data/genome_db/GCF_030388345.1
704	:	1770321185.131	     1.330	0	54	0	0	write_iso_sources /home/kcw2/data/genome_db/GCF_008274885.1
715	:	1770321185.343	     1.139	0	54	0	0	write_iso_sources /home/kcw2/data/genome_db/GCF_049177075.1
688	:	1770321184.668	     1.838	0	54	0	0	write_iso_sources /home/kcw2/data/genome_db/GCF_011769525.1
690	:	1770321184.728	     1.799	0	54	0	0	write_iso_sources /home/kcw2/data/genome_db/GCF_005490965.1
714	:	1770321185.325	     1.205	0	54	0	0	write_iso_sources /home/kcw2/data/genome_db/GCF_037890675.1
747	:	1770321186.191	     0.391	0	54	0	0	write_iso_sources /home/kcw2/data/genome_db/GCF_030440275.2
759	:	1770321186.351	     0.316	0	54	0	0	write_iso_sources /home/kcw2/data/genome_db/GCF_019056495.1
694	:	1770321184.811	     1.875	0	54	0	0	write_iso_sources /home/kcw2/data/genome_db/GCF_004104485.1
746	:	1770321186.178	     0.532	0	54	0	0	write_iso_sources /home/kcw2/data/genome_db/GCF_003627135.1
762	:	1770321186.386	     0.476	0	54	0	0	write_iso_sources /home/kcw2/data/genome_db/GCF_013283855.1
735	:	1770321185.985	     0.889	0	54	0	0	write_iso_sources /home/kcw2/data/genome_db/GCA_025792635.1
702	:	1770321185.078	     1.842	0	54	0	0	write_iso_sources /home/kcw2/data/genome_db/GCF_003945505.1
705	:	1770321185.144	     1.789	0	54	0	0	write_iso_sources /home/kcw2/data/genome_db/GCF_049561255.1
767	:	1770321186.482	     0.453	0	54	0	0	write_iso_sources /home/kcw2/data/genome_db/GCF_042995895.1
776	:	1770321186.654	     0.282	0	54	0	0	write_iso_sources /home/kcw2/data/genome_db/GCF_013487785.1
738	:	1770321186.042	     0.906	0	54	0	0	write_iso_sources /home/kcw2/data/genome_db/GCA_044788395.1
766	:	1770321186.461	     0.575	0	54	0	0	write_iso_sources /home/kcw2/data/genome_db/GCF_003326015.1
743	:	1770321186.122	     0.944	0	54	0	0	write_iso_sources /home/kcw2/data/genome_db/GCA_042165515.2
741	:	1770321186.084	     1.001	0	54	0	0	write_iso_sources /home/kcw2/data/genome_db/GCA_021387855.2
737	:	1770321186.016	     1.092	0	54	0	0	write_iso_sources /home/kcw2/data/genome_db/GCA_902825215.1
770	:	1770321186.544	     0.586	0	54	0	0	write_iso_sources /home/kcw2/data/genome_db/GCF_018685415.1
701	:	1770321185.063	     2.071	0	54	0	0	write_iso_sources /home/kcw2/data/genome_db/GCF_003945545.1
742	:	1770321186.094	     1.041	0	54	0	0	write_iso_sources /home/kcw2/data/genome_db/GCA_036320755.1
771	:	1770321186.556	     0.638	0	54	0	0	write_iso_sources /home/kcw2/data/genome_db/GCF_018685455.1
744	:	1770321186.138	     1.069	0	54	0	0	write_iso_sources /home/kcw2/data/genome_db/GCA_043647495.2
769	:	1770321186.527	     0.703	0	54	0	0	write_iso_sources /home/kcw2/data/genome_db/GCF_023921165.1
758	:	1770321186.339	     0.997	0	54	0	0	write_iso_sources /home/kcw2/data/genome_db/GCF_004022485.1
739	:	1770321186.058	     1.319	0	54	0	0	write_iso_sources /home/kcw2/data/genome_db/GCA_047731285.1
745	:	1770321186.161	     1.243	0	54	0	0	write_iso_sources /home/kcw2/data/genome_db/GCF_003595175.1
748	:	1770321186.206	     1.208	0	54	0	0	write_iso_sources /home/kcw2/data/genome_db/GCF_045037765.1
768	:	1770321186.506	     0.911	0	54	0	0	write_iso_sources /home/kcw2/data/genome_db/GCF_003143535.1
736	:	1770321185.997	     1.436	0	54	0	0	write_iso_sources /home/kcw2/data/genome_db/GCA_036872625.1
733	:	1770321185.921	     1.532	0	54	0	0	write_iso_sources /home/kcw2/data/genome_db/GCA_016923395.2
778	:	1770321186.683	     0.773	0	54	0	0	write_iso_sources /home/kcw2/data/genome_db/GCF_024181285.1
784	:	1770321186.949	     0.508	0	54	0	0	write_iso_sources /home/kcw2/data/genome_db/GCF_012889415.1
752	:	1770321186.265	     1.213	0	54	0	0	write_iso_sources /home/kcw2/data/genome_db/GCF_003815675.1
753	:	1770321186.277	     1.213	0	54	0	0	write_iso_sources /home/kcw2/data/genome_db/GCF_003815655.1
764	:	1770321186.418	     1.082	0	54	0	0	write_iso_sources /home/kcw2/data/genome_db/GCF_006740705.1
749	:	1770321186.223	     1.305	0	54	0	0	write_iso_sources /home/kcw2/data/genome_db/GCF_045819115.1
785	:	1770321186.960	     0.569	0	54	0	0	write_iso_sources /home/kcw2/data/genome_db/GCF_012889595.1
754	:	1770321186.289	     1.240	0	54	0	0	write_iso_sources /home/kcw2/data/genome_db/GCF_045037855.1
751	:	1770321186.252	     1.316	0	54	0	0	write_iso_sources /home/kcw2/data/genome_db/GCF_004006175.1
777	:	1770321186.668	     0.901	0	54	0	0	write_iso_sources /home/kcw2/data/genome_db/GCF_013168275.1
756	:	1770321186.309	     1.292	0	54	0	0	write_iso_sources /home/kcw2/data/genome_db/GCF_009728565.1
750	:	1770321186.237	     1.381	0	54	0	0	write_iso_sources /home/kcw2/data/genome_db/GCF_003691565.1
755	:	1770321186.300	     1.331	0	54	0	0	write_iso_sources /home/kcw2/data/genome_db/GCF_045037945.1
779	:	1770321186.710	     0.922	0	54	0	0	write_iso_sources /home/kcw2/data/genome_db/GCF_024181305.1
773	:	1770321186.602	     1.049	0	54	0	0	write_iso_sources /home/kcw2/data/genome_db/GCF_007747445.1
734	:	1770321185.945	     1.743	0	54	0	0	write_iso_sources /home/kcw2/data/genome_db/GCA_021664795.2
740	:	1770321186.068	     1.657	0	54	0	0	write_iso_sources /home/kcw2/data/genome_db/GCA_021391695.1
763	:	1770321186.402	     1.365	0	54	0	0	write_iso_sources /home/kcw2/data/genome_db/GCF_007363175.1
765	:	1770321186.441	     1.355	0	54	0	0	write_iso_sources /home/kcw2/data/genome_db/GCF_017915135.1
787	:	1770321186.996	     0.836	0	54	0	0	write_iso_sources /home/kcw2/data/genome_db/GCF_006016075.1
772	:	1770321186.583	     1.265	0	54	0	0	write_iso_sources /home/kcw2/data/genome_db/GCF_007752345.1
757	:	1770321186.328	     1.567	0	54	0	0	write_iso_sources /home/kcw2/data/genome_db/GCF_023518355.1
786	:	1770321186.977	     0.936	0	54	0	0	write_iso_sources /home/kcw2/data/genome_db/GCF_005280295.1
796	:	1770321187.220	     0.832	0	54	0	0	write_iso_sources /home/kcw2/data/genome_db/GCF_006542685.1
782	:	1770321186.889	     1.213	0	54	0	0	write_iso_sources /home/kcw2/data/genome_db/GCF_005484805.1
774	:	1770321186.614	     1.504	0	54	0	0	write_iso_sources /home/kcw2/data/genome_db/GCF_013343155.1
775	:	1770321186.631	     1.493	0	54	0	0	write_iso_sources /home/kcw2/data/genome_db/GCF_004353845.1
797	:	1770321187.251	     0.924	0	54	0	0	write_iso_sources /home/kcw2/data/genome_db/GCF_006349365.1
780	:	1770321186.748	     1.446	0	54	0	0	write_iso_sources /home/kcw2/data/genome_db/GCF_024748895.1
760	:	1770321186.362	     1.862	0	54	0	0	write_iso_sources /home/kcw2/data/genome_db/GCF_042980055.1
761	:	1770321186.373	     1.883	0	54	0	0	write_iso_sources /home/kcw2/data/genome_db/GCF_045013515.1
795	:	1770321187.207	     1.096	0	54	0	0	write_iso_sources /home/kcw2/data/genome_db/GCF_030323785.1
794	:	1770321187.193	     1.149	0	54	0	0	write_iso_sources /home/kcw2/data/genome_db/GCF_030323765.1
793	:	1770321187.178	     1.191	0	54	0	0	write_iso_sources /home/kcw2/data/genome_db/GCF_004919425.1
792	:	1770321187.161	     1.224	0	54	0	0	write_iso_sources /home/kcw2/data/genome_db/GCF_004919405.1
834	:	1770321188.246	     0.144	0	54	0	0	write_iso_sources /home/kcw2/data/genome_db/GCF_016593055.1
798	:	1770321187.351	     1.080	0	54	0	0	write_iso_sources /home/kcw2/data/genome_db/GCF_009363735.1
781	:	1770321186.874	     1.606	0	54	0	0	write_iso_sources /home/kcw2/data/genome_db/GCF_024749105.1
799	:	1770321187.391	     1.105	0	54	0	0	write_iso_sources /home/kcw2/data/genome_db/GCF_009363715.1
788	:	1770321187.052	     1.624	0	54	0	0	write_iso_sources /home/kcw2/data/genome_db/GCF_005937945.2
822	:	1770321187.784	     0.899	0	54	0	0	write_iso_sources /home/kcw2/data/genome_db/GCF_008807395.1
801	:	1770321187.433	     1.296	0	54	0	0	write_iso_sources /home/kcw2/data/genome_db/GCF_009363275.1
817	:	1770321187.688	     1.085	0	54	0	0	write_iso_sources /home/kcw2/data/genome_db/GCF_022832715.1
791	:	1770321187.130	     1.663	0	54	0	0	write_iso_sources /home/kcw2/data/genome_db/GCF_007833915.1
812	:	1770321187.601	     1.197	0	54	0	0	write_iso_sources /home/kcw2/data/genome_db/GCF_026278245.1
790	:	1770321187.108	     1.707	0	54	0	0	write_iso_sources /home/kcw2/data/genome_db/GCF_005862305.2
806	:	1770321187.501	     1.348	0	54	0	0	write_iso_sources /home/kcw2/data/genome_db/GCF_041861315.1
807	:	1770321187.511	     1.363	0	54	0	0	write_iso_sources /home/kcw2/data/genome_db/GCF_041861485.1
818	:	1770321187.706	     1.192	0	54	0	0	write_iso_sources /home/kcw2/data/genome_db/GCF_007922615.2
805	:	1770321187.491	     1.412	0	54	0	0	write_iso_sources /home/kcw2/data/genome_db/GCF_041765335.1
802	:	1770321187.452	     1.507	0	54	0	0	write_iso_sources /home/kcw2/data/genome_db/GCF_006439395.2
813	:	1770321187.618	     1.358	0	54	0	0	write_iso_sources /home/kcw2/data/genome_db/GCF_006777045.1
820	:	1770321187.743	     1.233	0	54	0	0	write_iso_sources /home/kcw2/data/genome_db/GCF_009914315.1
816	:	1770321187.672	     1.315	0	54	0	0	write_iso_sources /home/kcw2/data/genome_db/GCF_046581305.1
808	:	1770321187.527	     1.460	0	54	0	0	write_iso_sources /home/kcw2/data/genome_db/GCF_041903085.1
809	:	1770321187.549	     1.440	0	54	0	0	write_iso_sources /home/kcw2/data/genome_db/GCF_041903215.1
836	:	1770321188.321	     0.668	0	54	0	0	write_iso_sources /home/kcw2/data/genome_db/GCF_002763735.1
837	:	1770321188.359	     0.631	0	54	0	0	write_iso_sources /home/kcw2/data/genome_db/GCF_002763775.1
804	:	1770321187.479	     1.521	0	54	0	0	write_iso_sources /home/kcw2/data/genome_db/GCF_041753685.1
810	:	1770321187.569	     1.453	0	54	0	0	write_iso_sources /home/kcw2/data/genome_db/GCF_041926935.1
789	:	1770321187.081	     1.963	0	54	0	0	write_iso_sources /home/kcw2/data/genome_db/GCF_005937905.2
825	:	1770321187.871	     1.208	0	54	0	0	write_iso_sources /home/kcw2/data/genome_db/GCF_008275125.1
803	:	1770321187.467	     1.638	0	54	0	0	write_iso_sources /home/kcw2/data/genome_db/GCF_006440675.2
826	:	1770321187.913	     1.194	0	54	0	0	write_iso_sources /home/kcw2/data/genome_db/GCF_008632455.1
832	:	1770321188.186	     0.923	0	54	0	0	write_iso_sources /home/kcw2/data/genome_db/GCF_035188445.1
811	:	1770321187.584	     1.526	0	54	0	0	write_iso_sources /home/kcw2/data/genome_db/GCF_041927005.1
833	:	1770321188.208	     0.906	0	54	0	0	write_iso_sources /home/kcw2/data/genome_db/GCF_016864195.1
835	:	1770321188.279	     0.835	0	54	0	0	write_iso_sources /home/kcw2/data/genome_db/GCF_016132445.1
828	:	1770321188.077	     1.055	0	54	0	0	write_iso_sources /home/kcw2/data/genome_db/GCF_014899185.1
841	:	1770321188.445	     0.690	0	54	0	0	write_iso_sources /home/kcw2/data/genome_db/GCA_040215705.1
840	:	1770321188.429	     0.738	0	54	0	0	write_iso_sources /home/kcw2/data/genome_db/GCF_017357825.1
831	:	1770321188.145	     1.055	0	54	0	0	write_iso_sources /home/kcw2/data/genome_db/GCF_009017495.1
824	:	1770321187.847	     1.372	0	54	0	0	write_iso_sources /home/kcw2/data/genome_db/GCF_965227365.1
821	:	1770321187.760	     1.539	0	54	0	0	write_iso_sources /home/kcw2/data/genome_db/GCF_029910235.1
800	:	1770321187.415	     1.886	0	54	0	0	write_iso_sources /home/kcw2/data/genome_db/GCF_009363315.1
823	:	1770321187.818	     1.514	0	54	0	0	write_iso_sources /home/kcw2/data/genome_db/GCF_009827115.1
819	:	1770321187.725	     1.706	0	54	0	0	write_iso_sources /home/kcw2/data/genome_db/GCF_008253865.1
838	:	1770321188.386	     1.046	0	54	0	0	write_iso_sources /home/kcw2/data/genome_db/GCF_009906915.1
842	:	1770321188.497	     0.953	0	54	0	0	write_iso_sources /home/kcw2/data/genome_db/GCA_008810175.1
856	:	1770321188.987	     0.473	0	54	0	0	write_iso_sources /home/kcw2/data/genome_db/GCA_032288005.1
839	:	1770321188.415	     1.085	0	54	0	0	write_iso_sources /home/kcw2/data/genome_db/GCF_009664835.1
843	:	1770321188.509	     1.004	0	54	0	0	write_iso_sources /home/kcw2/data/genome_db/GCA_008815295.1
844	:	1770321188.698	     0.926	0	54	0	0	write_iso_sources /home/kcw2/data/genome_db/GCA_008816915.1
845	:	1770321188.723	     0.902	0	54	0	0	write_iso_sources /home/kcw2/data/genome_db/GCA_008820625.1
848	:	1770321188.815	     0.909	0	54	0	0	write_iso_sources /home/kcw2/data/genome_db/GCA_008822445.1
783	:	1770321186.934	     2.828	0	54	0	0	write_iso_sources /home/kcw2/data/genome_db/GCF_005144635.2
827	:	1770321187.926	     1.856	0	54	0	0	write_iso_sources /home/kcw2/data/genome_db/GCF_009720525.1
847	:	1770321188.794	     0.990	0	54	0	0	write_iso_sources /home/kcw2/data/genome_db/GCA_008821925.1
852	:	1770321188.886	     0.913	0	54	0	0	write_iso_sources /home/kcw2/data/genome_db/GCA_028747705.1
829	:	1770321188.119	     1.700	0	54	0	0	write_iso_sources /home/kcw2/data/genome_db/GCF_030016165.2
846	:	1770321188.750	     1.098	0	54	0	0	write_iso_sources /home/kcw2/data/genome_db/GCA_008821505.1
849	:	1770321188.831	     1.020	0	54	0	0	write_iso_sources /home/kcw2/data/genome_db/GCA_008822865.1
855	:	1770321188.976	     0.914	0	54	0	0	write_iso_sources /home/kcw2/data/genome_db/GCA_030254205.1
854	:	1770321188.923	     1.007	0	54	0	0	write_iso_sources /home/kcw2/data/genome_db/GCA_030253785.1
853	:	1770321188.913	     1.054	0	54	0	0	write_iso_sources /home/kcw2/data/genome_db/GCA_030253175.1
857	:	1770321189.001	     0.991	0	54	0	0	write_iso_sources /home/kcw2/data/genome_db/GCA_042465315.1
851	:	1770321188.871	     1.125	0	54	0	0	write_iso_sources /home/kcw2/data/genome_db/GCA_022407475.1
858	:	1770321189.023	     0.976	0	54	0	0	write_iso_sources /home/kcw2/data/genome_db/GCA_042465595.1
865	:	1770321189.133	     0.868	0	54	0	0	write_iso_sources /home/kcw2/data/genome_db/GCA_009937725.1
850	:	1770321188.845	     1.170	0	54	0	0	write_iso_sources /home/kcw2/data/genome_db/GCA_013168635.1
870	:	1770321189.186	     0.831	0	54	0	0	write_iso_sources /home/kcw2/data/genome_db/GCA_010272415.1
874	:	1770321189.254	     0.765	0	54	0	0	write_iso_sources /home/kcw2/data/genome_db/GCA_013749295.1
860	:	1770321189.059	     0.992	0	54	0	0	write_iso_sources /home/kcw2/data/genome_db/GCA_050562345.1
864	:	1770321189.106	     0.979	0	54	0	0	write_iso_sources /home/kcw2/data/genome_db/GCA_050595945.1
861	:	1770321189.070	     1.044	0	54	0	0	write_iso_sources /home/kcw2/data/genome_db/GCA_050562555.1
863	:	1770321189.090	     1.025	0	54	0	0	write_iso_sources /home/kcw2/data/genome_db/GCA_050562975.1
830	:	1770321188.134	     2.008	0	54	0	0	write_iso_sources /home/kcw2/data/genome_db/GCF_046195355.1
859	:	1770321189.045	     1.126	0	54	0	0	write_iso_sources /home/kcw2/data/genome_db/GCA_047323505.1
896	:	1770321189.890	     0.326	0	54	0	0	write_iso_sources /home/kcw2/data/genome_db/GCF_014857065.1
862	:	1770321189.080	     1.159	0	54	0	0	write_iso_sources /home/kcw2/data/genome_db/GCA_050562765.1
814	:	1770321187.631	     2.649	0	54	0	0	write_iso_sources /home/kcw2/data/genome_db/GCF_007113405.2
815	:	1770321187.651	     2.713	0	54	0	0	write_iso_sources /home/kcw2/data/genome_db/GCF_007113525.2
866	:	1770321189.143	     1.230	0	54	0	0	write_iso_sources /home/kcw2/data/genome_db/GCA_905219205.2
868	:	1770321189.166	     1.208	0	54	0	0	write_iso_sources /home/kcw2/data/genome_db/GCA_905331215.2
869	:	1770321189.177	     1.197	0	54	0	0	write_iso_sources /home/kcw2/data/genome_db/GCA_008027975.1
867	:	1770321189.154	     1.299	0	54	0	0	write_iso_sources /home/kcw2/data/genome_db/GCA_905232815.2
878	:	1770321189.315	     1.141	0	54	0	0	write_iso_sources /home/kcw2/data/genome_db/GCA_013816205.1
880	:	1770321189.346	     1.111	0	54	0	0	write_iso_sources /home/kcw2/data/genome_db/GCA_013827905.1
877	:	1770321189.293	     1.186	0	54	0	0	write_iso_sources /home/kcw2/data/genome_db/GCA_013806305.1
879	:	1770321189.328	     1.154	0	54	0	0	write_iso_sources /home/kcw2/data/genome_db/GCA_013822325.1
912	:	1770321190.238	     0.246	0	54	0	0	write_iso_sources /home/kcw2/data/genome_db/GCF_024029895.1
884	:	1770321189.482	     1.032	0	54	0	0	write_iso_sources /home/kcw2/data/genome_db/GCA_013894035.1
876	:	1770321189.281	     1.252	0	54	0	0	write_iso_sources /home/kcw2/data/genome_db/GCA_013800705.1
875	:	1770321189.264	     1.284	0	54	0	0	write_iso_sources /home/kcw2/data/genome_db/GCA_013789905.1
872	:	1770321189.218	     1.353	0	54	0	0	write_iso_sources /home/kcw2/data/genome_db/GCA_012220445.2
881	:	1770321189.449	     1.126	0	54	0	0	write_iso_sources /home/kcw2/data/genome_db/GCA_013832965.1
871	:	1770321189.199	     1.436	0	54	0	0	write_iso_sources /home/kcw2/data/genome_db/GCA_012107915.2
883	:	1770321189.469	     1.194	0	54	0	0	write_iso_sources /home/kcw2/data/genome_db/GCA_013888395.1
886	:	1770321189.532	     1.151	0	54	0	0	write_iso_sources /home/kcw2/data/genome_db/GCA_013899585.1
873	:	1770321189.235	     1.466	0	54	0	0	write_iso_sources /home/kcw2/data/genome_db/GCA_013726815.1
882	:	1770321189.460	     1.269	0	54	0	0	write_iso_sources /home/kcw2/data/genome_db/GCA_013883815.1
885	:	1770321189.514	     1.218	0	54	0	0	write_iso_sources /home/kcw2/data/genome_db/GCA_013898955.1
888	:	1770321189.674	     1.073	0	54	0	0	write_iso_sources /home/kcw2/data/genome_db/GCA_013922965.1
889	:	1770321189.739	     1.040	0	54	0	0	write_iso_sources /home/kcw2/data/genome_db/GCA_014109645.1
919	:	1770321190.454	     0.345	0	54	0	0	write_iso_sources /home/kcw2/data/genome_db/GCF_009936135.1
903	:	1770321190.085	     0.734	0	54	0	0	write_iso_sources /home/kcw2/data/genome_db/GCF_018279165.1
887	:	1770321189.650	     1.190	0	54	0	0	write_iso_sources /home/kcw2/data/genome_db/GCA_013900045.1
908	:	1770321190.156	     0.720	0	54	0	0	write_iso_sources /home/kcw2/data/genome_db/GCF_019469205.1
897	:	1770321189.905	     0.996	0	54	0	0	write_iso_sources /home/kcw2/data/genome_db/GCF_009754905.2
909	:	1770321190.170	     0.748	0	54	0	0	write_iso_sources /home/kcw2/data/genome_db/GCF_019469185.1
894	:	1770321189.848	     1.122	0	54	0	0	write_iso_sources /home/kcw2/data/genome_db/GCF_009762795.1
920	:	1770321190.467	     0.527	0	54	0	0	write_iso_sources /home/kcw2/data/genome_db/GCF_028748165.1
911	:	1770321190.217	     0.835	0	54	0	0	write_iso_sources /home/kcw2/data/genome_db/GCF_014764305.1
910	:	1770321190.188	     0.878	0	54	0	0	write_iso_sources /home/kcw2/data/genome_db/GCF_011751865.2
900	:	1770321190.032	     1.046	0	54	0	0	write_iso_sources /home/kcw2/data/genome_db/GCF_009796865.1
890	:	1770321189.782	     1.319	0	54	0	0	write_iso_sources /home/kcw2/data/genome_db/GCA_017347505.2
893	:	1770321189.833	     1.284	0	54	0	0	write_iso_sources /home/kcw2/data/genome_db/GCF_014169555.1
915	:	1770321190.294	     0.837	0	54	0	0	write_iso_sources /home/kcw2/data/genome_db/GCF_014058425.1
892	:	1770321189.818	     1.328	0	54	0	0	write_iso_sources /home/kcw2/data/genome_db/GCF_014169535.1
918	:	1770321190.431	     0.745	0	54	0	0	write_iso_sources /home/kcw2/data/genome_db/GCF_014701235.1
907	:	1770321190.143	     1.061	0	54	0	0	write_iso_sources /home/kcw2/data/genome_db/GCF_010093045.1
891	:	1770321189.799	     1.430	0	54	0	0	write_iso_sources /home/kcw2/data/genome_db/GCF_003713065.1
923	:	1770321190.515	     0.764	0	54	0	0	write_iso_sources /home/kcw2/data/genome_db/GCF_013378055.1
913	:	1770321190.251	     1.047	0	54	0	0	write_iso_sources /home/kcw2/data/genome_db/GCF_965233695.1
916	:	1770321190.390	     0.908	0	54	0	0	write_iso_sources /home/kcw2/data/genome_db/GCF_011393335.1
906	:	1770321190.127	     1.201	0	54	0	0	write_iso_sources /home/kcw2/data/genome_db/GCF_010093025.1
901	:	1770321190.051	     1.294	0	54	0	0	write_iso_sources /home/kcw2/data/genome_db/GCF_021869705.1
931	:	1770321190.655	     0.707	0	54	0	0	write_iso_sources /home/kcw2/data/genome_db/GCF_014926385.1
917	:	1770321190.409	     0.979	0	54	0	0	write_iso_sources /home/kcw2/data/genome_db/GCF_011300215.1
904	:	1770321190.097	     1.358	0	54	0	0	write_iso_sources /home/kcw2/data/genome_db/GCF_009905295.1
933	:	1770321190.697	     0.787	0	54	0	0	write_iso_sources /home/kcw2/data/genome_db/GCF_024499055.1
905	:	1770321190.113	     1.404	0	54	0	0	write_iso_sources /home/kcw2/data/genome_db/GCF_009905315.1
895	:	1770321189.868	     1.675	0	54	0	0	write_iso_sources /home/kcw2/data/genome_db/GCF_029909495.1
925	:	1770321190.548	     1.029	0	54	0	0	write_iso_sources /home/kcw2/data/genome_db/GCF_012844365.1
922	:	1770321190.501	     1.118	0	54	0	0	write_iso_sources /home/kcw2/data/genome_db/GCF_012295575.1
952	:	1770321191.146	     0.494	0	54	0	0	write_iso_sources /home/kcw2/data/genome_db/GCF_049262665.1
944	:	1770321190.936	     0.718	0	54	0	0	write_iso_sources /home/kcw2/data/genome_db/GCF_050219445.1
928	:	1770321190.590	     1.083	0	54	0	0	write_iso_sources /home/kcw2/data/genome_db/GCF_014467015.1
930	:	1770321190.614	     1.062	0	54	0	0	write_iso_sources /home/kcw2/data/genome_db/GCF_017868935.1
899	:	1770321189.992	     1.698	0	54	0	0	write_iso_sources /home/kcw2/data/genome_db/GCF_014083985.1
953	:	1770321191.167	     0.527	0	54	0	0	write_iso_sources /home/kcw2/data/genome_db/GCF_049262675.1
902	:	1770321190.064	     1.670	0	54	0	0	write_iso_sources /home/kcw2/data/genome_db/GCF_009834105.1
955	:	1770321191.223	     0.513	0	54	0	0	write_iso_sources /home/kcw2/data/genome_db/GCF_049244075.1
932	:	1770321190.682	     1.069	0	54	0	0	write_iso_sources /home/kcw2/data/genome_db/GCF_030931015.1
927	:	1770321190.571	     1.217	0	54	0	0	write_iso_sources /home/kcw2/data/genome_db/GCF_037076535.1
954	:	1770321191.194	     0.642	0	54	0	0	write_iso_sources /home/kcw2/data/genome_db/GCF_049244085.1
921	:	1770321190.479	     1.393	0	54	0	0	write_iso_sources /home/kcw2/data/genome_db/GCF_019443845.1
898	:	1770321189.958	     1.934	0	54	0	0	write_iso_sources /home/kcw2/data/genome_db/GCF_009789635.1
950	:	1770321191.113	     0.796	0	54	0	0	write_iso_sources /home/kcw2/data/genome_db/GCF_013394735.1
960	:	1770321191.342	     0.631	0	54	0	0	write_iso_sources /home/kcw2/data/genome_db/GCF_014069875.1
948	:	1770321191.079	     0.905	0	54	0	0	write_iso_sources /home/kcw2/data/genome_db/GCF_019278445.1
926	:	1770321190.559	     1.454	0	54	0	0	write_iso_sources /home/kcw2/data/genome_db/GCF_012913485.1
914	:	1770321190.263	     1.767	0	54	0	0	write_iso_sources /home/kcw2/data/genome_db/GCF_011064245.1
924	:	1770321190.533	     1.499	0	54	0	0	write_iso_sources /home/kcw2/data/genome_db/GCF_014490785.1
940	:	1770321190.840	     1.226	0	54	0	0	write_iso_sources /home/kcw2/data/genome_db/GCF_013797615.1
951	:	1770321191.129	     0.965	0	54	0	0	write_iso_sources /home/kcw2/data/genome_db/GCF_013389595.1
936	:	1770321190.759	     1.350	0	54	0	0	write_iso_sources /home/kcw2/data/genome_db/GCF_023221575.1
941	:	1770321190.857	     1.253	0	54	0	0	write_iso_sources /home/kcw2/data/genome_db/GCF_013797345.1
958	:	1770321191.313	     0.891	0	54	0	0	write_iso_sources /home/kcw2/data/genome_db/GCF_017795885.1
963	:	1770321191.408	     0.828	0	54	0	0	write_iso_sources /home/kcw2/data/genome_db/GCF_017815535.1
946	:	1770321191.008	     1.259	0	54	0	0	write_iso_sources /home/kcw2/data/genome_db/GCF_046619405.1
962	:	1770321191.376	     0.913	0	54	0	0	write_iso_sources /home/kcw2/data/genome_db/GCF_017569205.1
965	:	1770321191.496	     0.794	0	54	0	0	write_iso_sources /home/kcw2/data/genome_db/GCF_014302635.1
969	:	1770321191.636	     0.697	0	54	0	0	write_iso_sources /home/kcw2/data/genome_db/GCF_014467055.1
949	:	1770321191.100	     1.251	0	54	0	0	write_iso_sources /home/kcw2/data/genome_db/GCF_015534835.1
942	:	1770321190.890	     1.479	0	54	0	0	write_iso_sources /home/kcw2/data/genome_db/GCF_013729795.1
935	:	1770321190.747	     1.677	0	54	0	0	write_iso_sources /home/kcw2/data/genome_db/GCF_024400215.1
934	:	1770321190.724	     1.726	0	54	0	0	write_iso_sources /home/kcw2/data/genome_db/GCF_030687795.1
929	:	1770321190.601	     1.862	0	54	0	0	write_iso_sources /home/kcw2/data/genome_db/GCF_026072635.1
964	:	1770321191.484	     1.006	0	54	0	0	write_iso_sources /home/kcw2/data/genome_db/GCF_014250375.1
972	:	1770321191.691	     0.818	0	54	0	0	write_iso_sources /home/kcw2/data/genome_db/GCF_014789785.1
975	:	1770321191.751	     0.815	0	54	0	0	write_iso_sources /home/kcw2/data/genome_db/GCF_017487345.1
976	:	1770321191.767	     0.801	0	54	0	0	write_iso_sources /home/kcw2/data/genome_db/GCF_050529595.1
973	:	1770321191.710	     0.874	0	54	0	0	write_iso_sources /home/kcw2/data/genome_db/GCF_014770435.1
977	:	1770321191.789	     0.796	0	54	0	0	write_iso_sources /home/kcw2/data/genome_db/GCF_050558155.1
938	:	1770321190.794	     1.810	0	54	0	0	write_iso_sources /home/kcw2/data/genome_db/GCF_013364215.1
981	:	1770321191.892	     0.713	0	54	0	0	write_iso_sources /home/kcw2/data/genome_db/GCF_050542065.1
980	:	1770321191.852	     0.767	0	54	0	0	write_iso_sources /home/kcw2/data/genome_db/GCF_050558105.1
983	:	1770321191.935	     0.686	0	54	0	0	write_iso_sources /home/kcw2/data/genome_db/GCF_050546175.1
947	:	1770321191.065	     1.566	0	54	0	0	write_iso_sources /home/kcw2/data/genome_db/GCF_046619455.1
978	:	1770321191.806	     0.826	0	54	0	0	write_iso_sources /home/kcw2/data/genome_db/GCF_050529065.1
939	:	1770321190.820	     1.827	0	54	0	0	write_iso_sources /home/kcw2/data/genome_db/GCF_013364175.1
979	:	1770321191.821	     0.827	0	54	0	0	write_iso_sources /home/kcw2/data/genome_db/GCF_050553165.1
959	:	1770321191.328	     1.358	0	54	0	0	write_iso_sources /home/kcw2/data/genome_db/GCF_001908755.1
984	:	1770321191.985	     0.703	0	54	0	0	write_iso_sources /home/kcw2/data/genome_db/GCF_050558595.1
966	:	1770321191.544	     1.167	0	54	0	0	write_iso_sources /home/kcw2/data/genome_db/GCF_014287515.2
943	:	1770321190.916	     1.812	0	54	0	0	write_iso_sources /home/kcw2/data/genome_db/GCF_013728515.1
961	:	1770321191.361	     1.368	0	54	0	0	write_iso_sources /home/kcw2/data/genome_db/GCF_014041935.1
945	:	1770321190.994	     1.753	0	54	0	0	write_iso_sources /home/kcw2/data/genome_db/GCF_024701375.2
937	:	1770321190.776	     1.986	0	54	0	0	write_iso_sources /home/kcw2/data/genome_db/GCF_013459415.1
982	:	1770321191.909	     0.874	0	54	0	0	write_iso_sources /home/kcw2/data/genome_db/GCF_050548355.1
993	:	1770321192.215	     0.583	0	54	0	0	write_iso_sources /home/kcw2/data/genome_db/GCF_014931715.1
970	:	1770321191.654	     1.155	0	54	0	0	write_iso_sources /home/kcw2/data/genome_db/GCF_014596835.2
967	:	1770321191.577	     1.236	0	54	0	0	write_iso_sources /home/kcw2/data/genome_db/GCF_014274685.1
985	:	1770321191.998	     0.864	0	54	0	0	write_iso_sources /home/kcw2/data/genome_db/GCF_050533525.1
974	:	1770321191.733	     1.180	0	54	0	0	write_iso_sources /home/kcw2/data/genome_db/GCF_029026505.1
986	:	1770321192.031	     0.919	0	54	0	0	write_iso_sources /home/kcw2/data/genome_db/GCF_038502305.1
957	:	1770321191.297	     1.784	0	54	0	0	write_iso_sources /home/kcw2/data/genome_db/GCF_014495705.1
968	:	1770321191.600	     1.492	0	54	0	0	write_iso_sources /home/kcw2/data/genome_db/GCF_040111675.1
971	:	1770321191.673	     1.521	0	54	0	0	write_iso_sources /home/kcw2/data/genome_db/GCF_014596855.2
992	:	1770321192.138	     1.078	0	54	0	0	write_iso_sources /home/kcw2/data/genome_db/GCF_015159555.1
995	:	1770321192.288	     0.929	0	54	0	0	write_iso_sources /home/kcw2/data/genome_db/GCF_018024495.1
987	:	1770321192.044	     1.205	0	54	0	0	write_iso_sources /home/kcw2/data/genome_db/GCF_032697525.1
990	:	1770321192.109	     1.143	0	54	0	0	write_iso_sources /home/kcw2/data/genome_db/GCF_009931575.1
1011	:	1770321192.671	     0.582	0	54	0	0	write_iso_sources /home/kcw2/data/genome_db/GCF_021497505.1
988	:	1770321192.059	     1.250	0	54	0	0	write_iso_sources /home/kcw2/data/genome_db/GCF_019047325.1
991	:	1770321192.120	     1.195	0	54	0	0	write_iso_sources /home/kcw2/data/genome_db/GCF_020971565.1
1016	:	1770321192.739	     0.641	0	54	0	0	write_iso_sources /home/kcw2/data/genome_db/GCF_025999095.1
989	:	1770321192.080	     1.302	0	54	0	0	write_iso_sources /home/kcw2/data/genome_db/GCF_019047085.1
1002	:	1770321192.464	     0.976	0	54	0	0	write_iso_sources /home/kcw2/data/genome_db/GCF_017309675.2
994	:	1770321192.247	     1.352	0	54	0	0	write_iso_sources /home/kcw2/data/genome_db/GCF_015533855.1
999	:	1770321192.366	     1.285	0	54	0	0	write_iso_sources /home/kcw2/data/genome_db/GCF_015594925.2
1003	:	1770321192.477	     1.191	0	54	0	0	write_iso_sources /home/kcw2/data/genome_db/GCF_020550085.1
998	:	1770321192.350	     1.363	0	54	0	0	write_iso_sources /home/kcw2/data/genome_db/GCF_015689115.1
1017	:	1770321192.748	     0.988	0	54	0	0	write_iso_sources /home/kcw2/data/genome_db/GCF_017354925.1
1001	:	1770321192.436	     1.321	0	54	0	0	write_iso_sources /home/kcw2/data/genome_db/GCF_015679185.1
1032	:	1770321193.092	     0.687	0	54	0	0	write_iso_sources /home/kcw2/data/genome_db/GCF_022701195.1
1006	:	1770321192.583	     1.220	0	54	0	0	write_iso_sources /home/kcw2/data/genome_db/GCF_040834095.1
1014	:	1770321192.710	     1.109	0	54	0	0	write_iso_sources /home/kcw2/data/genome_db/GCF_016919385.1
1007	:	1770321192.604	     1.226	0	54	0	0	write_iso_sources /home/kcw2/data/genome_db/GCF_008364625.2
1021	:	1770321192.798	     1.036	0	54	0	0	write_iso_sources /home/kcw2/data/genome_db/GCF_017569185.1
1024	:	1770321192.847	     0.989	0	54	0	0	write_iso_sources /home/kcw2/data/genome_db/GCF_018304825.1
1026	:	1770321192.880	     0.955	0	54	0	0	write_iso_sources /home/kcw2/data/genome_db/GCF_040267745.1
1013	:	1770321192.699	     1.181	0	54	0	0	write_iso_sources /home/kcw2/data/genome_db/GCF_017570585.1
1019	:	1770321192.773	     1.114	0	54	0	0	write_iso_sources /home/kcw2/data/genome_db/GCF_014844055.1
1029	:	1770321192.926	     0.962	0	54	0	0	write_iso_sources /home/kcw2/data/genome_db/GCF_022267555.1
1020	:	1770321192.783	     1.128	0	54	0	0	write_iso_sources /home/kcw2/data/genome_db/GCF_017498505.1
1040	:	1770321193.344	     0.570	0	54	0	0	write_iso_sources /home/kcw2/data/genome_db/GCF_018889955.1
1009	:	1770321192.631	     1.299	0	54	0	0	write_iso_sources /home/kcw2/data/genome_db/GCF_030517155.1
1028	:	1770321192.912	     1.019	0	54	0	0	write_iso_sources /home/kcw2/data/genome_db/GCF_018223345.1
1030	:	1770321192.950	     0.990	0	54	0	0	write_iso_sources /home/kcw2/data/genome_db/GCF_024398395.1
1018	:	1770321192.763	     1.236	0	54	0	0	write_iso_sources /home/kcw2/data/genome_db/GCF_017352115.1
1041	:	1770321193.372	     0.683	0	54	0	0	write_iso_sources /home/kcw2/data/genome_db/GCF_018968665.1
1025	:	1770321192.861	     1.235	0	54	0	0	write_iso_sources /home/kcw2/data/genome_db/GCF_018085225.1
1005	:	1770321192.523	     1.601	0	54	0	0	write_iso_sources /home/kcw2/data/genome_db/GCF_020871915.1
1004	:	1770321192.503	     1.648	0	54	0	0	write_iso_sources /home/kcw2/data/genome_db/GCF_019357455.1
956	:	1770321191.280	     2.881	0	54	0	0	write_iso_sources /home/kcw2/data/genome_db/GCF_013414305.1
1033	:	1770321193.105	     1.059	0	54	0	0	write_iso_sources /home/kcw2/data/genome_db/GCF_018436065.1
1035	:	1770321193.230	     0.984	0	54	0	0	write_iso_sources /home/kcw2/data/genome_db/GCF_018595685.2
1043	:	1770321193.440	     0.786	0	54	0	0	write_iso_sources /home/kcw2/data/genome_db/GCF_019056395.1
1012	:	1770321192.686	     1.553	0	54	0	0	write_iso_sources /home/kcw2/data/genome_db/GCF_017086365.1
1031	:	1770321192.974	     1.288	0	54	0	0	write_iso_sources /home/kcw2/data/genome_db/GCF_009914535.1
997	:	1770321192.316	     1.983	0	54	0	0	write_iso_sources /home/kcw2/data/genome_db/GCF_023101005.1
1022	:	1770321192.810	     1.503	0	54	0	0	write_iso_sources /home/kcw2/data/genome_db/GCF_019355735.1
1015	:	1770321192.728	     1.664	0	54	0	0	write_iso_sources /home/kcw2/data/genome_db/GCF_016919265.1
1023	:	1770321192.829	     1.638	0	54	0	0	write_iso_sources /home/kcw2/data/genome_db/GCF_019355615.1
1044	:	1770321193.469	     1.020	0	54	0	0	write_iso_sources /home/kcw2/data/genome_db/GCF_025917005.1
1010	:	1770321192.647	     1.878	0	54	0	0	write_iso_sources /home/kcw2/data/genome_db/GCF_018343855.1
1049	:	1770321193.758	     0.797	0	54	0	0	write_iso_sources /home/kcw2/data/genome_db/GCF_019443405.1
1036	:	1770321193.249	     1.345	0	54	0	0	write_iso_sources /home/kcw2/data/genome_db/GCF_016772395.1
1061	:	1770321193.980	     0.664	0	54	0	0	write_iso_sources /home/kcw2/data/genome_db/GCF_020097015.1
1008	:	1770321192.619	     2.057	0	54	0	0	write_iso_sources /home/kcw2/data/genome_db/GCF_017358145.1
1000	:	1770321192.384	     2.322	0	54	0	0	write_iso_sources /home/kcw2/data/genome_db/GCF_019378875.1
1070	:	1770321194.162	     0.561	0	54	0	0	write_iso_sources /home/kcw2/data/genome_db/GCF_035066605.1
996	:	1770321192.304	     2.456	0	54	0	0	write_iso_sources /home/kcw2/data/genome_db/GCF_023101685.1
1038	:	1770321193.287	     1.503	0	54	0	0	write_iso_sources /home/kcw2/data/genome_db/GCF_050626915.1
1037	:	1770321193.267	     1.546	0	54	0	0	write_iso_sources /home/kcw2/data/genome_db/GCF_016772375.1
1039	:	1770321193.310	     1.503	0	54	0	0	write_iso_sources /home/kcw2/data/genome_db/GCF_019139815.1
1042	:	1770321193.414	     1.401	0	54	0	0	write_iso_sources /home/kcw2/data/genome_db/GCF_019056635.1
1065	:	1770321194.075	     0.751	0	54	0	0	write_iso_sources /home/kcw2/data/genome_db/GCF_029953655.1
1060	:	1770321193.966	     0.872	0	54	0	0	write_iso_sources /home/kcw2/data/genome_db/GCF_020096995.1
1058	:	1770321193.941	     0.930	0	54	0	0	write_iso_sources /home/kcw2/data/genome_db/GCF_019880385.1
1047	:	1770321193.688	     1.184	0	54	0	0	write_iso_sources /home/kcw2/data/genome_db/GCF_019356055.1
1052	:	1770321193.820	     1.107	0	54	0	0	write_iso_sources /home/kcw2/data/genome_db/GCF_019665765.1
1064	:	1770321194.055	     0.888	0	54	0	0	write_iso_sources /home/kcw2/data/genome_db/GCF_029906405.1
1051	:	1770321193.797	     1.190	0	54	0	0	write_iso_sources /home/kcw2/data/genome_db/GCF_019457455.1
1062	:	1770321193.998	     1.047	0	54	0	0	write_iso_sources /home/kcw2/data/genome_db/GCF_048593175.1
1027	:	1770321192.894	     2.174	0	54	0	0	write_iso_sources /home/kcw2/data/genome_db/GCF_021029465.1
1072	:	1770321194.186	     0.884	0	54	0	0	write_iso_sources /home/kcw2/data/genome_db/GCF_020911965.1
1079	:	1770321194.404	     0.713	0	54	0	0	write_iso_sources /home/kcw2/data/genome_db/GCF_017948305.1
1056	:	1770321193.911	     1.253	0	54	0	0	write_iso_sources /home/kcw2/data/genome_db/GCF_028751975.1
1068	:	1770321194.139	     1.047	0	54	0	0	write_iso_sources /home/kcw2/data/genome_db/GCF_027925385.1
1053	:	1770321193.831	     1.405	0	54	0	0	write_iso_sources /home/kcw2/data/genome_db/GCF_019679435.2
1059	:	1770321193.953	     1.320	0	54	0	0	write_iso_sources /home/kcw2/data/genome_db/GCF_023746615.1
1067	:	1770321194.124	     1.161	0	54	0	0	write_iso_sources /home/kcw2/data/genome_db/GCF_020640995.1
1045	:	1770321193.617	     1.684	0	54	0	0	write_iso_sources /home/kcw2/data/genome_db/GCF_024730645.1
1048	:	1770321193.735	     1.569	0	54	0	0	write_iso_sources /home/kcw2/data/genome_db/GCF_019443505.1
1034	:	1770321193.209	     2.107	0	54	0	0	write_iso_sources /home/kcw2/data/genome_db/GCF_024442315.1
1046	:	1770321193.669	     1.708	0	54	0	0	write_iso_sources /home/kcw2/data/genome_db/GCF_025263565.1
1076	:	1770321194.279	     1.098	0	54	0	0	write_iso_sources /home/kcw2/data/genome_db/GCF_021044565.1
1077	:	1770321194.313	     1.088	0	54	0	0	write_iso_sources /home/kcw2/data/genome_db/GCF_024703895.1
1066	:	1770321194.096	     1.322	0	54	0	0	write_iso_sources /home/kcw2/data/genome_db/GCF_022788695.1
1071	:	1770321194.173	     1.259	0	54	0	0	write_iso_sources /home/kcw2/data/genome_db/GCF_025133195.1
1073	:	1770321194.226	     1.225	0	54	0	0	write_iso_sources /home/kcw2/data/genome_db/GCF_021650705.1
1069	:	1770321194.150	     1.302	0	54	0	0	write_iso_sources /home/kcw2/data/genome_db/GCF_036324305.1
1078	:	1770321194.323	     1.157	0	54	0	0	write_iso_sources /home/kcw2/data/genome_db/GCF_041941675.1
1050	:	1770321193.780	     1.739	0	54	0	0	write_iso_sources /home/kcw2/data/genome_db/GCF_026000115.1
1055	:	1770321193.879	     1.702	0	54	0	0	write_iso_sources /home/kcw2/data/genome_db/GCF_020423045.1
1057	:	1770321193.930	     1.691	0	54	0	0	write_iso_sources /home/kcw2/data/genome_db/GCF_020740535.1
1075	:	1770321194.251	     1.435	0	54	0	0	write_iso_sources /home/kcw2/data/genome_db/GCF_024749245.1
1063	:	1770321194.022	     1.695	0	54	0	0	write_iso_sources /home/kcw2/data/genome_db/GCF_022879595.1
1074	:	1770321194.240	     1.499	0	54	0	0	write_iso_sources /home/kcw2/data/genome_db/GCF_024749285.1
1081	:	1770321194.502	     1.313	0	54	0	0	write_iso_sources /home/kcw2/data/genome_db/GCF_021390075.1
1108	:	1770321195.285	     0.730	0	54	0	0	write_iso_sources /home/kcw2/data/genome_db/GCF_023078835.1
1054	:	1770321193.858	     2.177	0	54	0	0	write_iso_sources /home/kcw2/data/genome_db/GCF_019774615.1
1080	:	1770321194.490	     1.598	0	54	0	0	write_iso_sources /home/kcw2/data/genome_db/GCF_021228675.1
1111	:	1770321195.331	     0.921	0	54	0	0	write_iso_sources /home/kcw2/data/genome_db/GCF_023823125.1
1117	:	1770321195.450	     0.845	0	54	0	0	write_iso_sources /home/kcw2/data/genome_db/GCF_022024035.1
1106	:	1770321195.214	     1.108	0	54	0	0	write_iso_sources /home/kcw2/data/genome_db/GCF_026184235.1
1110	:	1770321195.316	     1.039	0	54	0	0	write_iso_sources /home/kcw2/data/genome_db/GCF_025787225.1
1113	:	1770321195.389	     1.009	0	54	0	0	write_iso_sources /home/kcw2/data/genome_db/GCF_028747805.1
1116	:	1770321195.431	     0.986	0	54	0	0	write_iso_sources /home/kcw2/data/genome_db/GCF_022024175.1
1107	:	1770321195.258	     1.192	0	54	0	0	write_iso_sources /home/kcw2/data/genome_db/GCF_021390175.1
1109	:	1770321195.302	     1.161	0	54	0	0	write_iso_sources /home/kcw2/data/genome_db/GCF_021484805.1
1120	:	1770321195.506	     1.009	0	54	0	0	write_iso_sources /home/kcw2/data/genome_db/GCF_021545785.1
1115	:	1770321195.414	     1.124	0	54	0	0	write_iso_sources /home/kcw2/data/genome_db/GCF_022163605.1
1091	:	1770321194.827	     1.734	0	54	0	0	write_iso_sources /home/kcw2/data/genome_db/GCF_036346935.1
1118	:	1770321195.464	     1.160	0	54	0	0	write_iso_sources /home/kcw2/data/genome_db/GCF_023311915.1
1121	:	1770321195.534	     1.113	0	54	0	0	write_iso_sources /home/kcw2/data/genome_db/GCF_024266725.1
1125	:	1770321195.734	     0.942	0	54	0	0	write_iso_sources /home/kcw2/data/genome_db/GCF_038630865.1
1082	:	1770321194.555	     2.143	0	54	0	0	write_iso_sources /home/kcw2/data/genome_db/GCF_036226465.1
1087	:	1770321194.723	     1.976	0	54	0	0	write_iso_sources /home/kcw2/data/genome_db/GCF_045160975.1
1095	:	1770321194.888	     1.836	0	54	0	0	write_iso_sources /home/kcw2/data/genome_db/GCF_036010505.1
1112	:	1770321195.347	     1.397	0	54	0	0	write_iso_sources /home/kcw2/data/genome_db/GCF_023078495.1
1083	:	1770321194.594	     2.151	0	54	0	0	write_iso_sources /home/kcw2/data/genome_db/GCF_036242395.1
1084	:	1770321194.627	     2.119	0	54	0	0	write_iso_sources /home/kcw2/data/genome_db/GCF_045040005.1
1094	:	1770321194.870	     1.878	0	54	0	0	write_iso_sources /home/kcw2/data/genome_db/GCF_045039895.1
1114	:	1770321195.402	     1.378	0	54	0	0	write_iso_sources /home/kcw2/data/genome_db/GCF_022049065.2
1119	:	1770321195.480	     1.302	0	54	0	0	write_iso_sources /home/kcw2/data/genome_db/GCF_023311895.1
1126	:	1770321195.756	     1.042	0	54	0	0	write_iso_sources /home/kcw2/data/genome_db/GCF_038630785.1
1085	:	1770321194.666	     2.159	0	54	0	0	write_iso_sources /home/kcw2/data/genome_db/GCF_045040085.1
1089	:	1770321194.777	     2.049	0	54	0	0	write_iso_sources /home/kcw2/data/genome_db/GCF_036346895.1
1093	:	1770321194.856	     2.005	0	54	0	0	write_iso_sources /home/kcw2/data/genome_db/GCF_045162835.1
1127	:	1770321195.836	     1.036	0	54	0	0	write_iso_sources /home/kcw2/data/genome_db/GCF_038630765.1
1128	:	1770321196.030	     0.860	0	54	0	0	write_iso_sources /home/kcw2/data/genome_db/GCF_038630295.1
1086	:	1770321194.694	     2.293	0	54	0	0	write_iso_sources /home/kcw2/data/genome_db/GCF_045160965.1
1096	:	1770321194.903	     2.110	0	54	0	0	write_iso_sources /home/kcw2/data/genome_db/GCF_045039915.1
1090	:	1770321194.812	     2.203	0	54	0	0	write_iso_sources /home/kcw2/data/genome_db/GCF_045161895.1
1124	:	1770321195.703	     1.332	0	54	0	0	write_iso_sources /home/kcw2/data/genome_db/GCF_038592945.1
1092	:	1770321194.839	     2.213	0	54	0	0	write_iso_sources /home/kcw2/data/genome_db/GCF_035917295.1
1097	:	1770321194.916	     2.187	0	54	0	0	write_iso_sources /home/kcw2/data/genome_db/GCF_035988865.1
1130	:	1770321196.122	     1.029	0	54	0	0	write_iso_sources /home/kcw2/data/genome_db/GCF_037975305.1
1103	:	1770321195.118	     2.078	0	54	0	0	write_iso_sources /home/kcw2/data/genome_db/GCF_036227465.1
1099	:	1770321194.959	     2.274	0	54	0	0	write_iso_sources /home/kcw2/data/genome_db/GCF_041435215.1
1104	:	1770321195.144	     2.115	0	54	0	0	write_iso_sources /home/kcw2/data/genome_db/GCF_045040425.1
1148	:	1770321196.781	     0.549	0	54	0	0	write_iso_sources /home/kcw2/data/genome_db/GCF_032248795.1
1145	:	1770321196.725	     0.693	0	54	0	0	write_iso_sources /home/kcw2/data/genome_db/GCF_016458825.1
1100	:	1770321195.001	     2.436	0	54	0	0	write_iso_sources /home/kcw2/data/genome_db/GCF_045039955.1
1151	:	1770321196.825	     0.644	0	54	0	0	write_iso_sources /home/kcw2/data/genome_db/GCF_023115425.1
1164	:	1770321197.084	     0.401	0	54	0	0	write_iso_sources /home/kcw2/data/genome_db/GCF_947251765.1
1122	:	1770321195.598	     1.902	0	54	0	0	write_iso_sources /home/kcw2/data/genome_db/GCF_037992975.1
1149	:	1770321196.797	     0.705	0	54	0	0	write_iso_sources /home/kcw2/data/genome_db/GCF_032248815.1
1134	:	1770321196.388	     1.151	0	54	0	0	write_iso_sources /home/kcw2/data/genome_db/GCF_037969835.1
1101	:	1770321195.060	     2.490	0	54	0	0	write_iso_sources /home/kcw2/data/genome_db/GCF_045040015.1
1105	:	1770321195.186	     2.384	0	54	0	0	write_iso_sources /home/kcw2/data/genome_db/GCF_045040445.1
1129	:	1770321196.047	     1.529	0	54	0	0	write_iso_sources /home/kcw2/data/genome_db/GCF_037976155.1
1136	:	1770321196.438	     1.138	0	54	0	0	write_iso_sources /home/kcw2/data/genome_db/GCF_016618195.1
1098	:	1770321194.944	     2.652	0	54	0	0	write_iso_sources /home/kcw2/data/genome_db/GCF_035975855.1
1123	:	1770321195.647	     1.950	0	54	0	0	write_iso_sources /home/kcw2/data/genome_db/GCF_038593005.1
1135	:	1770321196.418	     1.183	0	54	0	0	write_iso_sources /home/kcw2/data/genome_db/GCF_037969815.1
1143	:	1770321196.676	     0.925	0	54	0	0	write_iso_sources /home/kcw2/data/genome_db/GCF_022811665.1
1165	:	1770321197.131	     0.483	0	54	0	0	write_iso_sources /home/kcw2/data/genome_db/GCF_947250565.1
1167	:	1770321197.213	     0.404	0	54	0	0	write_iso_sources /home/kcw2/data/genome_db/GCF_947251605.1
1169	:	1770321197.278	     0.361	0	54	0	0	write_iso_sources /home/kcw2/data/genome_db/GCF_947250585.1
1137	:	1770321196.464	     1.199	0	54	0	0	write_iso_sources /home/kcw2/data/genome_db/GCF_048516975.1
1160	:	1770321197.001	     0.664	0	54	0	0	write_iso_sources /home/kcw2/data/genome_db/GCF_031445945.1
1088	:	1770321194.759	     2.919	0	54	0	0	write_iso_sources /home/kcw2/data/genome_db/GCF_036013585.1
1139	:	1770321196.538	     1.142	0	54	0	0	write_iso_sources /home/kcw2/data/genome_db/GCF_030643805.1
1166	:	1770321197.164	     0.519	0	54	0	0	write_iso_sources /home/kcw2/data/genome_db/GCF_947251695.1
1102	:	1770321195.094	     2.589	0	54	0	0	write_iso_sources /home/kcw2/data/genome_db/GCF_036227485.1
1131	:	1770321196.271	     1.425	0	54	0	0	write_iso_sources /home/kcw2/data/genome_db/GCF_037975445.1
1141	:	1770321196.572	     1.125	0	54	0	0	write_iso_sources /home/kcw2/data/genome_db/GCF_030295425.1
1140	:	1770321196.561	     1.166	0	54	0	0	write_iso_sources /home/kcw2/data/genome_db/GCF_030295405.1
1154	:	1770321196.873	     0.869	0	54	0	0	write_iso_sources /home/kcw2/data/genome_db/GCF_024758725.1
1168	:	1770321197.250	     0.496	0	54	0	0	write_iso_sources /home/kcw2/data/genome_db/GCF_947250495.1
1170	:	1770321197.358	     0.424	0	54	0	0	write_iso_sources /home/kcw2/data/genome_db/GCF_947251755.1
1147	:	1770321196.765	     1.061	0	54	0	0	write_iso_sources /home/kcw2/data/genome_db/GCF_022921115.1
1132	:	1770321196.321	     1.525	0	54	0	0	write_iso_sources /home/kcw2/data/genome_db/GCF_037974355.1
1146	:	1770321196.743	     1.129	0	54	0	0	write_iso_sources /home/kcw2/data/genome_db/GCF_022919835.1
1171	:	1770321197.437	     0.454	0	54	0	0	write_iso_sources /home/kcw2/data/genome_db/GCF_947250745.1
1138	:	1770321196.481	     1.457	0	54	0	0	write_iso_sources /home/kcw2/data/genome_db/GCF_022637315.1
1150	:	1770321196.808	     1.142	0	54	0	0	write_iso_sources /home/kcw2/data/genome_db/GCF_023650515.1
1144	:	1770321196.699	     1.283	0	54	0	0	write_iso_sources /home/kcw2/data/genome_db/GCF_017298635.1
1153	:	1770321196.860	     1.123	0	54	0	0	write_iso_sources /home/kcw2/data/genome_db/GCF_033680645.1
1133	:	1770321196.339	     1.667	0	54	0	0	write_iso_sources /home/kcw2/data/genome_db/GCF_037974275.1
1155	:	1770321196.890	     1.135	0	54	0	0	write_iso_sources /home/kcw2/data/genome_db/GCF_024758705.1
1161	:	1770321197.027	     1.078	0	54	0	0	write_iso_sources /home/kcw2/data/genome_db/GCF_023634805.2
1152	:	1770321196.841	     1.332	0	54	0	0	write_iso_sources /home/kcw2/data/genome_db/GCF_033681625.1
1156	:	1770321196.911	     1.292	0	54	0	0	write_iso_sources /home/kcw2/data/genome_db/GCF_028473605.1
1157	:	1770321196.930	     1.274	0	54	0	0	write_iso_sources /home/kcw2/data/genome_db/GCF_028473645.1
1184	:	1770321197.663	     0.542	0	54	0	0	write_iso_sources /home/kcw2/data/genome_db/GCF_040409815.1
1188	:	1770321197.715	     0.519	0	54	0	0	write_iso_sources /home/kcw2/data/genome_db/GCF_024498295.1
1187	:	1770321197.707	     0.581	0	54	0	0	write_iso_sources /home/kcw2/data/genome_db/GCF_030252485.1
1158	:	1770321196.951	     1.361	0	54	0	0	write_iso_sources /home/kcw2/data/genome_db/GCF_024349685.1
1162	:	1770321197.035	     1.379	0	54	0	0	write_iso_sources /home/kcw2/data/genome_db/GCF_028473665.1
1177	:	1770321197.550	     0.868	0	54	0	0	write_iso_sources /home/kcw2/data/genome_db/GCF_038593385.1
1142	:	1770321196.647	     1.799	0	54	0	0	write_iso_sources /home/kcw2/data/genome_db/GCF_023168385.1
1163	:	1770321197.052	     1.395	0	54	0	0	write_iso_sources /home/kcw2/data/genome_db/GCF_030323065.1
1178	:	1770321197.570	     0.929	0	54	0	0	write_iso_sources /home/kcw2/data/genome_db/GCF_037965815.1
1186	:	1770321197.696	     0.807	0	54	0	0	write_iso_sources /home/kcw2/data/genome_db/GCF_027923705.1
1179	:	1770321197.597	     0.931	0	54	0	0	write_iso_sources /home/kcw2/data/genome_db/GCF_037965805.1
1176	:	1770321197.539	     1.059	0	54	0	0	write_iso_sources /home/kcw2/data/genome_db/GCF_038593395.1
1180	:	1770321197.614	     0.987	0	54	0	0	write_iso_sources /home/kcw2/data/genome_db/GCF_037964945.1
1181	:	1770321197.627	     0.976	0	54	0	0	write_iso_sources /home/kcw2/data/genome_db/GCF_038593175.1
1183	:	1770321197.653	     0.989	0	54	0	0	write_iso_sources /home/kcw2/data/genome_db/GCF_038592895.1
1192	:	1770321197.782	     0.898	0	54	0	0	write_iso_sources /home/kcw2/data/genome_db/GCF_041874755.1
1182	:	1770321197.640	     1.101	0	54	0	0	write_iso_sources /home/kcw2/data/genome_db/GCF_037963565.1
1159	:	1770321196.983	     1.784	0	54	0	0	write_iso_sources /home/kcw2/data/genome_db/GCF_028473745.1
1190	:	1770321197.742	     1.061	0	54	0	0	write_iso_sources /home/kcw2/data/genome_db/GCF_016028635.1
1191	:	1770321197.760	     1.107	0	54	0	0	write_iso_sources /home/kcw2/data/genome_db/GCF_003205815.1
1185	:	1770321197.679	     1.203	0	54	0	0	write_iso_sources /home/kcw2/data/genome_db/GCF_025403485.1
1197	:	1770321197.873	     1.013	0	54	0	0	write_iso_sources /home/kcw2/data/genome_db/GCF_037975295.1
1173	:	1770321197.485	     1.413	0	54	0	0	write_iso_sources /home/kcw2/data/genome_db/GCF_030687145.1
1172	:	1770321197.463	     1.503	0	54	0	0	write_iso_sources /home/kcw2/data/genome_db/GCF_030687165.1
1196	:	1770321197.846	     1.138	0	54	0	0	write_iso_sources /home/kcw2/data/genome_db/GCF_038606125.1
1194	:	1770321197.807	     1.271	0	54	0	0	write_iso_sources /home/kcw2/data/genome_db/GCF_947241125.1
1174	:	1770321197.500	     1.638	0	54	0	0	write_iso_sources /home/kcw2/data/genome_db/GCF_030687875.1
1225	:	1770321198.597	     0.587	0	54	0	0	write_iso_sources /home/kcw2/data/genome_db/GCF_002871915.2
1189	:	1770321197.728	     1.472	0	54	0	0	write_iso_sources /home/kcw2/data/genome_db/GCF_024496285.1
1175	:	1770321197.514	     1.864	0	54	0	0	write_iso_sources /home/kcw2/data/genome_db/GCF_030687275.1
1232	:	1770321198.785	     0.649	0	54	0	0	write_iso_sources /home/kcw2/data/genome_db/GCF_029395355.1
1195	:	1770321197.827	     1.782	0	54	0	0	write_iso_sources /home/kcw2/data/genome_db/GCF_041295725.1
1193	:	1770321197.796	     1.844	0	54	0	0	write_iso_sources /home/kcw2/data/genome_db/GCF_000632475.1
1239	:	1770321198.996	     0.645	0	54	0	0	write_iso_sources /home/kcw2/data/genome_db/GCF_025558425.1
1224	:	1770321198.577	     1.099	0	54	0	0	write_iso_sources /home/kcw2/data/genome_db/GCF_045277075.1
1229	:	1770321198.676	     1.003	0	54	0	0	write_iso_sources /home/kcw2/data/genome_db/GCF_026625145.1
1208	:	1770321198.056	     1.648	0	54	0	0	write_iso_sources /home/kcw2/data/genome_db/GCF_036345235.1
1228	:	1770321198.656	     1.068	0	54	0	0	write_iso_sources /home/kcw2/data/genome_db/GCF_030035605.1
1238	:	1770321198.978	     0.749	0	54	0	0	write_iso_sources /home/kcw2/data/genome_db/GCF_025558445.1
1213	:	1770321198.235	     1.553	0	54	0	0	write_iso_sources /home/kcw2/data/genome_db/GCF_036327775.1
1227	:	1770321198.643	     1.160	0	54	0	0	write_iso_sources /home/kcw2/data/genome_db/GCF_025397955.1
1230	:	1770321198.694	     1.201	0	54	0	0	write_iso_sources /home/kcw2/data/genome_db/GCF_025725665.1
1200	:	1770321197.911	     2.025	0	54	0	0	write_iso_sources /home/kcw2/data/genome_db/GCF_045206255.1
1211	:	1770321198.117	     1.875	0	54	0	0	write_iso_sources /home/kcw2/data/genome_db/GCF_036226605.1
1210	:	1770321198.097	     1.925	0	54	0	0	write_iso_sources /home/kcw2/data/genome_db/GCF_036226685.1
1244	:	1770321199.393	     0.655	0	54	0	0	write_iso_sources /home/kcw2/data/genome_db/GCF_026625065.1
1222	:	1770321198.528	     1.543	0	54	0	0	write_iso_sources /home/kcw2/data/genome_db/GCF_036090055.1
1233	:	1770321198.816	     1.259	0	54	0	0	write_iso_sources /home/kcw2/data/genome_db/GCF_030374125.1
1234	:	1770321198.883	     1.222	0	54	0	0	write_iso_sources /home/kcw2/data/genome_db/GCF_025908475.1
1198	:	1770321197.892	     2.263	0	54	0	0	write_iso_sources /home/kcw2/data/genome_db/GCF_045041125.1
1204	:	1770321197.951	     2.209	0	54	0	0	write_iso_sources /home/kcw2/data/genome_db/GCF_036106915.1
1221	:	1770321198.499	     1.664	0	54	0	0	write_iso_sources /home/kcw2/data/genome_db/GCF_036347035.1
1223	:	1770321198.553	     1.611	0	54	0	0	write_iso_sources /home/kcw2/data/genome_db/GCF_045207335.1
1218	:	1770321198.326	     1.839	0	54	0	0	write_iso_sources /home/kcw2/data/genome_db/GCF_035917995.1
1243	:	1770321199.217	     0.950	0	54	0	0	write_iso_sources /home/kcw2/data/genome_db/GCF_045063725.1
1220	:	1770321198.473	     1.726	0	54	0	0	write_iso_sources /home/kcw2/data/genome_db/GCF_036017915.1
1235	:	1770321198.898	     1.303	0	54	0	0	write_iso_sources /home/kcw2/data/genome_db/GCF_025813515.1
1199	:	1770321197.901	     2.348	0	54	0	0	write_iso_sources /home/kcw2/data/genome_db/GCF_036010645.1
1226	:	1770321198.626	     1.629	0	54	0	0	write_iso_sources /home/kcw2/data/genome_db/GCF_025398155.2
1242	:	1770321199.200	     1.055	0	54	0	0	write_iso_sources /home/kcw2/data/genome_db/GCF_045038335.1
1231	:	1770321198.768	     1.522	0	54	0	0	write_iso_sources /home/kcw2/data/genome_db/GCF_030077625.1
1236	:	1770321198.914	     1.378	0	54	0	0	write_iso_sources /home/kcw2/data/genome_db/GCF_025947365.1
1217	:	1770321198.304	     2.016	0	54	0	0	write_iso_sources /home/kcw2/data/genome_db/GCF_036243895.1
1215	:	1770321198.271	     2.087	0	54	0	0	write_iso_sources /home/kcw2/data/genome_db/GCF_045209375.1
1205	:	1770321197.982	     2.377	0	54	0	0	write_iso_sources /home/kcw2/data/genome_db/GCF_036103115.1
1237	:	1770321198.928	     1.433	0	54	0	0	write_iso_sources /home/kcw2/data/genome_db/GCF_025947385.1
1209	:	1770321198.078	     2.302	0	54	0	0	write_iso_sources /home/kcw2/data/genome_db/GCF_036345255.1
1212	:	1770321198.203	     2.207	0	54	0	0	write_iso_sources /home/kcw2/data/genome_db/GCF_036227425.1
1201	:	1770321197.919	     2.506	0	54	0	0	write_iso_sources /home/kcw2/data/genome_db/GCF_036010605.1
1206	:	1770321198.006	     2.420	0	54	0	0	write_iso_sources /home/kcw2/data/genome_db/GCF_036014015.1
1216	:	1770321198.287	     2.192	0	54	0	0	write_iso_sources /home/kcw2/data/genome_db/GCF_036244815.1
1246	:	1770321199.640	     0.842	0	54	0	0	write_iso_sources /home/kcw2/data/genome_db/GCF_033558715.1
1207	:	1770321198.043	     2.462	0	54	0	0	write_iso_sources /home/kcw2/data/genome_db/GCF_036013955.1
1202	:	1770321197.929	     2.594	0	54	0	0	write_iso_sources /home/kcw2/data/genome_db/GCF_036178905.1
1240	:	1770321199.104	     1.421	0	54	0	0	write_iso_sources /home/kcw2/data/genome_db/GCF_026015985.1
1254	:	1770321199.802	     0.724	0	54	0	0	write_iso_sources /home/kcw2/data/genome_db/GCF_027912535.1
1252	:	1770321199.767	     0.772	0	54	0	0	write_iso_sources /home/kcw2/data/genome_db/GCF_027171405.1
1219	:	1770321198.446	     2.130	0	54	0	0	write_iso_sources /home/kcw2/data/genome_db/GCF_035917975.1
1203	:	1770321197.939	     2.639	0	54	0	0	write_iso_sources /home/kcw2/data/genome_db/GCF_036178845.1
1260	:	1770321200.072	     0.506	0	54	0	0	write_iso_sources /home/kcw2/data/genome_db/GCF_012221625.1
1245	:	1770321199.450	     1.270	0	54	0	0	write_iso_sources /home/kcw2/data/genome_db/GCF_026410105.1
1250	:	1770321199.723	     1.029	0	54	0	0	write_iso_sources /home/kcw2/data/genome_db/GCF_042763285.1
1255	:	1770321199.820	     1.041	0	54	0	0	write_iso_sources /home/kcw2/data/genome_db/GCF_027912495.1
1214	:	1770321198.255	     2.726	0	54	0	0	write_iso_sources /home/kcw2/data/genome_db/GCF_045209325.1
1257	:	1770321199.967	     1.089	0	54	0	0	write_iso_sources /home/kcw2/data/genome_db/GCF_027886585.1
1248	:	1770321199.692	     1.381	0	54	0	0	write_iso_sources /home/kcw2/data/genome_db/GCF_046113285.1
1253	:	1770321199.780	     1.295	0	54	0	0	write_iso_sources /home/kcw2/data/genome_db/GCF_027366395.1
1247	:	1770321199.676	     1.439	0	54	0	0	write_iso_sources /home/kcw2/data/genome_db/GCF_028416635.1
1273	:	1770321200.358	     0.776	0	54	0	0	write_iso_sources /home/kcw2/data/genome_db/GCF_029726355.1
1265	:	1770321200.200	     1.062	0	54	0	0	write_iso_sources /home/kcw2/data/genome_db/GCF_033412715.1
1262	:	1770321200.130	     1.191	0	54	0	0	write_iso_sources /home/kcw2/data/genome_db/GCF_028736115.1
1259	:	1770321200.048	     1.303	0	54	0	0	write_iso_sources /home/kcw2/data/genome_db/GCF_035749905.1
1293	:	1770321200.674	     0.678	0	54	0	0	write_iso_sources /home/kcw2/data/genome_db/GCF_030232745.2
1264	:	1770321200.181	     1.193	0	54	0	0	write_iso_sources /home/kcw2/data/genome_db/GCF_030252325.1
1269	:	1770321200.289	     1.106	0	54	0	0	write_iso_sources /home/kcw2/data/genome_db/GCF_029866905.1
1263	:	1770321200.156	     1.262	0	54	0	0	write_iso_sources /home/kcw2/data/genome_db/GCF_028736135.1
1283	:	1770321200.522	     0.898	0	54	0	0	write_iso_sources /home/kcw2/data/genome_db/GCF_035581365.1
1258	:	1770321200.022	     1.419	0	54	0	0	write_iso_sources /home/kcw2/data/genome_db/GCF_035749045.1
1275	:	1770321200.399	     1.045	0	54	0	0	write_iso_sources /home/kcw2/data/genome_db/GCF_029873215.1
1292	:	1770321200.659	     0.786	0	54	0	0	write_iso_sources /home/kcw2/data/genome_db/GCF_030229905.2
1279	:	1770321200.462	     1.023	0	54	0	0	write_iso_sources /home/kcw2/data/genome_db/GCF_036865535.1
1261	:	1770321200.105	     1.394	0	54	0	0	write_iso_sources /home/kcw2/data/genome_db/GCF_028421645.1
1280	:	1770321200.479	     1.021	0	54	0	0	write_iso_sources /home/kcw2/data/genome_db/GCF_029909415.1
1277	:	1770321200.424	     1.092	0	54	0	0	write_iso_sources /home/kcw2/data/genome_db/GCF_029590555.1
1286	:	1770321200.576	     0.940	0	54	0	0	write_iso_sources /home/kcw2/data/genome_db/GCF_018118585.1
1241	:	1770321199.173	     2.366	0	54	0	0	write_iso_sources /home/kcw2/data/genome_db/GCF_021052365.1
1268	:	1770321200.268	     1.282	0	54	0	0	write_iso_sources /home/kcw2/data/genome_db/GCF_029962125.1
1274	:	1770321200.380	     1.171	0	54	0	0	write_iso_sources /home/kcw2/data/genome_db/GCF_029625215.1
1266	:	1770321200.224	     1.358	0	54	0	0	write_iso_sources /home/kcw2/data/genome_db/GCF_045780835.1
1249	:	1770321199.704	     1.914	0	54	0	0	write_iso_sources /home/kcw2/data/genome_db/GCF_029392895.1
1267	:	1770321200.249	     1.371	0	54	0	0	write_iso_sources /home/kcw2/data/genome_db/GCF_029457475.1
1272	:	1770321200.341	     1.280	0	54	0	0	write_iso_sources /home/kcw2/data/genome_db/GCF_029537255.1
1281	:	1770321200.494	     1.128	0	54	0	0	write_iso_sources /home/kcw2/data/genome_db/GCF_029909435.1
1287	:	1770321200.589	     1.033	0	54	0	0	write_iso_sources /home/kcw2/data/genome_db/GCF_039602135.1
1256	:	1770321199.930	     1.764	0	54	0	0	write_iso_sources /home/kcw2/data/genome_db/GCF_028198105.1
1278	:	1770321200.445	     1.278	0	54	0	0	write_iso_sources /home/kcw2/data/genome_db/GCF_036865545.1
1289	:	1770321200.614	     1.158	0	54	0	0	write_iso_sources /home/kcw2/data/genome_db/GCF_034344045.1
1290	:	1770321200.627	     1.161	0	54	0	0	write_iso_sources /home/kcw2/data/genome_db/GCF_035199985.1
1308	:	1770321201.418	     0.384	0	54	0	0	write_iso_sources /home/kcw2/data/genome_db/GCF_964027115.1
1251	:	1770321199.749	     2.095	0	54	0	0	write_iso_sources /home/kcw2/data/genome_db/GCF_026967615.1
1310	:	1770321201.442	     0.425	0	54	0	0	write_iso_sources /home/kcw2/data/genome_db/GCF_964026975.1
1320	:	1770321201.581	     0.287	0	54	0	0	write_iso_sources /home/kcw2/data/genome_db/GCF_964019505.1
1313	:	1770321201.484	     0.388	0	54	0	0	write_iso_sources /home/kcw2/data/genome_db/GCF_964028585.1
1312	:	1770321201.469	     0.434	0	54	0	0	write_iso_sources /home/kcw2/data/genome_db/GCF_964028365.1
1309	:	1770321201.431	     0.497	0	54	0	0	write_iso_sources /home/kcw2/data/genome_db/GCF_964028105.1
1271	:	1770321200.320	     1.621	0	54	0	0	write_iso_sources /home/kcw2/data/genome_db/GCF_029542445.1
1311	:	1770321201.456	     0.486	0	54	0	0	write_iso_sources /home/kcw2/data/genome_db/GCF_964026945.1
1321	:	1770321201.592	     0.351	0	54	0	0	write_iso_sources /home/kcw2/data/genome_db/GCF_964030865.1
1296	:	1770321200.768	     1.188	0	54	0	0	write_iso_sources /home/kcw2/data/genome_db/GCF_030549525.1
1303	:	1770321201.154	     0.819	0	54	0	0	write_iso_sources /home/kcw2/data/genome_db/GCF_030623445.1
1314	:	1770321201.500	     0.474	0	54	0	0	write_iso_sources /home/kcw2/data/genome_db/GCF_964028385.1
1315	:	1770321201.515	     0.460	0	54	0	0	write_iso_sources /home/kcw2/data/genome_db/GCF_964027055.1
1317	:	1770321201.540	     0.437	0	54	0	0	write_iso_sources /home/kcw2/data/genome_db/GCF_964277335.1
1270	:	1770321200.308	     1.694	0	54	0	0	write_iso_sources /home/kcw2/data/genome_db/GCF_029278605.1
1295	:	1770321200.743	     1.290	0	54	0	0	write_iso_sources /home/kcw2/data/genome_db/GCF_030345295.1
1298	:	1770321200.997	     1.039	0	54	0	0	write_iso_sources /home/kcw2/data/genome_db/GCF_030413635.1
1285	:	1770321200.560	     1.509	0	54	0	0	write_iso_sources /home/kcw2/data/genome_db/GCF_034008215.1
1282	:	1770321200.504	     1.569	0	54	0	0	write_iso_sources /home/kcw2/data/genome_db/GCF_030053115.1
1318	:	1770321201.550	     0.523	0	54	0	0	write_iso_sources /home/kcw2/data/genome_db/GCF_964026435.1
1334	:	1770321201.867	     0.207	0	54	0	0	write_iso_sources /home/kcw2/data/genome_db/GCF_039352235.1
1276	:	1770321200.410	     1.676	0	54	0	0	write_iso_sources /home/kcw2/data/genome_db/GCF_029691625.1
1300	:	1770321201.090	     1.011	0	54	0	0	write_iso_sources /home/kcw2/data/genome_db/GCF_030503895.2
1302	:	1770321201.134	     0.988	0	54	0	0	write_iso_sources /home/kcw2/data/genome_db/GCF_030623315.1
1316	:	1770321201.530	     0.594	0	54	0	0	write_iso_sources /home/kcw2/data/genome_db/GCF_964019515.1
1319	:	1770321201.570	     0.555	0	54	0	0	write_iso_sources /home/kcw2/data/genome_db/GCF_964291875.1
1340	:	1770321201.956	     0.169	0	54	0	0	write_iso_sources /home/kcw2/data/genome_db/GCF_964019745.1
1297	:	1770321200.882	     1.271	0	54	0	0	write_iso_sources /home/kcw2/data/genome_db/GCF_030549615.1
1323	:	1770321201.619	     0.546	0	54	0	0	write_iso_sources /home/kcw2/data/genome_db/GCF_964019575.1
1335	:	1770321201.888	     0.289	0	54	0	0	write_iso_sources /home/kcw2/data/genome_db/GCF_039355125.1
1322	:	1770321201.609	     0.641	0	54	0	0	write_iso_sources /home/kcw2/data/genome_db/GCF_964020965.1
1284	:	1770321200.539	     1.723	0	54	0	0	write_iso_sources /home/kcw2/data/genome_db/GCF_034008235.1
1288	:	1770321200.601	     1.662	0	54	0	0	write_iso_sources /home/kcw2/data/genome_db/GCF_030127045.1
1291	:	1770321200.642	     1.623	0	54	0	0	write_iso_sources /home/kcw2/data/genome_db/GCF_032614175.1
1327	:	1770321201.669	     0.598	0	54	0	0	write_iso_sources /home/kcw2/data/genome_db/GCF_030908405.1
1294	:	1770321200.694	     1.621	0	54	0	0	write_iso_sources /home/kcw2/data/genome_db/GCF_031326345.1
1338	:	1770321201.929	     0.387	0	54	0	0	write_iso_sources /home/kcw2/data/genome_db/GCF_964026895.1
1339	:	1770321201.941	     0.375	0	54	0	0	write_iso_sources /home/kcw2/data/genome_db/GCF_964028325.1
1330	:	1770321201.736	     0.763	0	54	0	0	write_iso_sources /home/kcw2/data/genome_db/GCF_031583255.1
1331	:	1770321201.789	     0.711	0	54	0	0	write_iso_sources /home/kcw2/data/genome_db/GCF_031583315.1
1332	:	1770321201.803	     0.700	0	54	0	0	write_iso_sources /home/kcw2/data/genome_db/GCF_031586415.1
1347	:	1770321202.123	     0.400	0	54	0	0	write_iso_sources /home/kcw2/data/genome_db/GCF_047305145.1
1301	:	1770321201.116	     1.436	0	54	0	0	write_iso_sources /home/kcw2/data/genome_db/GCF_030503855.1
1304	:	1770321201.278	     1.326	0	54	0	0	write_iso_sources /home/kcw2/data/genome_db/GCF_050389805.1
1299	:	1770321201.074	     1.534	0	54	0	0	write_iso_sources /home/kcw2/data/genome_db/GCF_036364245.1
1326	:	1770321201.658	     0.950	0	54	0	0	write_iso_sources /home/kcw2/data/genome_db/GCF_030908385.1
1329	:	1770321201.715	     0.894	0	54	0	0	write_iso_sources /home/kcw2/data/genome_db/GCF_032229285.1
1346	:	1770321202.100	     0.511	0	54	0	0	write_iso_sources /home/kcw2/data/genome_db/GCF_047305155.1
1341	:	1770321201.973	     0.648	0	54	0	0	write_iso_sources /home/kcw2/data/genome_db/GCF_964019775.1
1325	:	1770321201.644	     0.993	0	54	0	0	write_iso_sources /home/kcw2/data/genome_db/GCF_030913365.1
1324	:	1770321201.633	     1.027	0	54	0	0	write_iso_sources /home/kcw2/data/genome_db/GCF_030913325.1
1348	:	1770321202.137	     0.615	0	54	0	0	write_iso_sources /home/kcw2/data/genome_db/GCF_047304715.1
1305	:	1770321201.336	     1.591	0	54	0	0	write_iso_sources /home/kcw2/data/genome_db/GCF_033561535.1
1352	:	1770321202.191	     0.769	0	54	0	0	write_iso_sources /home/kcw2/data/genome_db/GCF_044598075.1
1328	:	1770321201.687	     1.329	0	54	0	0	write_iso_sources /home/kcw2/data/genome_db/GCF_047947045.1
1306	:	1770321201.373	     1.659	0	54	0	0	write_iso_sources /home/kcw2/data/genome_db/GCF_041154485.1
1349	:	1770321202.153	     0.879	0	54	0	0	write_iso_sources /home/kcw2/data/genome_db/GCF_047304545.1
1345	:	1770321202.087	     0.968	0	54	0	0	write_iso_sources /home/kcw2/data/genome_db/GCF_037023735.1
1353	:	1770321202.201	     0.906	0	54	0	0	write_iso_sources /home/kcw2/data/genome_db/GCF_044597725.1
1371	:	1770321202.552	     0.557	0	54	0	0	write_iso_sources /home/kcw2/data/genome_db/GCF_040451425.1
1337	:	1770321201.917	     1.210	0	54	0	0	write_iso_sources /home/kcw2/data/genome_db/GCF_041428575.1
1360	:	1770321202.329	     0.801	0	54	0	0	write_iso_sources /home/kcw2/data/genome_db/GCF_965247905.1
1307	:	1770321201.396	     1.788	0	54	0	0	write_iso_sources /home/kcw2/data/genome_db/GCF_041154495.1
1350	:	1770321202.165	     1.022	0	54	0	0	write_iso_sources /home/kcw2/data/genome_db/GCF_033798705.1
1333	:	1770321201.821	     1.406	0	54	0	0	write_iso_sources /home/kcw2/data/genome_db/GCF_031844745.1
1344	:	1770321202.069	     1.184	0	54	0	0	write_iso_sources /home/kcw2/data/genome_db/GCF_033349375.1
1342	:	1770321202.002	     1.268	0	54	0	0	write_iso_sources /home/kcw2/data/genome_db/GCF_047305475.1
1369	:	1770321202.522	     0.814	0	54	0	0	write_iso_sources /home/kcw2/data/genome_db/GCF_036630085.1
1367	:	1770321202.467	     0.872	0	54	0	0	write_iso_sources /home/kcw2/data/genome_db/GCF_036687315.1
1361	:	1770321202.340	     1.019	0	54	0	0	write_iso_sources /home/kcw2/data/genome_db/GCF_965203625.1
1336	:	1770321201.903	     1.479	0	54	0	0	write_iso_sources /home/kcw2/data/genome_db/GCF_032401055.1
1356	:	1770321202.262	     1.149	0	54	0	0	write_iso_sources /home/kcw2/data/genome_db/GCF_964212655.1
1365	:	1770321202.407	     1.006	0	54	0	0	write_iso_sources /home/kcw2/data/genome_db/GCF_043633585.1
1368	:	1770321202.499	     0.915	0	54	0	0	write_iso_sources /home/kcw2/data/genome_db/GCF_036630115.1
1374	:	1770321202.605	     0.810	0	54	0	0	write_iso_sources /home/kcw2/data/genome_db/GCF_037055305.1
1386	:	1770321202.946	     0.469	0	54	0	0	write_iso_sources /home/kcw2/data/genome_db/GCF_964030825.1
1387	:	1770321202.977	     0.440	0	54	0	0	write_iso_sources /home/kcw2/data/genome_db/GCF_964031205.1
1359	:	1770321202.314	     1.118	0	54	0	0	write_iso_sources /home/kcw2/data/genome_db/GCF_041222825.1
1357	:	1770321202.279	     1.195	0	54	0	0	write_iso_sources /home/kcw2/data/genome_db/GCF_034057115.1
1373	:	1770321202.584	     0.922	0	54	0	0	write_iso_sources /home/kcw2/data/genome_db/GCF_049569215.1
1381	:	1770321202.700	     0.842	0	54	0	0	write_iso_sources /home/kcw2/data/genome_db/GCF_046736275.1
1379	:	1770321202.672	     0.884	0	54	0	0	write_iso_sources /home/kcw2/data/genome_db/GCF_045345115.1
1358	:	1770321202.292	     1.335	0	54	0	0	write_iso_sources /home/kcw2/data/genome_db/GCF_042245395.1
1354	:	1770321202.214	     1.436	0	54	0	0	write_iso_sources /home/kcw2/data/genome_db/GCF_034044115.1
1364	:	1770321202.390	     1.274	0	54	0	0	write_iso_sources /home/kcw2/data/genome_db/GCF_035621795.1
1355	:	1770321202.250	     1.434	0	54	0	0	write_iso_sources /home/kcw2/data/genome_db/GCF_034044175.1
1382	:	1770321202.717	     0.967	0	54	0	0	write_iso_sources /home/kcw2/data/genome_db/GCF_965228465.1
1378	:	1770321202.659	     1.039	0	54	0	0	write_iso_sources /home/kcw2/data/genome_db/GCF_045345185.1
1372	:	1770321202.564	     1.151	0	54	0	0	write_iso_sources /home/kcw2/data/genome_db/GCF_049568105.1
1351	:	1770321202.177	     1.565	0	54	0	0	write_iso_sources /home/kcw2/data/genome_db/GCF_036328175.1
1366	:	1770321202.431	     1.315	0	54	0	0	write_iso_sources /home/kcw2/data/genome_db/GCF_039602225.1
1370	:	1770321202.536	     1.257	0	54	0	0	write_iso_sources /home/kcw2/data/genome_db/GCF_038049935.1
1375	:	1770321202.621	     1.236	0	54	0	0	write_iso_sources /home/kcw2/data/genome_db/GCF_040278395.1
1383	:	1770321202.726	     1.138	0	54	0	0	write_iso_sources /home/kcw2/data/genome_db/GCF_964036595.1
1384	:	1770321202.742	     1.125	0	54	0	0	write_iso_sources /home/kcw2/data/genome_db/GCF_048756585.1
1380	:	1770321202.684	     1.196	0	54	0	0	write_iso_sources /home/kcw2/data/genome_db/GCF_046736315.1
1406	:	1770321203.449	     0.475	0	54	0	0	write_iso_sources /home/kcw2/data/genome_db/GCF_047727615.1
1407	:	1770321203.462	     0.465	0	54	0	0	write_iso_sources /home/kcw2/data/genome_db/GCF_047727585.1
1362	:	1770321202.357	     1.572	0	54	0	0	write_iso_sources /home/kcw2/data/genome_db/GCF_036485475.1
1397	:	1770321203.227	     0.717	0	54	0	0	write_iso_sources /home/kcw2/data/genome_db/GCF_039880525.1
1415	:	1770321203.601	     0.388	0	54	0	0	write_iso_sources /home/kcw2/data/genome_db/GCF_047159735.1
1395	:	1770321203.198	     0.832	0	54	0	0	write_iso_sources /home/kcw2/data/genome_db/GCF_039860695.1
1408	:	1770321203.475	     0.560	0	54	0	0	write_iso_sources /home/kcw2/data/genome_db/GCF_041380015.1
1409	:	1770321203.493	     0.591	0	54	0	0	write_iso_sources /home/kcw2/data/genome_db/GCF_041380025.1
1396	:	1770321203.211	     0.990	0	54	0	0	write_iso_sources /home/kcw2/data/genome_db/GCF_039954625.1
1398	:	1770321203.240	     0.963	0	54	0	0	write_iso_sources /home/kcw2/data/genome_db/GCF_964186585.1
1388	:	1770321203.031	     1.186	0	54	0	0	write_iso_sources /home/kcw2/data/genome_db/GCF_038446665.1
1420	:	1770321203.714	     0.536	0	54	0	0	write_iso_sources /home/kcw2/data/genome_db/GCF_041531585.1
1411	:	1770321203.525	     0.782	0	54	0	0	write_iso_sources /home/kcw2/data/genome_db/GCF_040931995.1
1391	:	1770321203.107	     1.223	0	54	0	0	write_iso_sources /home/kcw2/data/genome_db/GCF_038806765.1
1399	:	1770321203.266	     1.086	0	54	0	0	write_iso_sources /home/kcw2/data/genome_db/GCF_964186625.1
1394	:	1770321203.183	     1.171	0	54	0	0	write_iso_sources /home/kcw2/data/genome_db/GCF_041344805.1
1376	:	1770321202.637	     1.732	0	54	0	0	write_iso_sources /home/kcw2/data/genome_db/GCF_037201975.1
1385	:	1770321202.777	     1.641	0	54	0	0	write_iso_sources /home/kcw2/data/genome_db/GCF_038397775.1
1390	:	1770321203.079	     1.362	0	54	0	0	write_iso_sources /home/kcw2/data/genome_db/GCF_039621635.1
1343	:	1770321202.046	     2.427	0	54	0	0	write_iso_sources /home/kcw2/data/genome_db/GCF_023008405.1
1416	:	1770321203.640	     0.842	0	54	0	0	write_iso_sources /home/kcw2/data/genome_db/GCF_044881195.1
1377	:	1770321202.649	     1.896	0	54	0	0	write_iso_sources /home/kcw2/data/genome_db/GCF_045291515.1
1403	:	1770321203.381	     1.164	0	54	0	0	write_iso_sources /home/kcw2/data/genome_db/GCF_041021955.1
1414	:	1770321203.573	     1.091	0	54	0	0	write_iso_sources /home/kcw2/data/genome_db/GCF_041281685.1
1393	:	1770321203.160	     1.520	0	54	0	0	write_iso_sources /home/kcw2/data/genome_db/GCF_039695385.1
1430	:	1770321203.968	     0.749	0	54	0	0	write_iso_sources /home/kcw2/data/genome_db/GCF_044503215.1
1410	:	1770321203.507	     1.266	0	54	0	0	write_iso_sources /home/kcw2/data/genome_db/GCF_040804525.1
1402	:	1770321203.371	     1.457	0	54	0	0	write_iso_sources /home/kcw2/data/genome_db/GCF_050058005.1
1389	:	1770321203.054	     1.792	0	54	0	0	write_iso_sources /home/kcw2/data/genome_db/GCF_038446955.1
1363	:	1770321202.374	     2.500	0	54	0	0	write_iso_sources /home/kcw2/data/genome_db/GCF_037993025.1
1424	:	1770321203.823	     1.069	0	54	0	0	write_iso_sources /home/kcw2/data/genome_db/GCF_041902385.1
1423	:	1770321203.793	     1.170	0	54	0	0	write_iso_sources /home/kcw2/data/genome_db/GCF_041889765.1
1392	:	1770321203.128	     1.851	0	54	0	0	write_iso_sources /home/kcw2/data/genome_db/GCF_040268305.1
1454	:	1770321204.696	     0.297	0	54	0	0	write_iso_sources /home/kcw2/data/genome_db/GCF_048074515.1
1455	:	1770321204.739	     0.271	0	54	0	0	write_iso_sources /home/kcw2/data/genome_db/GCF_048074655.1
1412	:	1770321203.542	     1.483	0	54	0	0	write_iso_sources /home/kcw2/data/genome_db/GCF_044218825.1
1418	:	1770321203.683	     1.343	0	54	0	0	write_iso_sources /home/kcw2/data/genome_db/GCF_045679545.1
1404	:	1770321203.411	     1.619	0	54	0	0	write_iso_sources /home/kcw2/data/genome_db/GCF_040438645.1
1441	:	1770321204.273	     0.759	0	54	0	0	write_iso_sources /home/kcw2/data/genome_db/GCF_046097455.1
1413	:	1770321203.557	     1.526	0	54	0	0	write_iso_sources /home/kcw2/data/genome_db/GCF_044218835.1
1419	:	1770321203.698	     1.388	0	54	0	0	write_iso_sources /home/kcw2/data/genome_db/GCF_041504345.1
1405	:	1770321203.432	     1.690	0	54	0	0	write_iso_sources /home/kcw2/data/genome_db/GCF_040438635.1
1446	:	1770321204.407	     0.769	0	54	0	0	write_iso_sources /home/kcw2/data/genome_db/GCF_047219225.1
1431	:	1770321203.988	     1.233	0	54	0	0	write_iso_sources /home/kcw2/data/genome_db/GCF_044057475.1
1421	:	1770321203.743	     1.500	0	54	0	0	write_iso_sources /home/kcw2/data/genome_db/GCF_041379005.1
1442	:	1770321204.320	     0.972	0	54	0	0	write_iso_sources /home/kcw2/data/genome_db/GCF_047553435.1
1400	:	1770321203.295	     2.016	0	54	0	0	write_iso_sources /home/kcw2/data/genome_db/GCF_040215715.1
1451	:	1770321204.558	     0.764	0	54	0	0	write_iso_sources /home/kcw2/data/genome_db/GCF_047495495.1
1447	:	1770321204.442	     0.950	0	54	0	0	write_iso_sources /home/kcw2/data/genome_db/GCF_046845665.1
1448	:	1770321204.460	     0.967	0	54	0	0	write_iso_sources /home/kcw2/data/genome_db/GCF_047795635.1
1422	:	1770321203.761	     1.667	0	54	0	0	write_iso_sources /home/kcw2/data/genome_db/GCF_047324315.1
1429	:	1770321203.945	     1.549	0	54	0	0	write_iso_sources /home/kcw2/data/genome_db/GCF_044813085.1
1438	:	1770321204.217	     1.312	0	54	0	0	write_iso_sources /home/kcw2/data/genome_db/GCF_045037995.1
1452	:	1770321204.572	     0.958	0	54	0	0	write_iso_sources /home/kcw2/data/genome_db/GCF_047778035.1
1437	:	1770321204.143	     1.413	0	54	0	0	write_iso_sources /home/kcw2/data/genome_db/GCF_047456185.1
1434	:	1770321204.051	     1.550	0	54	0	0	write_iso_sources /home/kcw2/data/genome_db/GCF_044054595.1
1436	:	1770321204.114	     1.500	0	54	0	0	write_iso_sources /home/kcw2/data/genome_db/GCF_047456175.1
1453	:	1770321204.675	     1.006	0	54	0	0	write_iso_sources /home/kcw2/data/genome_db/GCF_047778045.1
1401	:	1770321203.359	     2.325	0	54	0	0	write_iso_sources /home/kcw2/data/genome_db/GCF_030845235.1
1449	:	1770321204.483	     1.201	0	54	0	0	write_iso_sources /home/kcw2/data/genome_db/GCF_047324305.1
1425	:	1770321203.858	     1.855	0	54	0	0	write_iso_sources /home/kcw2/data/genome_db/GCF_046713495.1
1432	:	1770321204.005	     1.726	0	54	0	0	write_iso_sources /home/kcw2/data/genome_db/GCF_044497305.1
1428	:	1770321203.923	     1.826	0	54	0	0	write_iso_sources /home/kcw2/data/genome_db/GCF_043099725.1
1458	:	1770321204.874	     0.891	0	54	0	0	write_iso_sources /home/kcw2/data/genome_db/GCF_048541585.1
1460	:	1770321204.910	     0.860	0	54	0	0	write_iso_sources /home/kcw2/data/genome_db/GCF_049913315.1
1440	:	1770321204.249	     1.540	0	54	0	0	write_iso_sources /home/kcw2/data/genome_db/GCF_046058985.1
1467	:	1770321205.099	     0.693	0	54	0	0	write_iso_sources /home/kcw2/data/genome_db/GCF_049560815.1
1427	:	1770321203.905	     1.898	0	54	0	0	write_iso_sources /home/kcw2/data/genome_db/GCF_045519255.1
1443	:	1770321204.353	     1.453	0	54	0	0	write_iso_sources /home/kcw2/data/genome_db/GCF_047040275.1
1444	:	1770321204.369	     1.454	0	54	0	0	write_iso_sources /home/kcw2/data/genome_db/GCF_047041135.1
1471	:	1770321205.176	     0.667	0	54	0	0	write_iso_sources /home/kcw2/data/genome_db/GCF_049822495.1
1435	:	1770321204.084	     1.782	0	54	0	0	write_iso_sources /home/kcw2/data/genome_db/GCF_044055365.1
1470	:	1770321205.164	     0.720	0	54	0	0	write_iso_sources /home/kcw2/data/genome_db/GCF_049822945.1
1445	:	1770321204.386	     1.536	0	54	0	0	write_iso_sources /home/kcw2/data/genome_db/GCF_047782645.1
1450	:	1770321204.495	     1.441	0	54	0	0	write_iso_sources /home/kcw2/data/genome_db/GCF_042466685.1
1466	:	1770321205.082	     0.862	0	54	0	0	write_iso_sources /home/kcw2/data/genome_db/GCF_050562195.1
1439	:	1770321204.230	     1.729	0	54	0	0	write_iso_sources /home/kcw2/data/genome_db/GCF_045037865.1
1426	:	1770321203.880	     2.089	0	54	0	0	write_iso_sources /home/kcw2/data/genome_db/GCF_041950565.1
1462	:	1770321204.993	     0.986	0	54	0	0	write_iso_sources /home/kcw2/data/genome_db/GCF_049266655.1
1459	:	1770321204.892	     1.200	0	54	0	0	write_iso_sources /home/kcw2/data/genome_db/GCF_049860755.1
1463	:	1770321205.011	     1.096	0	54	0	0	write_iso_sources /home/kcw2/data/genome_db/GCF_015243575.1
1475	:	1770321205.311	     0.809	0	54	0	0	write_iso_sources /home/kcw2/data/genome_db/GCF_050271975.1
1456	:	1770321204.806	     1.342	0	54	0	0	write_iso_sources /home/kcw2/data/genome_db/GCF_046271865.1
1457	:	1770321204.845	     1.358	0	54	0	0	write_iso_sources /home/kcw2/data/genome_db/GCF_048282555.1
1433	:	1770321204.030	     2.191	0	54	0	0	write_iso_sources /home/kcw2/data/genome_db/GCF_044590125.1
1465	:	1770321205.068	     1.293	0	54	0	0	write_iso_sources /home/kcw2/data/genome_db/GCF_049532965.1
1417	:	1770321203.665	     2.738	0	54	0	0	write_iso_sources /home/kcw2/data/genome_db/GCF_041346965.1
1474	:	1770321205.269	     1.188	0	54	0	0	write_iso_sources /home/kcw2/data/genome_db/GCF_050214925.1
1473	:	1770321205.242	     1.229	0	54	0	0	write_iso_sources /home/kcw2/data/genome_db/GCF_049860605.1
1480	:	1770321205.451	     1.140	0	54	0	0	write_iso_sources /home/kcw2/data/genome_db/GCA_019478765.2
1517	:	1770321206.472	     0.121	0	54	0	0	write_iso_sources /home/kcw2/data/genome_db/GCA_964022845.1
1478	:	1770321205.412	     1.206	0	54	0	0	write_iso_sources /home/kcw2/data/genome_db/GCF_050632225.1
1518	:	1770321206.489	     0.130	0	54	0	0	write_iso_sources /home/kcw2/data/genome_db/GCA_964023055.1
1477	:	1770321205.340	     1.322	0	54	0	0	write_iso_sources /home/kcw2/data/genome_db/GCF_050500185.1
1472	:	1770321205.194	     1.479	0	54	0	0	write_iso_sources /home/kcw2/data/genome_db/GCF_049949235.1
1485	:	1770321205.614	     1.086	0	54	0	0	write_iso_sources /home/kcw2/data/genome_db/GCA_028355435.1
1476	:	1770321205.323	     1.393	0	54	0	0	write_iso_sources /home/kcw2/data/genome_db/GCF_050500195.1
1481	:	1770321205.530	     1.190	0	54	0	0	write_iso_sources /home/kcw2/data/genome_db/GCA_021366075.1
1484	:	1770321205.585	     1.138	0	54	0	0	write_iso_sources /home/kcw2/data/genome_db/GCA_025757665.1
1486	:	1770321205.632	     1.115	0	54	0	0	write_iso_sources /home/kcw2/data/genome_db/GCA_029717705.1
1469	:	1770321205.143	     1.617	0	54	0	0	write_iso_sources /home/kcw2/data/genome_db/GCF_049810355.1
1461	:	1770321204.974	     1.786	0	54	0	0	write_iso_sources /home/kcw2/data/genome_db/GCF_049905105.1
1464	:	1770321205.049	     1.754	0	54	0	0	write_iso_sources /home/kcw2/data/genome_db/GCF_049532985.1
1483	:	1770321205.567	     1.258	0	54	0	0	write_iso_sources /home/kcw2/data/genome_db/GCA_023022885.1
1482	:	1770321205.555	     1.378	0	54	0	0	write_iso_sources /home/kcw2/data/genome_db/GCA_021461855.1
1489	:	1770321205.731	     1.220	0	54	0	0	write_iso_sources /home/kcw2/data/genome_db/GCA_029719665.1
1490	:	1770321205.750	     1.220	0	54	0	0	write_iso_sources /home/kcw2/data/genome_db/GCA_029721095.1
1491	:	1770321205.765	     1.221	0	54	0	0	write_iso_sources /home/kcw2/data/genome_db/GCA_030019715.1
1468	:	1770321205.122	     1.891	0	54	0	0	write_iso_sources /home/kcw2/data/genome_db/GCF_049819085.1
1487	:	1770321205.697	     1.329	0	54	0	0	write_iso_sources /home/kcw2/data/genome_db/GCA_029718445.1
1493	:	1770321205.804	     1.226	0	54	0	0	write_iso_sources /home/kcw2/data/genome_db/GCA_034532245.2
1495	:	1770321205.843	     1.190	0	54	0	0	write_iso_sources /home/kcw2/data/genome_db/GCA_037738255.1
1488	:	1770321205.713	     1.373	0	54	0	0	write_iso_sources /home/kcw2/data/genome_db/GCA_029719025.1
1510	:	1770321206.121	     1.010	0	54	0	0	write_iso_sources /home/kcw2/data/genome_db/GCA_047199205.1
1492	:	1770321205.790	     1.384	0	54	0	0	write_iso_sources /home/kcw2/data/genome_db/GCA_030020135.1
1500	:	1770321205.911	     1.279	0	54	0	0	write_iso_sources /home/kcw2/data/genome_db/GCA_043943985.1
1501	:	1770321205.922	     1.269	0	54	0	0	write_iso_sources /home/kcw2/data/genome_db/GCA_043944195.1
1503	:	1770321205.945	     1.246	0	54	0	0	write_iso_sources /home/kcw2/data/genome_db/GCA_043985705.1
1511	:	1770321206.142	     1.051	0	54	0	0	write_iso_sources /home/kcw2/data/genome_db/GCA_048840065.1
1505	:	1770321205.969	     1.233	0	54	0	0	write_iso_sources /home/kcw2/data/genome_db/GCA_044035445.1
1496	:	1770321205.853	     1.353	0	54	0	0	write_iso_sources /home/kcw2/data/genome_db/GCA_041462825.2
1494	:	1770321205.822	     1.444	0	54	0	0	write_iso_sources /home/kcw2/data/genome_db/GCA_036493435.1
1499	:	1770321205.898	     1.372	0	54	0	0	write_iso_sources /home/kcw2/data/genome_db/GCA_043943775.1
1502	:	1770321205.936	     1.345	0	54	0	0	write_iso_sources /home/kcw2/data/genome_db/GCA_043979725.1
1497	:	1770321205.867	     1.424	0	54	0	0	write_iso_sources /home/kcw2/data/genome_db/GCA_043934395.1
1479	:	1770321205.439	     1.865	0	54	0	0	write_iso_sources /home/kcw2/data/genome_db/GCF_050632245.1
1498	:	1770321205.884	     1.421	0	54	0	0	write_iso_sources /home/kcw2/data/genome_db/GCA_043941425.1
1509	:	1770321206.107	     1.231	0	54	0	0	write_iso_sources /home/kcw2/data/genome_db/GCA_046764285.1
1520	:	1770321206.638	     0.703	0	54	0	0	write_iso_sources /home/kcw2/data/genome_db/GCA_964037605.1
1522	:	1770321206.662	     0.680	0	54	0	0	write_iso_sources /home/kcw2/data/genome_db/GCA_964038735.1
1519	:	1770321206.618	     0.757	0	54	0	0	write_iso_sources /home/kcw2/data/genome_db/GCA_964036995.1
1507	:	1770321205.996	     1.411	0	54	0	0	write_iso_sources /home/kcw2/data/genome_db/GCA_045344735.1
1525	:	1770321206.716	     0.694	0	54	0	0	write_iso_sources /home/kcw2/data/genome_db/GCA_964040245.1
1506	:	1770321205.978	     1.447	0	54	0	0	write_iso_sources /home/kcw2/data/genome_db/GCA_044044925.1
1504	:	1770321205.959	     1.467	0	54	0	0	write_iso_sources /home/kcw2/data/genome_db/GCA_043992415.1
1508	:	1770321206.011	     1.416	0	54	0	0	write_iso_sources /home/kcw2/data/genome_db/GCA_046581025.1
1531	:	1770321206.804	     0.659	0	54	0	0	write_iso_sources /home/kcw2/data/genome_db/GCA_964043805.1
1554	:	1770321207.355	     0.108	0	54	0	0	write_iso_sources /home/kcw2/data/genome_db/GCA_964264615.1
1523	:	1770321206.673	     0.813	0	54	0	0	write_iso_sources /home/kcw2/data/genome_db/GCA_964039245.1
1524	:	1770321206.691	     0.796	0	54	0	0	write_iso_sources /home/kcw2/data/genome_db/GCA_964039715.1
1521	:	1770321206.647	     0.863	0	54	0	0	write_iso_sources /home/kcw2/data/genome_db/GCA_964038005.1
1530	:	1770321206.787	     0.726	0	54	0	0	write_iso_sources /home/kcw2/data/genome_db/GCA_964043095.1
1555	:	1770321207.376	     0.137	0	54	0	0	write_iso_sources /home/kcw2/data/genome_db/GCA_964262365.1
1512	:	1770321206.166	     1.362	0	54	0	0	write_iso_sources /home/kcw2/data/genome_db/GCA_050157205.1
1529	:	1770321206.774	     0.756	0	54	0	0	write_iso_sources /home/kcw2/data/genome_db/GCA_964042535.1
1526	:	1770321206.738	     0.817	0	54	0	0	write_iso_sources /home/kcw2/data/genome_db/GCA_964040915.1
1527	:	1770321206.747	     0.809	0	54	0	0	write_iso_sources /home/kcw2/data/genome_db/GCA_964041385.1
1513	:	1770321206.222	     1.361	0	54	0	0	write_iso_sources /home/kcw2/data/genome_db/GCA_050171805.1
1533	:	1770321206.840	     0.745	0	54	0	0	write_iso_sources /home/kcw2/data/genome_db/GCA_964045045.1
1516	:	1770321206.416	     1.203	0	54	0	0	write_iso_sources /home/kcw2/data/genome_db/GCA_050245455.1
1532	:	1770321206.823	     0.798	0	54	0	0	write_iso_sources /home/kcw2/data/genome_db/GCA_964044475.1
1515	:	1770321206.379	     1.258	0	54	0	0	write_iso_sources /home/kcw2/data/genome_db/GCA_050203495.1
1528	:	1770321206.760	     0.880	0	54	0	0	write_iso_sources /home/kcw2/data/genome_db/GCA_964041865.1
1535	:	1770321206.970	     0.670	0	54	0	0	write_iso_sources /home/kcw2/data/genome_db/GCA_964046215.1
1514	:	1770321206.240	     1.443	0	54	0	0	write_iso_sources /home/kcw2/data/genome_db/GCA_050188745.1
1541	:	1770321207.074	     0.611	0	54	0	0	write_iso_sources /home/kcw2/data/genome_db/GCA_964049405.1
1534	:	1770321206.951	     0.758	0	54	0	0	write_iso_sources /home/kcw2/data/genome_db/GCA_964045635.1
1537	:	1770321206.999	     0.711	0	54	0	0	write_iso_sources /home/kcw2/data/genome_db/GCA_964047255.1
1542	:	1770321207.099	     0.651	0	54	0	0	write_iso_sources /home/kcw2/data/genome_db/GCA_964049775.1
1536	:	1770321206.987	     0.802	0	54	0	0	write_iso_sources /home/kcw2/data/genome_db/GCA_964046745.1
1540	:	1770321207.059	     0.752	0	54	0	0	write_iso_sources /home/kcw2/data/genome_db/GCA_964048755.1
1539	:	1770321207.049	     0.763	0	54	0	0	write_iso_sources /home/kcw2/data/genome_db/GCA_964048245.1
1545	:	1770321207.202	     0.611	0	54	0	0	write_iso_sources /home/kcw2/data/genome_db/GCA_964051605.1
1538	:	1770321207.027	     0.811	0	54	0	0	write_iso_sources /home/kcw2/data/genome_db/GCA_964047795.1
1544	:	1770321207.190	     0.667	0	54	0	0	write_iso_sources /home/kcw2/data/genome_db/GCA_964051025.1
1548	:	1770321207.266	     0.621	0	54	0	0	write_iso_sources /home/kcw2/data/genome_db/GCA_964053215.1
1543	:	1770321207.153	     0.744	0	54	0	0	write_iso_sources /home/kcw2/data/genome_db/GCA_964050445.1
1547	:	1770321207.237	     0.710	0	54	0	0	write_iso_sources /home/kcw2/data/genome_db/GCA_964052615.1
1546	:	1770321207.220	     0.740	0	54	0	0	write_iso_sources /home/kcw2/data/genome_db/GCA_964052085.1
1550	:	1770321207.292	     0.682	0	54	0	0	write_iso_sources /home/kcw2/data/genome_db/GCA_964054425.1
1551	:	1770321207.304	     0.680	0	54	0	0	write_iso_sources /home/kcw2/data/genome_db/GCA_964055095.1
1552	:	1770321207.324	     0.693	0	54	0	0	write_iso_sources /home/kcw2/data/genome_db/GCA_964055945.1
1549	:	1770321207.282	     0.746	0	54	0	0	write_iso_sources /home/kcw2/data/genome_db/GCA_964053845.1
1553	:	1770321207.339	     0.694	0	54	0	0	write_iso_sources /home/kcw2/data/genome_db/GCA_964056415.1
1596	:	1770321207.984	     0.104	0	54	0	0	write_iso_sources /home/kcw2/data/genome_db/GCA_964262235.1
1557	:	1770321207.408	     0.706	0	54	0	0	write_iso_sources /home/kcw2/data/genome_db/GCA_019603295.1
1556	:	1770321207.395	     0.743	0	54	0	0	write_iso_sources /home/kcw2/data/genome_db/GCA_019602875.1
1581	:	1770321207.750	     0.765	0	54	0	0	write_iso_sources /home/kcw2/data/genome_db/GCA_048595785.1
1582	:	1770321207.789	     0.810	0	54	0	0	write_iso_sources /home/kcw2/data/genome_db/GCA_902649685.1
1562	:	1770321207.476	     1.230	0	54	0	0	write_iso_sources /home/kcw2/data/genome_db/GCA_030388105.1
1558	:	1770321207.424	     1.285	0	54	0	0	write_iso_sources /home/kcw2/data/genome_db/GCA_022559085.1
1560	:	1770321207.447	     1.306	0	54	0	0	write_iso_sources /home/kcw2/data/genome_db/GCA_026256345.1
1559	:	1770321207.438	     1.317	0	54	0	0	write_iso_sources /home/kcw2/data/genome_db/GCA_026253425.1
1563	:	1770321207.487	     1.280	0	54	0	0	write_iso_sources /home/kcw2/data/genome_db/GCA_031172635.1
1568	:	1770321207.555	     1.274	0	54	0	0	write_iso_sources /home/kcw2/data/genome_db/GCA_041863035.1
1597	:	1770321207.996	     0.835	0	54	0	0	write_iso_sources /home/kcw2/data/genome_db/GCA_964271325.1
1571	:	1770321207.595	     1.246	0	54	0	0	write_iso_sources /home/kcw2/data/genome_db/GCA_041902485.1
1566	:	1770321207.528	     1.321	0	54	0	0	write_iso_sources /home/kcw2/data/genome_db/GCA_041861545.1
1570	:	1770321207.583	     1.279	0	54	0	0	write_iso_sources /home/kcw2/data/genome_db/GCA_041890225.1
1572	:	1770321207.619	     1.245	0	54	0	0	write_iso_sources /home/kcw2/data/genome_db/GCA_041902985.1
1569	:	1770321207.571	     1.307	0	54	0	0	write_iso_sources /home/kcw2/data/genome_db/GCA_041869865.1
1561	:	1770321207.462	     1.451	0	54	0	0	write_iso_sources /home/kcw2/data/genome_db/GCA_030178535.1
1564	:	1770321207.497	     1.417	0	54	0	0	write_iso_sources /home/kcw2/data/genome_db/GCA_037966435.2
1574	:	1770321207.653	     1.262	0	54	0	0	write_iso_sources /home/kcw2/data/genome_db/GCA_041903535.1
1576	:	1770321207.683	     1.257	0	54	0	0	write_iso_sources /home/kcw2/data/genome_db/GCA_041926605.1
1575	:	1770321207.668	     1.302	0	54	0	0	write_iso_sources /home/kcw2/data/genome_db/GCA_041920855.1
1577	:	1770321207.697	     1.299	0	54	0	0	write_iso_sources /home/kcw2/data/genome_db/GCA_041926845.1
1565	:	1770321207.511	     1.552	0	54	0	0	write_iso_sources /home/kcw2/data/genome_db/GCA_041760675.2
1598	:	1770321208.016	     1.066	0	54	0	0	write_iso_sources /home/kcw2/data/genome_db/GCA_013283975.1
1567	:	1770321207.541	     1.557	0	54	0	0	write_iso_sources /home/kcw2/data/genome_db/GCA_041861795.1
1573	:	1770321207.637	     1.461	0	54	0	0	write_iso_sources /home/kcw2/data/genome_db/GCA_041903245.1
1578	:	1770321207.709	     1.421	0	54	0	0	write_iso_sources /home/kcw2/data/genome_db/GCA_041927115.1
1585	:	1770321207.838	     1.293	0	54	0	0	write_iso_sources /home/kcw2/data/genome_db/GCA_905219225.2
1580	:	1770321207.731	     1.434	0	54	0	0	write_iso_sources /home/kcw2/data/genome_db/GCA_046688955.2
1587	:	1770321207.877	     1.289	0	54	0	0	write_iso_sources /home/kcw2/data/genome_db/GCA_905232875.2
1595	:	1770321207.974	     1.210	0	54	0	0	write_iso_sources /home/kcw2/data/genome_db/GCA_905338015.2
1579	:	1770321207.720	     1.513	0	54	0	0	write_iso_sources /home/kcw2/data/genome_db/GCA_044537405.2
1588	:	1770321207.886	     1.348	0	54	0	0	write_iso_sources /home/kcw2/data/genome_db/GCA_905329535.2
1589	:	1770321207.897	     1.338	0	54	0	0	write_iso_sources /home/kcw2/data/genome_db/GCA_905329795.2
1583	:	1770321207.811	     1.454	0	54	0	0	write_iso_sources /home/kcw2/data/genome_db/GCA_905217735.2
1599	:	1770321208.045	     1.222	0	54	0	0	write_iso_sources /home/kcw2/data/genome_db/GCA_008505865.2
1603	:	1770321208.101	     1.168	0	54	0	0	write_iso_sources /home/kcw2/data/genome_db/GCA_018340335.1
1584	:	1770321207.822	     1.471	0	54	0	0	write_iso_sources /home/kcw2/data/genome_db/GCA_905218955.2
1600	:	1770321208.057	     1.253	0	54	0	0	write_iso_sources /home/kcw2/data/genome_db/GCA_012957765.2
1601	:	1770321208.073	     1.238	0	54	0	0	write_iso_sources /home/kcw2/data/genome_db/GCA_037617745.1
1586	:	1770321207.858	     1.463	0	54	0	0	write_iso_sources /home/kcw2/data/genome_db/GCA_905232545.2
1593	:	1770321207.946	     1.428	0	54	0	0	write_iso_sources /home/kcw2/data/genome_db/GCA_905335475.2
1604	:	1770321208.114	     1.261	0	54	0	0	write_iso_sources /home/kcw2/data/genome_db/GCA_020883875.2
1602	:	1770321208.088	     1.306	0	54	0	0	write_iso_sources /home/kcw2/data/genome_db/GCA_045291585.1
1592	:	1770321207.932	     1.491	0	54	0	0	write_iso_sources /home/kcw2/data/genome_db/GCA_905331225.2
1594	:	1770321207.961	     1.463	0	54	0	0	write_iso_sources /home/kcw2/data/genome_db/GCA_905335795.2
1605	:	1770321208.139	     1.355	0	54	0	0	write_iso_sources /home/kcw2/data/genome_db/GCA_020885255.2
1590	:	1770321207.909	     1.597	0	54	0	0	write_iso_sources /home/kcw2/data/genome_db/GCA_905330365.2
1633	:	1770321209.184	     0.331	0	54	0	0	write_iso_sources /home/kcw2/data/genome_db/GCA_020424345.1
1606	:	1770321208.152	     1.403	0	54	0	0	write_iso_sources /home/kcw2/data/genome_db/GCA_020887195.2
1628	:	1770321209.098	     0.497	0	54	0	0	write_iso_sources /home/kcw2/data/genome_db/GCA_047111595.1
1629	:	1770321209.111	     0.510	0	54	0	0	write_iso_sources /home/kcw2/data/genome_db/GCA_047496995.1
1609	:	1770321208.722	     0.914	0	54	0	0	write_iso_sources /home/kcw2/data/genome_db/GCA_048288465.1
1627	:	1770321209.083	     0.594	0	54	0	0	write_iso_sources /home/kcw2/data/genome_db/GCA_041937475.1
1608	:	1770321208.613	     1.085	0	54	0	0	write_iso_sources /home/kcw2/data/genome_db/GCA_014012115.2
1591	:	1770321207.920	     1.805	0	54	0	0	write_iso_sources /home/kcw2/data/genome_db/GCA_905330695.2
1612	:	1770321208.780	     0.990	0	54	0	0	write_iso_sources /home/kcw2/data/genome_db/GCA_040427215.2
1618	:	1770321208.892	     0.927	0	54	0	0	write_iso_sources /home/kcw2/data/genome_db/GCA_050113285.1
1613	:	1770321208.795	     1.039	0	54	0	0	write_iso_sources /home/kcw2/data/genome_db/GCA_050111015.1
1614	:	1770321208.840	     0.999	0	54	0	0	write_iso_sources /home/kcw2/data/genome_db/GCA_050111225.1
1623	:	1770321208.970	     0.898	0	54	0	0	write_iso_sources /home/kcw2/data/genome_db/GCA_050145205.1
1632	:	1770321209.165	     0.730	0	54	0	0	write_iso_sources /home/kcw2/data/genome_db/GCA_025757765.1
1610	:	1770321208.741	     1.171	0	54	0	0	write_iso_sources /home/kcw2/data/genome_db/GCA_025369995.1
1615	:	1770321208.850	     1.078	0	54	0	0	write_iso_sources /home/kcw2/data/genome_db/GCA_050111445.1
1617	:	1770321208.878	     1.050	0	54	0	0	write_iso_sources /home/kcw2/data/genome_db/GCA_050111895.1
1650	:	1770321209.494	     0.434	0	54	0	0	write_iso_sources /home/kcw2/data/genome_db/GCA_018292225.1
1635	:	1770321209.234	     0.732	0	54	0	0	write_iso_sources /home/kcw2/data/genome_db/GCA_008934675.1
1620	:	1770321208.926	     1.062	0	54	0	0	write_iso_sources /home/kcw2/data/genome_db/GCA_050125365.1
1611	:	1770321208.768	     1.244	0	54	0	0	write_iso_sources /home/kcw2/data/genome_db/GCA_041475615.1
1619	:	1770321208.913	     1.100	0	54	0	0	write_iso_sources /home/kcw2/data/genome_db/GCA_050121825.1
1636	:	1770321209.265	     0.750	0	54	0	0	write_iso_sources /home/kcw2/data/genome_db/GCA_008935135.1
1638	:	1770321209.310	     0.735	0	54	0	0	write_iso_sources /home/kcw2/data/genome_db/GCA_008935975.1
1616	:	1770321208.862	     1.196	0	54	0	0	write_iso_sources /home/kcw2/data/genome_db/GCA_050111685.1
1634	:	1770321209.215	     0.844	0	54	0	0	write_iso_sources /home/kcw2/data/genome_db/GCA_008934255.1
1607	:	1770321208.541	     1.522	0	54	0	0	write_iso_sources /home/kcw2/data/genome_db/GCA_020888725.2
1640	:	1770321209.343	     0.720	0	54	0	0	write_iso_sources /home/kcw2/data/genome_db/GCA_008936815.1
1639	:	1770321209.321	     0.755	0	54	0	0	write_iso_sources /home/kcw2/data/genome_db/GCA_008936395.1
1644	:	1770321209.395	     0.684	0	54	0	0	write_iso_sources /home/kcw2/data/genome_db/GCA_014727095.1
1641	:	1770321209.363	     0.721	0	54	0	0	write_iso_sources /home/kcw2/data/genome_db/GCA_014725555.1
1647	:	1770321209.435	     0.650	0	54	0	0	write_iso_sources /home/kcw2/data/genome_db/GCA_014730675.1
1648	:	1770321209.455	     0.630	0	54	0	0	write_iso_sources /home/kcw2/data/genome_db/GCA_014731125.1
1642	:	1770321209.374	     0.741	0	54	0	0	write_iso_sources /home/kcw2/data/genome_db/GCA_014726215.1
1643	:	1770321209.384	     0.746	0	54	0	0	write_iso_sources /home/kcw2/data/genome_db/GCA_014726635.1
1624	:	1770321208.982	     1.188	0	54	0	0	write_iso_sources /home/kcw2/data/genome_db/GCA_050149465.1
1621	:	1770321208.941	     1.233	0	54	0	0	write_iso_sources /home/kcw2/data/genome_db/GCA_050131065.1
1626	:	1770321209.006	     1.167	0	54	0	0	write_iso_sources /home/kcw2/data/genome_db/GCA_030995145.1
1637	:	1770321209.294	     0.881	0	54	0	0	write_iso_sources /home/kcw2/data/genome_db/GCA_008935555.1
1622	:	1770321208.961	     1.215	0	54	0	0	write_iso_sources /home/kcw2/data/genome_db/GCA_050138445.1
1625	:	1770321208.996	     1.223	0	54	0	0	write_iso_sources /home/kcw2/data/genome_db/GCA_050153255.1
1651	:	1770321209.506	     0.714	0	54	0	0	write_iso_sources /home/kcw2/data/genome_db/GCA_029633005.2
1654	:	1770321209.569	     0.671	0	54	0	0	write_iso_sources /home/kcw2/data/genome_db/GCA_030288835.1
1646	:	1770321209.423	     0.840	0	54	0	0	write_iso_sources /home/kcw2/data/genome_db/GCA_014729385.1
1653	:	1770321209.534	     0.731	0	54	0	0	write_iso_sources /home/kcw2/data/genome_db/GCA_030288415.1
1645	:	1770321209.413	     0.875	0	54	0	0	write_iso_sources /home/kcw2/data/genome_db/GCA_014727535.1
1652	:	1770321209.515	     0.775	0	54	0	0	write_iso_sources /home/kcw2/data/genome_db/GCA_030287875.1
1657	:	1770321209.652	     0.677	0	54	0	0	write_iso_sources /home/kcw2/data/genome_db/GCA_030290095.1
1655	:	1770321209.616	     0.732	0	54	0	0	write_iso_sources /home/kcw2/data/genome_db/GCA_030289255.1
1630	:	1770321209.129	     1.334	0	54	0	0	write_iso_sources /home/kcw2/data/genome_db/GCA_024758925.1
1631	:	1770321209.145	     1.371	0	54	0	0	write_iso_sources /home/kcw2/data/genome_db/GCA_025757925.1
1660	:	1770321209.739	     0.778	0	54	0	0	write_iso_sources /home/kcw2/data/genome_db/GCA_033442305.1
1662	:	1770321209.833	     0.687	0	54	0	0	write_iso_sources /home/kcw2/data/genome_db/GCA_035481575.1
1663	:	1770321209.851	     0.669	0	54	0	0	write_iso_sources /home/kcw2/data/genome_db/GCA_035522795.1
1672	:	1770321209.999	     0.521	0	54	0	0	write_iso_sources /home/kcw2/data/genome_db/GCA_040782815.1
1673	:	1770321210.029	     0.493	0	54	0	0	write_iso_sources /home/kcw2/data/genome_db/GCA_001296205.1
1677	:	1770321210.096	     0.427	0	54	0	0	write_iso_sources /home/kcw2/data/genome_db/GCA_030656915.1
1679	:	1770321210.130	     0.392	0	54	0	0	write_iso_sources /home/kcw2/data/genome_db/GCA_030665205.1
1658	:	1770321209.695	     0.847	0	54	0	0	write_iso_sources /home/kcw2/data/genome_db/GCA_030290515.1
1661	:	1770321209.785	     0.758	0	54	0	0	write_iso_sources /home/kcw2/data/genome_db/GCA_035439265.1
1667	:	1770321209.927	     0.618	0	54	0	0	write_iso_sources /home/kcw2/data/genome_db/GCA_040500485.1
1678	:	1770321210.116	     0.430	0	54	0	0	write_iso_sources /home/kcw2/data/genome_db/GCA_030664785.1
1649	:	1770321209.467	     1.109	0	54	0	0	write_iso_sources /home/kcw2/data/genome_db/GCA_014731795.1
1656	:	1770321209.636	     0.943	0	54	0	0	write_iso_sources /home/kcw2/data/genome_db/GCA_030289675.1
1664	:	1770321209.865	     0.714	0	54	0	0	write_iso_sources /home/kcw2/data/genome_db/GCA_035545695.1
1669	:	1770321209.948	     0.633	0	54	0	0	write_iso_sources /home/kcw2/data/genome_db/GCA_046042525.1
1680	:	1770321210.144	     0.451	0	54	0	0	write_iso_sources /home/kcw2/data/genome_db/GCA_030685835.1
1659	:	1770321209.709	     0.941	0	54	0	0	write_iso_sources /home/kcw2/data/genome_db/GCA_030290935.1
1670	:	1770321209.966	     0.687	0	54	0	0	write_iso_sources /home/kcw2/data/genome_db/GCA_046115435.1
1674	:	1770321210.045	     0.609	0	54	0	0	write_iso_sources /home/kcw2/data/genome_db/GCA_025958045.1
1675	:	1770321210.057	     0.623	0	54	0	0	write_iso_sources /home/kcw2/data/genome_db/GCA_018517025.1
1666	:	1770321209.911	     0.786	0	54	0	0	write_iso_sources /home/kcw2/data/genome_db/GCA_039848565.1
1668	:	1770321209.939	     0.759	0	54	0	0	write_iso_sources /home/kcw2/data/genome_db/GCA_045288975.1
1671	:	1770321209.989	     0.720	0	54	0	0	write_iso_sources /home/kcw2/data/genome_db/GCA_024138735.1
1676	:	1770321210.077	     0.713	0	54	0	0	write_iso_sources /home/kcw2/data/genome_db/GCA_022811445.1
1684	:	1770321210.205	     0.607	0	54	0	0	write_iso_sources /home/kcw2/data/genome_db/GCA_043828275.1
1665	:	1770321209.886	     0.965	0	54	0	0	write_iso_sources /home/kcw2/data/genome_db/GCA_038696475.1
1699	:	1770321210.493	     0.369	0	54	0	0	write_iso_sources /home/kcw2/data/genome_db/GCA_902808445.2
1682	:	1770321210.171	     0.700	0	54	0	0	write_iso_sources /home/kcw2/data/genome_db/GCA_043791425.1
1681	:	1770321210.157	     0.727	0	54	0	0	write_iso_sources /home/kcw2/data/genome_db/GCA_043772145.1
1686	:	1770321210.239	     0.661	0	54	0	0	write_iso_sources /home/kcw2/data/genome_db/GCA_043859425.1
1696	:	1770321210.415	     0.523	0	54	0	0	write_iso_sources /home/kcw2/data/genome_db/GCA_046581355.1
1706	:	1770321210.620	     0.323	0	54	0	0	write_iso_sources /home/kcw2/data/genome_db/GCA_023277545.1
1685	:	1770321210.220	     0.759	0	54	0	0	write_iso_sources /home/kcw2/data/genome_db/GCA_043844955.1
1691	:	1770321210.329	     0.667	0	54	0	0	write_iso_sources /home/kcw2/data/genome_db/GCA_050551545.1
1683	:	1770321210.192	     0.818	0	54	0	0	write_iso_sources /home/kcw2/data/genome_db/GCA_043807905.1
1687	:	1770321210.264	     0.759	0	54	0	0	write_iso_sources /home/kcw2/data/genome_db/GCA_043866995.1
1697	:	1770321210.431	     0.592	0	54	0	0	write_iso_sources /home/kcw2/data/genome_db/GCA_003814325.1
1698	:	1770321210.463	     0.562	0	54	0	0	write_iso_sources /home/kcw2/data/genome_db/GCA_042434925.1
1689	:	1770321210.287	     0.751	0	54	0	0	write_iso_sources /home/kcw2/data/genome_db/GCA_050504555.1
1690	:	1770321210.308	     0.730	0	54	0	0	write_iso_sources /home/kcw2/data/genome_db/GCA_050506715.1
1692	:	1770321210.348	     0.720	0	54	0	0	write_iso_sources /home/kcw2/data/genome_db/GCA_018966485.1
1701	:	1770321210.541	     0.528	0	54	0	0	write_iso_sources /home/kcw2/data/genome_db/GCA_030569895.1
1702	:	1770321210.564	     0.532	0	54	0	0	write_iso_sources /home/kcw2/data/genome_db/GCA_030574235.1
1716	:	1770321210.759	     0.350	0	54	0	0	write_iso_sources /home/kcw2/data/genome_db/GCA_018610945.1
1688	:	1770321210.278	     0.860	0	54	0	0	write_iso_sources /home/kcw2/data/genome_db/GCA_043871905.1
1717	:	1770321210.772	     0.428	0	54	0	0	write_iso_sources /home/kcw2/data/genome_db/GCA_027941715.1
1731	:	1770321211.009	     0.221	0	54	0	0	write_iso_sources /home/kcw2/data/genome_db/GCA_030127385.1
1733	:	1770321211.058	     0.190	0	54	0	0	write_iso_sources /home/kcw2/data/genome_db/GCA_963705915.1
1693	:	1770321210.365	     0.963	0	54	0	0	write_iso_sources /home/kcw2/data/genome_db/GCA_029536755.2
1695	:	1770321210.399	     0.965	0	54	0	0	write_iso_sources /home/kcw2/data/genome_db/GCA_033318825.1
1745	:	1770321211.214	     0.166	0	54	0	0	write_iso_sources /home/kcw2/data/genome_db/GCA_030849325.1
1712	:	1770321210.708	     0.690	0	54	0	0	write_iso_sources /home/kcw2/data/genome_db/GCA_029542505.1
1694	:	1770321210.383	     1.058	0	54	0	0	write_iso_sources /home/kcw2/data/genome_db/GCA_029762375.2
1746	:	1770321211.231	     0.213	0	54	0	0	write_iso_sources /home/kcw2/data/genome_db/GCA_039829945.1
1753	:	1770321211.376	     0.088	0	54	0	0	write_iso_sources /home/kcw2/data/genome_db/GCA_964059945.1
1732	:	1770321211.037	     0.443	0	54	0	0	write_iso_sources /home/kcw2/data/genome_db/GCA_963695215.1
1718	:	1770321210.789	     0.727	0	54	0	0	write_iso_sources /home/kcw2/data/genome_db/GCA_039955015.1
1703	:	1770321210.577	     0.957	0	54	0	0	write_iso_sources /home/kcw2/data/genome_db/GCA_050310095.1
1700	:	1770321210.516	     1.040	0	54	0	0	write_iso_sources /home/kcw2/data/genome_db/GCA_002232005.2
1724	:	1770321210.885	     0.687	0	54	0	0	write_iso_sources /home/kcw2/data/genome_db/GCA_964267355.1
1726	:	1770321210.917	     0.685	0	54	0	0	write_iso_sources /home/kcw2/data/genome_db/GCA_964271375.1
1715	:	1770321210.745	     0.894	0	54	0	0	write_iso_sources /home/kcw2/data/genome_db/GCA_019720815.1
1725	:	1770321210.901	     0.764	0	54	0	0	write_iso_sources /home/kcw2/data/genome_db/GCA_964269955.1
1740	:	1770321211.152	     0.535	0	54	0	0	write_iso_sources /home/kcw2/data/genome_db/GCA_958295695.1
1704	:	1770321210.595	     1.144	0	54	0	0	write_iso_sources /home/kcw2/data/genome_db/GCA_046245115.1
1752	:	1770321211.346	     0.420	0	54	0	0	write_iso_sources /home/kcw2/data/genome_db/GCA_028540865.1
1710	:	1770321210.680	     1.119	0	54	0	0	write_iso_sources /home/kcw2/data/genome_db/GCA_010829725.2
1738	:	1770321211.125	     0.734	0	54	0	0	write_iso_sources /home/kcw2/data/genome_db/GCA_001317685.2
1709	:	1770321210.670	     1.207	0	54	0	0	write_iso_sources /home/kcw2/data/genome_db/GCA_006320625.2
1737	:	1770321211.109	     0.769	0	54	0	0	write_iso_sources /home/kcw2/data/genome_db/GCA_963702105.1
1747	:	1770321211.249	     0.631	0	54	0	0	write_iso_sources /home/kcw2/data/genome_db/GCA_042840885.1
1766	:	1770321211.686	     0.194	0	54	0	0	write_iso_sources /home/kcw2/data/genome_db/GCA_965230925.1
1720	:	1770321210.830	     1.065	0	54	0	0	write_iso_sources /home/kcw2/data/genome_db/GCA_023612635.1
1749	:	1770321211.285	     0.613	0	54	0	0	write_iso_sources /home/kcw2/data/genome_db/GCA_042904735.1
1750	:	1770321211.303	     0.597	0	54	0	0	write_iso_sources /home/kcw2/data/genome_db/GCA_042916705.1
1714	:	1770321210.733	     1.167	0	54	0	0	write_iso_sources /home/kcw2/data/genome_db/GCA_012933685.1
1767	:	1770321211.705	     0.197	0	54	0	0	write_iso_sources /home/kcw2/data/genome_db/GCA_900019315.1
1708	:	1770321210.651	     1.270	0	54	0	0	write_iso_sources /home/kcw2/data/genome_db/GCA_018339695.1
1711	:	1770321210.697	     1.239	0	54	0	0	write_iso_sources /home/kcw2/data/genome_db/GCA_018115245.2
1748	:	1770321211.263	     0.674	0	54	0	0	write_iso_sources /home/kcw2/data/genome_db/GCA_042858705.1
1759	:	1770321211.516	     0.422	0	54	0	0	write_iso_sources /home/kcw2/data/genome_db/GCA_963699125.1
1741	:	1770321211.163	     0.784	0	54	0	0	write_iso_sources /home/kcw2/data/genome_db/GCA_963705325.1
1754	:	1770321211.398	     0.572	0	54	0	0	write_iso_sources /home/kcw2/data/genome_db/GCA_946887985.1
1713	:	1770321210.719	     1.265	0	54	0	0	write_iso_sources /home/kcw2/data/genome_db/GCA_040256265.1
1722	:	1770321210.851	     1.136	0	54	0	0	write_iso_sources /home/kcw2/data/genome_db/GCA_044577925.1
1728	:	1770321210.965	     1.042	0	54	0	0	write_iso_sources /home/kcw2/data/genome_db/GCA_018142005.1
1707	:	1770321210.633	     1.444	0	54	0	0	write_iso_sources /home/kcw2/data/genome_db/GCA_025757905.1
1719	:	1770321210.812	     1.276	0	54	0	0	write_iso_sources /home/kcw2/data/genome_db/GCA_041465385.2
1729	:	1770321210.978	     1.123	0	54	0	0	write_iso_sources /home/kcw2/data/genome_db/GCA_040361705.1
1730	:	1770321210.996	     1.105	0	54	0	0	write_iso_sources /home/kcw2/data/genome_db/GCA_030123605.1
1727	:	1770321210.938	     1.179	0	54	0	0	write_iso_sources /home/kcw2/data/genome_db/GCA_046272055.1
1757	:	1770321211.479	     0.653	0	54	0	0	write_iso_sources /home/kcw2/data/genome_db/GCA_048568495.1
1705	:	1770321210.611	     1.555	0	54	0	0	write_iso_sources /home/kcw2/data/genome_db/GCA_036227045.1
1723	:	1770321210.862	     1.321	0	54	0	0	write_iso_sources /home/kcw2/data/genome_db/GCA_044585995.1
1763	:	1770321211.584	     0.599	0	54	0	0	write_iso_sources /home/kcw2/data/genome_db/GCA_965140635.1
1721	:	1770321210.841	     1.358	0	54	0	0	write_iso_sources /home/kcw2/data/genome_db/GCA_044572045.1
1761	:	1770321211.545	     0.656	0	54	0	0	write_iso_sources /home/kcw2/data/genome_db/GCA_963715725.1
1758	:	1770321211.494	     0.726	0	54	0	0	write_iso_sources /home/kcw2/data/genome_db/GCA_048568725.1
1764	:	1770321211.629	     0.595	0	54	0	0	write_iso_sources /home/kcw2/data/genome_db/GCA_963698005.1
1734	:	1770321211.067	     1.189	0	54	0	0	write_iso_sources /home/kcw2/data/genome_db/GCA_008429005.2
1783	:	1770321212.089	     0.167	0	54	0	0	write_iso_sources /home/kcw2/data/genome_db/GCA_046532245.1
1742	:	1770321211.175	     1.107	0	54	0	0	write_iso_sources /home/kcw2/data/genome_db/GCA_008607005.2
1769	:	1770321211.780	     0.503	0	54	0	0	write_iso_sources /home/kcw2/data/genome_db/GCA_963716385.1
1773	:	1770321211.922	     0.361	0	54	0	0	write_iso_sources /home/kcw2/data/genome_db/GCA_963854045.1
1760	:	1770321211.530	     0.801	0	54	0	0	write_iso_sources /home/kcw2/data/genome_db/GCA_963717155.1
1765	:	1770321211.661	     0.685	0	54	0	0	write_iso_sources /home/kcw2/data/genome_db/GCA_963720545.1
1775	:	1770321211.948	     0.400	0	54	0	0	write_iso_sources /home/kcw2/data/genome_db/GCA_965228055.1
1795	:	1770321212.282	     0.096	0	54	0	0	write_iso_sources /home/kcw2/data/genome_db/GCA_002776655.1
1735	:	1770321211.079	     1.315	0	54	0	0	write_iso_sources /home/kcw2/data/genome_db/GCA_016834955.1
1743	:	1770321211.188	     1.225	0	54	0	0	write_iso_sources /home/kcw2/data/genome_db/GCA_008008075.2
1774	:	1770321211.935	     0.479	0	54	0	0	write_iso_sources /home/kcw2/data/genome_db/GCA_963716745.1
1796	:	1770321212.293	     0.121	0	54	0	0	write_iso_sources /home/kcw2/data/genome_db/GCA_047338565.1
1739	:	1770321211.138	     1.305	0	54	0	0	write_iso_sources /home/kcw2/data/genome_db/GCA_009529075.3
1744	:	1770321211.201	     1.243	0	54	0	0	write_iso_sources /home/kcw2/data/genome_db/GCA_020234105.2
1755	:	1770321211.412	     1.034	0	54	0	0	write_iso_sources /home/kcw2/data/genome_db/GCA_010001925.2
1771	:	1770321211.876	     0.574	0	54	0	0	write_iso_sources /home/kcw2/data/genome_db/GCA_965140355.1
1779	:	1770321212.034	     0.417	0	54	0	0	write_iso_sources /home/kcw2/data/genome_db/GCA_905186105.1
1785	:	1770321212.116	     0.335	0	54	0	0	write_iso_sources /home/kcw2/data/genome_db/GCA_030295345.1
1772	:	1770321211.895	     0.592	0	54	0	0	write_iso_sources /home/kcw2/data/genome_db/GCA_049161185.1
1736	:	1770321211.095	     1.421	0	54	0	0	write_iso_sources /home/kcw2/data/genome_db/GCA_038049905.1
1751	:	1770321211.327	     1.190	0	54	0	0	write_iso_sources /home/kcw2/data/genome_db/GCA_006338875.2
1803	:	1770321212.393	     0.126	0	54	0	0	write_iso_sources /home/kcw2/data/genome_db/GCA_017348955.1
1787	:	1770321212.153	     0.380	0	54	0	0	write_iso_sources /home/kcw2/data/genome_db/GCA_963716515.1
1776	:	1770321211.970	     0.576	0	54	0	0	write_iso_sources /home/kcw2/data/genome_db/GCA_019997265.2
1797	:	1770321212.302	     0.246	0	54	0	0	write_iso_sources /home/kcw2/data/genome_db/GCA_943846785.1
1756	:	1770321211.463	     1.099	0	54	0	0	write_iso_sources /home/kcw2/data/genome_db/GCA_007230335.2
1807	:	1770321212.486	     0.077	0	54	0	0	write_iso_sources /home/kcw2/data/genome_db/GCA_024818515.1
1777	:	1770321211.985	     0.607	0	54	0	0	write_iso_sources /home/kcw2/data/genome_db/GCA_019998065.2
1778	:	1770321212.007	     0.594	0	54	0	0	write_iso_sources /home/kcw2/data/genome_db/GCA_020685765.2
1786	:	1770321212.133	     0.476	0	54	0	0	write_iso_sources /home/kcw2/data/genome_db/GCA_965140545.1
1793	:	1770321212.255	     0.355	0	54	0	0	write_iso_sources /home/kcw2/data/genome_db/GCA_958296105.1
1788	:	1770321212.167	     0.497	0	54	0	0	write_iso_sources /home/kcw2/data/genome_db/GCA_963717545.1
1799	:	1770321212.331	     0.342	0	54	0	0	write_iso_sources /home/kcw2/data/genome_db/GCA_963697915.1
1762	:	1770321211.572	     1.104	0	54	0	0	write_iso_sources /home/kcw2/data/genome_db/GCA_030718955.1
1782	:	1770321212.077	     0.626	0	54	0	0	write_iso_sources /home/kcw2/data/genome_db/GCA_951813085.1
1800	:	1770321212.347	     0.406	0	54	0	0	write_iso_sources /home/kcw2/data/genome_db/GCA_963703175.1
1781	:	1770321212.064	     0.708	0	54	0	0	write_iso_sources /home/kcw2/data/genome_db/GCA_008118325.1
1784	:	1770321212.100	     0.675	0	54	0	0	write_iso_sources /home/kcw2/data/genome_db/GCA_019448215.1
1814	:	1770321212.600	     0.176	0	54	0	0	write_iso_sources /home/kcw2/data/genome_db/GCA_013403525.1
1801	:	1770321212.363	     0.425	0	54	0	0	write_iso_sources /home/kcw2/data/genome_db/GCA_963713985.1
1810	:	1770321212.547	     0.282	0	54	0	0	write_iso_sources /home/kcw2/data/genome_db/GCA_000808095.1
1802	:	1770321212.379	     0.467	0	54	0	0	write_iso_sources /home/kcw2/data/genome_db/GCA_963718495.1
1768	:	1770321211.757	     1.108	0	54	0	0	write_iso_sources /home/kcw2/data/genome_db/GCA_018338955.1
1808	:	1770321212.516	     0.351	0	54	0	0	write_iso_sources /home/kcw2/data/genome_db/GCA_963716355.1
1798	:	1770321212.318	     0.606	0	54	0	0	write_iso_sources /home/kcw2/data/genome_db/GCA_043569125.1
1817	:	1770321212.634	     0.319	0	54	0	0	write_iso_sources /home/kcw2/data/genome_db/GCA_963699305.1
1829	:	1770321212.788	     0.180	0	54	0	0	write_iso_sources /home/kcw2/data/genome_db/GCA_041941755.1
1770	:	1770321211.825	     1.145	0	54	0	0	write_iso_sources /home/kcw2/data/genome_db/GCA_017357585.1
1791	:	1770321212.221	     0.779	0	54	0	0	write_iso_sources /home/kcw2/data/genome_db/GCA_029168495.1
1794	:	1770321212.268	     0.744	0	54	0	0	write_iso_sources /home/kcw2/data/genome_db/GCA_951812725.1
1813	:	1770321212.592	     0.433	0	54	0	0	write_iso_sources /home/kcw2/data/genome_db/GCA_963675225.1
1792	:	1770321212.237	     0.808	0	54	0	0	write_iso_sources /home/kcw2/data/genome_db/GCA_029762315.1
1822	:	1770321212.686	     0.359	0	54	0	0	write_iso_sources /home/kcw2/data/genome_db/GCA_963667425.1
1789	:	1770321212.183	     0.942	0	54	0	0	write_iso_sources /home/kcw2/data/genome_db/GCA_008918345.2
1825	:	1770321212.724	     0.404	0	54	0	0	write_iso_sources /home/kcw2/data/genome_db/GCA_029027265.1
1820	:	1770321212.665	     0.475	0	54	0	0	write_iso_sources /home/kcw2/data/genome_db/GCA_965221805.1
1831	:	1770321212.814	     0.369	0	54	0	0	write_iso_sources /home/kcw2/data/genome_db/GCA_047528285.1
1780	:	1770321212.046	     1.152	0	54	0	0	write_iso_sources /home/kcw2/data/genome_db/GCA_036669895.1
1790	:	1770321212.200	     1.043	0	54	0	0	write_iso_sources /home/kcw2/data/genome_db/GCA_045348305.1
1815	:	1770321212.610	     0.636	0	54	0	0	write_iso_sources /home/kcw2/data/genome_db/GCA_965140765.1
1823	:	1770321212.703	     0.543	0	54	0	0	write_iso_sources /home/kcw2/data/genome_db/GCA_965217885.1
1824	:	1770321212.715	     0.532	0	54	0	0	write_iso_sources /home/kcw2/data/genome_db/GCA_043557195.1
1840	:	1770321212.969	     0.290	0	54	0	0	write_iso_sources /home/kcw2/data/genome_db/GCA_965203045.1
1826	:	1770321212.738	     0.532	0	54	0	0	write_iso_sources /home/kcw2/data/genome_db/GCA_965227045.1
1828	:	1770321212.772	     0.503	0	54	0	0	write_iso_sources /home/kcw2/data/genome_db/GCA_965215035.1
1827	:	1770321212.753	     0.542	0	54	0	0	write_iso_sources /home/kcw2/data/genome_db/GCA_963682115.1
1832	:	1770321212.829	     0.467	0	54	0	0	write_iso_sources /home/kcw2/data/genome_db/GCA_964291445.2
1834	:	1770321212.864	     0.434	0	54	0	0	write_iso_sources /home/kcw2/data/genome_db/GCA_046603785.1
1818	:	1770321212.644	     0.674	0	54	0	0	write_iso_sources /home/kcw2/data/genome_db/GCA_001602455.1
1839	:	1770321212.954	     0.387	0	54	0	0	write_iso_sources /home/kcw2/data/genome_db/GCA_963662865.1
1841	:	1770321212.984	     0.358	0	54	0	0	write_iso_sources /home/kcw2/data/genome_db/GCA_965215225.1
1836	:	1770321212.896	     0.492	0	54	0	0	write_iso_sources /home/kcw2/data/genome_db/GCA_965200925.1
1838	:	1770321212.925	     0.508	0	54	0	0	write_iso_sources /home/kcw2/data/genome_db/GCA_965242855.1
1833	:	1770321212.846	     0.588	0	54	0	0	write_iso_sources /home/kcw2/data/genome_db/GCA_965242715.1
1842	:	1770321213.001	     0.436	0	54	0	0	write_iso_sources /home/kcw2/data/genome_db/GCA_965229495.1
1843	:	1770321213.025	     0.423	0	54	0	0	write_iso_sources /home/kcw2/data/genome_db/GCA_965279335.1
1806	:	1770321212.473	     1.000	0	54	0	0	write_iso_sources /home/kcw2/data/genome_db/GCA_018338495.1
1837	:	1770321212.908	     0.592	0	54	0	0	write_iso_sources /home/kcw2/data/genome_db/GCA_965220805.1
1804	:	1770321212.413	     1.115	0	54	0	0	write_iso_sources /home/kcw2/data/genome_db/GCA_031487215.1
1830	:	1770321212.801	     0.728	0	54	0	0	write_iso_sources /home/kcw2/data/genome_db/GCA_025758025.1
1819	:	1770321212.655	     0.885	0	54	0	0	write_iso_sources /home/kcw2/data/genome_db/GCA_964340955.1
1835	:	1770321212.886	     0.667	0	54	0	0	write_iso_sources /home/kcw2/data/genome_db/GCA_963422665.1
1811	:	1770321212.563	     1.013	0	54	0	0	write_iso_sources /home/kcw2/data/genome_db/GCA_018338755.1
1809	:	1770321212.534	     1.083	0	54	0	0	write_iso_sources /home/kcw2/data/genome_db/GCA_018338315.1
1812	:	1770321212.574	     1.045	0	54	0	0	write_iso_sources /home/kcw2/data/genome_db/GCA_044788385.1
1854	:	1770321213.216	     0.403	0	54	0	0	write_iso_sources /home/kcw2/data/genome_db/GCA_965220075.1
1844	:	1770321213.035	     0.607	0	54	0	0	write_iso_sources /home/kcw2/data/genome_db/GCA_043565895.1
1851	:	1770321213.164	     0.480	0	54	0	0	write_iso_sources /home/kcw2/data/genome_db/GCA_965216175.1
1855	:	1770321213.229	     0.415	0	54	0	0	write_iso_sources /home/kcw2/data/genome_db/GCA_963422525.1
1853	:	1770321213.198	     0.460	0	54	0	0	write_iso_sources /home/kcw2/data/genome_db/GCA_965116575.1
1856	:	1770321213.243	     0.448	0	54	0	0	write_iso_sources /home/kcw2/data/genome_db/GCA_963665745.1
1859	:	1770321213.295	     0.398	0	54	0	0	write_iso_sources /home/kcw2/data/genome_db/GCA_965201135.1
1847	:	1770321213.071	     0.636	0	54	0	0	write_iso_sources /home/kcw2/data/genome_db/GCA_965284415.1
1849	:	1770321213.126	     0.593	0	54	0	0	write_iso_sources /home/kcw2/data/genome_db/GCA_025757745.1
1858	:	1770321213.271	     0.450	0	54	0	0	write_iso_sources /home/kcw2/data/genome_db/GCA_965197405.1
1861	:	1770321213.340	     0.383	0	54	0	0	write_iso_sources /home/kcw2/data/genome_db/GCA_965208645.1
1852	:	1770321213.182	     0.554	0	54	0	0	write_iso_sources /home/kcw2/data/genome_db/GCA_043513735.1
1816	:	1770321212.620	     1.133	0	54	0	0	write_iso_sources /home/kcw2/data/genome_db/GCA_010505715.2
1857	:	1770321213.260	     0.495	0	54	0	0	write_iso_sources /home/kcw2/data/genome_db/GCA_965115825.1
1863	:	1770321213.373	     0.393	0	54	0	0	write_iso_sources /home/kcw2/data/genome_db/GCA_965221385.1
1848	:	1770321213.095	     0.693	0	54	0	0	write_iso_sources /home/kcw2/data/genome_db/GCA_965209055.1
1865	:	1770321213.404	     0.384	0	54	0	0	write_iso_sources /home/kcw2/data/genome_db/GCA_965249605.1
1880	:	1770321213.643	     0.225	0	54	0	0	write_iso_sources /home/kcw2/data/genome_db/GCA_965229705.1
1862	:	1770321213.362	     0.518	0	54	0	0	write_iso_sources /home/kcw2/data/genome_db/GCA_965219065.1
1864	:	1770321213.388	     0.493	0	54	0	0	write_iso_sources /home/kcw2/data/genome_db/GCA_965243355.1
1875	:	1770321213.541	     0.343	0	54	0	0	write_iso_sources /home/kcw2/data/genome_db/GCA_016699515.1
1860	:	1770321213.319	     0.612	0	54	0	0	write_iso_sources /home/kcw2/data/genome_db/GCA_965204865.1
1874	:	1770321213.529	     0.404	0	54	0	0	write_iso_sources /home/kcw2/data/genome_db/GCA_963675695.1
1878	:	1770321213.595	     0.339	0	54	0	0	write_iso_sources /home/kcw2/data/genome_db/GCA_965228485.1
1887	:	1770321213.753	     0.183	0	54	0	0	write_iso_sources /home/kcw2/data/genome_db/GCA_965222715.1
1821	:	1770321212.674	     1.292	0	54	0	0	write_iso_sources /home/kcw2/data/genome_db/GCA_039728725.1
1881	:	1770321213.658	     0.338	0	54	0	0	write_iso_sources /home/kcw2/data/genome_db/GCA_023898645.1
1846	:	1770321213.058	     0.939	0	54	0	0	write_iso_sources /home/kcw2/data/genome_db/GCA_013693735.1
1883	:	1770321213.692	     0.308	0	54	0	0	write_iso_sources /home/kcw2/data/genome_db/GCA_965116155.1
1876	:	1770321213.553	     0.493	0	54	0	0	write_iso_sources /home/kcw2/data/genome_db/GCA_963662525.1
1893	:	1770321213.837	     0.212	0	54	0	0	write_iso_sources /home/kcw2/data/genome_db/GCA_025999215.1
1866	:	1770321213.415	     0.634	0	54	0	0	write_iso_sources /home/kcw2/data/genome_db/GCA_016699445.1
1845	:	1770321213.045	     1.017	0	54	0	0	write_iso_sources /home/kcw2/data/genome_db/GCA_965228435.1
1867	:	1770321213.433	     0.675	0	54	0	0	write_iso_sources /home/kcw2/data/genome_db/GCA_023898405.1
1873	:	1770321213.517	     0.594	0	54	0	0	write_iso_sources /home/kcw2/data/genome_db/GCA_963662295.1
1897	:	1770321213.898	     0.224	0	54	0	0	write_iso_sources /home/kcw2/data/genome_db/GCA_963422265.1
1850	:	1770321213.139	     1.013	0	54	0	0	write_iso_sources /home/kcw2/data/genome_db/GCA_011302375.1
1869	:	1770321213.462	     0.694	0	54	0	0	write_iso_sources /home/kcw2/data/genome_db/GCA_963668035.1
1884	:	1770321213.708	     0.447	0	54	0	0	write_iso_sources /home/kcw2/data/genome_db/GCA_965267505.1
1889	:	1770321213.779	     0.378	0	54	0	0	write_iso_sources /home/kcw2/data/genome_db/GCA_965263295.1
1870	:	1770321213.473	     0.697	0	54	0	0	write_iso_sources /home/kcw2/data/genome_db/GCA_965215015.1
1877	:	1770321213.576	     0.595	0	54	0	0	write_iso_sources /home/kcw2/data/genome_db/GCA_963678485.1
1891	:	1770321213.800	     0.394	0	54	0	0	write_iso_sources /home/kcw2/data/genome_db/GCA_965200835.1
1872	:	1770321213.500	     0.696	0	54	0	0	write_iso_sources /home/kcw2/data/genome_db/GCA_963719445.1
1868	:	1770321213.449	     0.768	0	54	0	0	write_iso_sources /home/kcw2/data/genome_db/GCA_963675765.1
1898	:	1770321213.912	     0.400	0	54	0	0	write_iso_sources /home/kcw2/data/genome_db/GCA_965216785.1
1900	:	1770321213.947	     0.366	0	54	0	0	write_iso_sources /home/kcw2/data/genome_db/GCA_018622495.1
1912	:	1770321214.171	     0.142	0	54	0	0	write_iso_sources /home/kcw2/data/genome_db/GCA_015134355.1
1913	:	1770321214.181	     0.142	0	54	0	0	write_iso_sources /home/kcw2/data/genome_db/GCA_036689355.1
1914	:	1770321214.194	     0.132	0	54	0	0	write_iso_sources /home/kcw2/data/genome_db/GCA_036751175.1
1907	:	1770321214.088	     0.250	0	54	0	0	write_iso_sources /home/kcw2/data/genome_db/GCA_965230905.1
1886	:	1770321213.736	     0.612	0	54	0	0	write_iso_sources /home/kcw2/data/genome_db/GCA_965222075.1
1896	:	1770321213.880	     0.469	0	54	0	0	write_iso_sources /home/kcw2/data/genome_db/GCA_965213525.1
1895	:	1770321213.868	     0.491	0	54	0	0	write_iso_sources /home/kcw2/data/genome_db/GCA_965115995.1
1904	:	1770321214.047	     0.322	0	54	0	0	write_iso_sources /home/kcw2/data/genome_db/GCA_965221365.1
1805	:	1770321212.442	     1.946	0	54	0	0	write_iso_sources /home/kcw2/data/genome_db/GCA_030585025.1
1888	:	1770321213.766	     0.641	0	54	0	0	write_iso_sources /home/kcw2/data/genome_db/GCA_963675665.1
1894	:	1770321213.854	     0.566	0	54	0	0	write_iso_sources /home/kcw2/data/genome_db/GCA_965267535.1
1903	:	1770321213.996	     0.430	0	54	0	0	write_iso_sources /home/kcw2/data/genome_db/GCA_965140825.1
1908	:	1770321214.109	     0.319	0	54	0	0	write_iso_sources /home/kcw2/data/genome_db/GCA_965267615.1
1909	:	1770321214.122	     0.308	0	54	0	0	write_iso_sources /home/kcw2/data/genome_db/GCA_965267845.1
1899	:	1770321213.932	     0.509	0	54	0	0	write_iso_sources /home/kcw2/data/genome_db/GCA_963668375.1
1882	:	1770321213.675	     0.766	0	54	0	0	write_iso_sources /home/kcw2/data/genome_db/GCA_015200565.1
1905	:	1770321214.063	     0.380	0	54	0	0	write_iso_sources /home/kcw2/data/genome_db/GCA_965250155.1
1885	:	1770321213.718	     0.766	0	54	0	0	write_iso_sources /home/kcw2/data/genome_db/GCA_965204375.1
1890	:	1770321213.787	     0.699	0	54	0	0	write_iso_sources /home/kcw2/data/genome_db/GCA_003351985.1
1910	:	1770321214.134	     0.351	0	54	0	0	write_iso_sources /home/kcw2/data/genome_db/GCA_965268215.1
1871	:	1770321213.486	     1.008	0	54	0	0	write_iso_sources /home/kcw2/data/genome_db/GCA_963669335.1
1922	:	1770321214.324	     0.183	0	54	0	0	write_iso_sources /home/kcw2/data/genome_db/GCA_025999335.1
1902	:	1770321213.984	     0.588	0	54	0	0	write_iso_sources /home/kcw2/data/genome_db/GCA_965218495.1
1892	:	1770321213.820	     0.804	0	54	0	0	write_iso_sources /home/kcw2/data/genome_db/GCA_965262425.1
1901	:	1770321213.966	     0.659	0	54	0	0	write_iso_sources /home/kcw2/data/genome_db/GCA_965247805.1
1926	:	1770321214.369	     0.256	0	54	0	0	write_iso_sources /home/kcw2/data/genome_db/GCA_965219485.1
1879	:	1770321213.617	     1.048	0	54	0	0	write_iso_sources /home/kcw2/data/genome_db/GCA_965226665.1
1925	:	1770321214.360	     0.307	0	54	0	0	write_iso_sources /home/kcw2/data/genome_db/GCA_963662945.1
1927	:	1770321214.377	     0.290	0	54	0	0	write_iso_sources /home/kcw2/data/genome_db/GCA_017945845.1
1939	:	1770321214.536	     0.132	0	54	0	0	write_iso_sources /home/kcw2/data/genome_db/GCA_907166795.1
1921	:	1770321214.306	     0.404	0	54	0	0	write_iso_sources /home/kcw2/data/genome_db/GCA_014490595.1
1930	:	1770321214.420	     0.290	0	54	0	0	write_iso_sources /home/kcw2/data/genome_db/GCA_963931565.1
1911	:	1770321214.152	     0.559	0	54	0	0	write_iso_sources /home/kcw2/data/genome_db/GCA_013138265.1
1919	:	1770321214.253	     0.471	0	54	0	0	write_iso_sources /home/kcw2/data/genome_db/GCA_019670085.1
1929	:	1770321214.406	     0.321	0	54	0	0	write_iso_sources /home/kcw2/data/genome_db/GCA_963931195.1
1906	:	1770321214.075	     0.672	0	54	0	0	write_iso_sources /home/kcw2/data/genome_db/GCA_025758045.1
1915	:	1770321214.206	     0.554	0	54	0	0	write_iso_sources /home/kcw2/data/genome_db/GCA_965203945.1
1924	:	1770321214.349	     0.490	0	54	0	0	write_iso_sources /home/kcw2/data/genome_db/GCA_965232585.1
1953	:	1770321214.747	     0.094	0	54	0	0	write_iso_sources /home/kcw2/data/genome_db/GCA_964031015.1
1917	:	1770321214.228	     0.649	0	54	0	0	write_iso_sources /home/kcw2/data/genome_db/GCA_965247435.1
1918	:	1770321214.243	     0.648	0	54	0	0	write_iso_sources /home/kcw2/data/genome_db/GCA_963678175.1
1932	:	1770321214.456	     0.435	0	54	0	0	write_iso_sources /home/kcw2/data/genome_db/GCA_965227025.1
1948	:	1770321214.666	     0.241	0	54	0	0	write_iso_sources /home/kcw2/data/genome_db/GCA_965116025.1
1916	:	1770321214.216	     0.737	0	54	0	0	write_iso_sources /home/kcw2/data/genome_db/GCA_963664845.1
1935	:	1770321214.495	     0.461	0	54	0	0	write_iso_sources /home/kcw2/data/genome_db/GCA_965202805.1
1945	:	1770321214.624	     0.359	0	54	0	0	write_iso_sources /home/kcw2/data/genome_db/GCA_963666075.1
1934	:	1770321214.484	     0.536	0	54	0	0	write_iso_sources /home/kcw2/data/genome_db/GCA_965237405.1
1937	:	1770321214.516	     0.524	0	54	0	0	write_iso_sources /home/kcw2/data/genome_db/GCA_965202615.1
1957	:	1770321214.809	     0.233	0	54	0	0	write_iso_sources /home/kcw2/data/genome_db/GCA_039829975.1
1944	:	1770321214.602	     0.470	0	54	0	0	write_iso_sources /home/kcw2/data/genome_db/GCA_029202465.1
1947	:	1770321214.652	     0.421	0	54	0	0	write_iso_sources /home/kcw2/data/genome_db/GCA_965200965.1
1923	:	1770321214.338	     0.779	0	54	0	0	write_iso_sources /home/kcw2/data/genome_db/GCA_030759595.1
1936	:	1770321214.507	     0.674	0	54	0	0	write_iso_sources /home/kcw2/data/genome_db/GCA_965249775.1
1962	:	1770321214.877	     0.323	0	54	0	0	write_iso_sources /home/kcw2/data/genome_db/GCA_965219575.1
1933	:	1770321214.470	     0.764	0	54	0	0	write_iso_sources /home/kcw2/data/genome_db/GCA_045040585.1
1964	:	1770321214.907	     0.329	0	54	0	0	write_iso_sources /home/kcw2/data/genome_db/GCA_963704715.1
1946	:	1770321214.641	     0.619	0	54	0	0	write_iso_sources /home/kcw2/data/genome_db/GCA_963676445.1
1959	:	1770321214.839	     0.426	0	54	0	0	write_iso_sources /home/kcw2/data/genome_db/GCA_965219755.1
1963	:	1770321214.891	     0.375	0	54	0	0	write_iso_sources /home/kcw2/data/genome_db/GCA_965205925.1
1928	:	1770321214.388	     0.898	0	54	0	0	write_iso_sources /home/kcw2/data/genome_db/GCA_019977215.1
1960	:	1770321214.850	     0.452	0	54	0	0	write_iso_sources /home/kcw2/data/genome_db/GCA_965198365.1
1941	:	1770321214.555	     0.784	0	54	0	0	write_iso_sources /home/kcw2/data/genome_db/GCA_037965595.1
1949	:	1770321214.678	     0.663	0	54	0	0	write_iso_sources /home/kcw2/data/genome_db/GCA_963703165.1
1954	:	1770321214.761	     0.606	0	54	0	0	write_iso_sources /home/kcw2/data/genome_db/GCA_965207295.1
1955	:	1770321214.770	     0.598	0	54	0	0	write_iso_sources /home/kcw2/data/genome_db/GCA_963691905.1
1958	:	1770321214.826	     0.542	0	54	0	0	write_iso_sources /home/kcw2/data/genome_db/GCA_965220485.1
1920	:	1770321214.282	     1.119	0	54	0	0	write_iso_sources /home/kcw2/data/genome_db/GCA_014873095.1
1931	:	1770321214.441	     0.963	0	54	0	0	write_iso_sources /home/kcw2/data/genome_db/GCA_025141015.1
1938	:	1770321214.526	     0.879	0	54	0	0	write_iso_sources /home/kcw2/data/genome_db/GCA_040582025.1
1940	:	1770321214.544	     0.861	0	54	0	0	write_iso_sources /home/kcw2/data/genome_db/GCA_024072375.1
1956	:	1770321214.794	     0.613	0	54	0	0	write_iso_sources /home/kcw2/data/genome_db/GCA_041530395.1
1970	:	1770321214.994	     0.414	0	54	0	0	write_iso_sources /home/kcw2/data/genome_db/GCA_013348845.1
1942	:	1770321214.568	     0.932	0	54	0	0	write_iso_sources /home/kcw2/data/genome_db/GCA_965228965.1
1976	:	1770321215.117	     0.384	0	54	0	0	write_iso_sources /home/kcw2/data/genome_db/GCF_024662175.1
1975	:	1770321215.099	     0.430	0	54	0	0	write_iso_sources /home/kcw2/data/genome_db/GCF_024662155.1
1977	:	1770321215.145	     0.397	0	54	0	0	write_iso_sources /home/kcw2/data/genome_db/GCF_040819585.1
1978	:	1770321215.162	     0.381	0	54	0	0	write_iso_sources /home/kcw2/data/genome_db/GCF_020422925.2
1952	:	1770321214.725	     0.828	0	54	0	0	write_iso_sources /home/kcw2/data/genome_db/GCA_030586155.1
1981	:	1770321215.213	     0.343	0	54	0	0	write_iso_sources /home/kcw2/data/genome_db/GCF_023016405.1
1961	:	1770321214.863	     0.703	0	54	0	0	write_iso_sources /home/kcw2/data/genome_db/GCA_965216005.1
1982	:	1770321215.222	     0.371	0	54	0	0	write_iso_sources /home/kcw2/data/genome_db/GCF_023016425.1
1967	:	1770321214.954	     0.678	0	54	0	0	write_iso_sources /home/kcw2/data/genome_db/GCA_047730175.1
1969	:	1770321214.983	     0.743	0	54	0	0	write_iso_sources /home/kcw2/data/genome_db/GCA_047456355.1
1951	:	1770321214.710	     1.040	0	54	0	0	write_iso_sources /home/kcw2/data/genome_db/GCA_030406685.1
1950	:	1770321214.691	     1.102	0	54	0	0	write_iso_sources /home/kcw2/data/genome_db/GCA_030144795.1
1989	:	1770321215.313	     0.531	0	54	0	0	write_iso_sources /home/kcw2/data/genome_db/GCF_008727315.1
1990	:	1770321215.326	     0.520	0	54	0	0	write_iso_sources /home/kcw2/data/genome_db/GCF_008727495.1
1980	:	1770321215.201	     0.657	0	54	0	0	write_iso_sources /home/kcw2/data/genome_db/GCF_024400725.1
1999	:	1770321215.479	     0.421	0	54	0	0	write_iso_sources /home/kcw2/data/genome_db/GCF_001506745.1
1966	:	1770321214.933	     0.981	0	54	0	0	write_iso_sources /home/kcw2/data/genome_db/GCA_045291535.1
1994	:	1770321215.402	     0.516	0	54	0	0	write_iso_sources /home/kcw2/data/genome_db/GCF_033097005.1
1996	:	1770321215.435	     0.483	0	54	0	0	write_iso_sources /home/kcw2/data/genome_db/GCF_949361555.1
1979	:	1770321215.181	     0.752	0	54	0	0	write_iso_sources /home/kcw2/data/genome_db/GCF_024400535.1
1993	:	1770321215.366	     0.571	0	54	0	0	write_iso_sources /home/kcw2/data/genome_db/GCF_033096765.1
1991	:	1770321215.340	     0.601	0	54	0	0	write_iso_sources /home/kcw2/data/genome_db/GCF_019930865.1
1992	:	1770321215.353	     0.590	0	54	0	0	write_iso_sources /home/kcw2/data/genome_db/GCF_019930985.1
1995	:	1770321215.421	     0.523	0	54	0	0	write_iso_sources /home/kcw2/data/genome_db/GCF_912579715.1
1997	:	1770321215.447	     0.497	0	54	0	0	write_iso_sources /home/kcw2/data/genome_db/GCF_001506305.1
1998	:	1770321215.462	     0.484	0	54	0	0	write_iso_sources /home/kcw2/data/genome_db/GCF_001506345.1
2000	:	1770321215.501	     0.446	0	54	0	0	write_iso_sources /home/kcw2/data/genome_db/GCF_001506765.1
2002	:	1770321215.530	     0.539	0	54	0	0	write_iso_sources /home/kcw2/data/genome_db/GCF_001507185.1
2005	:	1770321215.567	     0.505	0	54	0	0	write_iso_sources /home/kcw2/data/genome_db/GCF_003368145.1
2004	:	1770321215.553	     0.532	0	54	0	0	write_iso_sources /home/kcw2/data/genome_db/GCF_002209005.1
2003	:	1770321215.542	     0.570	0	54	0	0	write_iso_sources /home/kcw2/data/genome_db/GCF_002101355.1
2001	:	1770321215.515	     0.610	0	54	0	0	write_iso_sources /home/kcw2/data/genome_db/GCF_001507165.1
1965	:	1770321214.923	     1.243	0	54	0	0	write_iso_sources /home/kcw2/data/genome_db/GCA_049568075.1
2006	:	1770321215.592	     0.611	0	54	0	0	write_iso_sources /home/kcw2/data/genome_db/GCF_003368165.1
2012	:	1770321215.688	     0.518	0	54	0	0	write_iso_sources /home/kcw2/data/genome_db/GCF_020149725.1
2007	:	1770321215.605	     0.621	0	54	0	0	write_iso_sources /home/kcw2/data/genome_db/GCF_012225225.1
1985	:	1770321215.260	     0.990	0	54	0	0	write_iso_sources /home/kcw2/data/genome_db/GCF_018399095.1
2008	:	1770321215.619	     0.633	0	54	0	0	write_iso_sources /home/kcw2/data/genome_db/GCF_012225445.1
2009	:	1770321215.632	     0.624	0	54	0	0	write_iso_sources /home/kcw2/data/genome_db/GCF_017351955.1
2011	:	1770321215.671	     0.605	0	54	0	0	write_iso_sources /home/kcw2/data/genome_db/GCF_019754215.1
2013	:	1770321215.726	     0.550	0	54	0	0	write_iso_sources /home/kcw2/data/genome_db/GCF_024334045.1
2016	:	1770321215.794	     0.484	0	54	0	0	write_iso_sources /home/kcw2/data/genome_db/GCF_025232655.1
2019	:	1770321215.844	     0.434	0	54	0	0	write_iso_sources /home/kcw2/data/genome_db/GCF_033096945.1
2015	:	1770321215.768	     0.531	0	54	0	0	write_iso_sources /home/kcw2/data/genome_db/GCF_025232635.1
1983	:	1770321215.235	     1.070	0	54	0	0	write_iso_sources /home/kcw2/data/genome_db/GCF_021378355.1
2018	:	1770321215.827	     0.489	0	54	0	0	write_iso_sources /home/kcw2/data/genome_db/GCF_031623015.1
2010	:	1770321215.655	     0.671	0	54	0	0	write_iso_sources /home/kcw2/data/genome_db/GCF_017352015.1
2017	:	1770321215.813	     0.529	0	54	0	0	write_iso_sources /home/kcw2/data/genome_db/GCF_031622855.1
2020	:	1770321215.857	     0.490	0	54	0	0	write_iso_sources /home/kcw2/data/genome_db/GCF_033096965.1
2022	:	1770321215.884	     0.478	0	54	0	0	write_iso_sources /home/kcw2/data/genome_db/GCF_033129305.1
1968	:	1770321214.967	     1.398	0	54	0	0	write_iso_sources /home/kcw2/data/genome_db/GCA_041920615.1
2023	:	1770321215.900	     0.465	0	54	0	0	write_iso_sources /home/kcw2/data/genome_db/GCF_037602995.1
1973	:	1770321215.072	     1.341	0	54	0	0	write_iso_sources /home/kcw2/data/genome_db/GCF_002355975.1
1974	:	1770321215.085	     1.328	0	54	0	0	write_iso_sources /home/kcw2/data/genome_db/GCF_017355525.1
2014	:	1770321215.751	     0.664	0	54	0	0	write_iso_sources /home/kcw2/data/genome_db/GCF_025135795.1
1943	:	1770321214.589	     1.841	0	54	0	0	write_iso_sources /home/kcw2/data/genome_db/GCA_036015235.1
1986	:	1770321215.276	     1.171	0	54	0	0	write_iso_sources /home/kcw2/data/genome_db/GCF_018402785.1
2025	:	1770321215.933	     0.526	0	54	0	0	write_iso_sources /home/kcw2/data/genome_db/GCF_037663955.1
2024	:	1770321215.914	     0.563	0	54	0	0	write_iso_sources /home/kcw2/data/genome_db/GCF_037604605.1
2029	:	1770321215.989	     0.490	0	54	0	0	write_iso_sources /home/kcw2/data/genome_db/GCF_039613865.1
1984	:	1770321215.248	     1.241	0	54	0	0	write_iso_sources /home/kcw2/data/genome_db/GCF_022343745.1
2027	:	1770321215.968	     0.522	0	54	0	0	write_iso_sources /home/kcw2/data/genome_db/GCF_037703515.1
2021	:	1770321215.871	     0.644	0	54	0	0	write_iso_sources /home/kcw2/data/genome_db/GCF_033129285.1
2031	:	1770321216.035	     0.480	0	54	0	0	write_iso_sources /home/kcw2/data/genome_db/GCF_044336615.1
2033	:	1770321216.086	     0.457	0	54	0	0	write_iso_sources /home/kcw2/data/genome_db/GCF_949282015.1
2034	:	1770321216.099	     0.447	0	54	0	0	write_iso_sources /home/kcw2/data/genome_db/GCF_949282045.1
2028	:	1770321215.977	     0.582	0	54	0	0	write_iso_sources /home/kcw2/data/genome_db/GCF_037705215.1
2026	:	1770321215.959	     0.611	0	54	0	0	write_iso_sources /home/kcw2/data/genome_db/GCF_037666345.1
2037	:	1770321216.139	     0.449	0	54	0	0	write_iso_sources /home/kcw2/data/genome_db/GCF_024705455.2
2030	:	1770321216.001	     0.644	0	54	0	0	write_iso_sources /home/kcw2/data/genome_db/GCF_040208265.1
2039	:	1770321216.167	     0.480	0	54	0	0	write_iso_sources /home/kcw2/data/genome_db/GCF_001653435.1
2040	:	1770321216.185	     0.465	0	54	0	0	write_iso_sources /home/kcw2/data/genome_db/GCF_001653455.1
2041	:	1770321216.197	     0.453	0	54	0	0	write_iso_sources /home/kcw2/data/genome_db/GCF_002983705.1
2036	:	1770321216.126	     0.537	0	54	0	0	write_iso_sources /home/kcw2/data/genome_db/GCF_902381815.1
2035	:	1770321216.112	     0.564	0	54	0	0	write_iso_sources /home/kcw2/data/genome_db/GCF_020736225.1
2038	:	1770321216.151	     0.526	0	54	0	0	write_iso_sources /home/kcw2/data/genome_db/GCF_024705475.2
2045	:	1770321216.299	     0.402	0	54	0	0	write_iso_sources /home/kcw2/data/genome_db/GCF_007844035.1
2032	:	1770321216.070	     0.643	0	54	0	0	write_iso_sources /home/kcw2/data/genome_db/GCF_044336635.1
2043	:	1770321216.251	     0.469	0	54	0	0	write_iso_sources /home/kcw2/data/genome_db/GCF_006337485.1
2042	:	1770321216.225	     0.500	0	54	0	0	write_iso_sources /home/kcw2/data/genome_db/GCF_003050665.1
2044	:	1770321216.275	     0.450	0	54	0	0	write_iso_sources /home/kcw2/data/genome_db/GCF_006337625.1
2046	:	1770321216.315	     0.421	0	54	0	0	write_iso_sources /home/kcw2/data/genome_db/GCF_007844055.1
2047	:	1770321216.326	     0.460	0	54	0	0	write_iso_sources /home/kcw2/data/genome_db/GCF_011462575.1
2048	:	1770321216.343	     0.446	0	54	0	0	write_iso_sources /home/kcw2/data/genome_db/GCF_011462735.1
2049	:	1770321216.363	     0.430	0	54	0	0	write_iso_sources /home/kcw2/data/genome_db/GCF_016749335.1
2053	:	1770321216.446	     0.366	0	54	0	0	write_iso_sources /home/kcw2/data/genome_db/GCF_021729685.1
2051	:	1770321216.413	     0.419	0	54	0	0	write_iso_sources /home/kcw2/data/genome_db/GCF_017821275.1
2050	:	1770321216.375	     0.473	0	54	0	0	write_iso_sources /home/kcw2/data/genome_db/GCF_016749455.1
2058	:	1770321216.515	     0.348	0	54	0	0	write_iso_sources /home/kcw2/data/genome_db/GCF_022923095.1
2054	:	1770321216.460	     0.435	0	54	0	0	write_iso_sources /home/kcw2/data/genome_db/GCF_021729725.1
2055	:	1770321216.477	     0.420	0	54	0	0	write_iso_sources /home/kcw2/data/genome_db/GCF_022921875.1
2052	:	1770321216.430	     0.477	0	54	0	0	write_iso_sources /home/kcw2/data/genome_db/GCF_017821355.1
2057	:	1770321216.500	     0.408	0	54	0	0	write_iso_sources /home/kcw2/data/genome_db/GCF_022923055.1
2056	:	1770321216.489	     0.437	0	54	0	0	write_iso_sources /home/kcw2/data/genome_db/GCF_022921895.1
2060	:	1770321216.543	     0.385	0	54	0	0	write_iso_sources /home/kcw2/data/genome_db/GCF_022924375.1
2061	:	1770321216.559	     0.379	0	54	0	0	write_iso_sources /home/kcw2/data/genome_db/GCF_022925415.1
2059	:	1770321216.525	     0.415	0	54	0	0	write_iso_sources /home/kcw2/data/genome_db/GCF_022924355.1
1972	:	1770321215.056	     1.903	0	54	0	0	write_iso_sources /home/kcw2/data/genome_db/GCF_006401635.1
1988	:	1770321215.302	     1.657	0	54	0	0	write_iso_sources /home/kcw2/data/genome_db/GCF_008274965.1
2062	:	1770321216.571	     0.389	0	54	0	0	write_iso_sources /home/kcw2/data/genome_db/GCF_022925575.1
2064	:	1770321216.602	     0.359	0	54	0	0	write_iso_sources /home/kcw2/data/genome_db/GCF_030323405.1
1987	:	1770321215.285	     1.697	0	54	0	0	write_iso_sources /home/kcw2/data/genome_db/GCF_008274945.1
2063	:	1770321216.588	     0.398	0	54	0	0	write_iso_sources /home/kcw2/data/genome_db/GCF_030323385.1
2066	:	1770321216.645	     0.342	0	54	0	0	write_iso_sources /home/kcw2/data/genome_db/GCF_035621875.1
2065	:	1770321216.617	     0.392	0	54	0	0	write_iso_sources /home/kcw2/data/genome_db/GCF_035621315.1
1971	:	1770321215.020	     2.032	0	54	0	0	write_iso_sources /home/kcw2/data/genome_db/GCF_006401215.1
2068	:	1770321216.675	     0.427	0	54	0	0	write_iso_sources /home/kcw2/data/genome_db/GCF_003214155.2
2067	:	1770321216.663	     0.465	0	54	0	0	write_iso_sources /home/kcw2/data/genome_db/GCF_003213825.2
2069	:	1770321216.689	     0.636	0	54	0	0	write_iso_sources /home/kcw2/data/genome_db/GCF_003675365.1
2082	:	1770321216.896	     0.433	0	54	0	0	write_iso_sources /home/kcw2/data/genome_db/GCF_002952075.1
2071	:	1770321216.713	     0.629	0	54	0	0	write_iso_sources /home/kcw2/data/genome_db/GCF_030761775.1
2081	:	1770321216.879	     0.465	0	54	0	0	write_iso_sources /home/kcw2/data/genome_db/GCF_001880245.1
2070	:	1770321216.701	     0.671	0	54	0	0	write_iso_sources /home/kcw2/data/genome_db/GCF_008761575.1
2074	:	1770321216.759	     0.651	0	54	0	0	write_iso_sources /home/kcw2/data/genome_db/GCF_030762235.1
2083	:	1770321216.908	     0.505	0	54	0	0	write_iso_sources /home/kcw2/data/genome_db/GCF_022846315.1
2073	:	1770321216.746	     0.694	0	54	0	0	write_iso_sources /home/kcw2/data/genome_db/GCF_030762215.1
2072	:	1770321216.736	     0.743	0	54	0	0	write_iso_sources /home/kcw2/data/genome_db/GCF_030761795.1
2084	:	1770321216.927	     0.648	0	54	0	0	write_iso_sources /home/kcw2/data/genome_db/GCF_022846335.1
2075	:	1770321216.787	     0.884	0	54	0	0	write_iso_sources /home/kcw2/data/genome_db/GCF_024123775.1
2076	:	1770321216.813	     0.894	0	54	0	0	write_iso_sources /home/kcw2/data/genome_db/GCF_036542325.1
2077	:	1770321216.823	     0.975	0	54	0	0	write_iso_sources /home/kcw2/data/genome_db/GCF_050595845.1
2078	:	1770321216.833	     1.136	0	54	0	0	write_iso_sources /home/kcw2/data/genome_db/GCF_050595855.1
2080	:	1770321216.864	     1.152	0	54	0	0	write_iso_sources /home/kcw2/data/genome_db/GCF_038396785.1
2079	:	1770321216.848	     1.358	0	54	0	0	write_iso_sources /home/kcw2/data/genome_db/GCF_035599675.1
2087	:	1770321216.972	     1.569	0	54	0	0	write_iso_sources /home/kcw2/data/genome_db/GCF_001516345.1
2090	:	1770321217.009	     1.552	0	54	0	0	write_iso_sources /home/kcw2/data/genome_db/GCF_001729505.1
2085	:	1770321216.938	     1.667	0	54	0	0	write_iso_sources /home/kcw2/data/genome_db/GCF_000829255.1
2095	:	1770321217.084	     1.524	0	54	0	0	write_iso_sources /home/kcw2/data/genome_db/GCF_003429185.1
2102	:	1770321217.153	     1.457	0	54	0	0	write_iso_sources /home/kcw2/data/genome_db/GCF_013305765.1
2086	:	1770321216.959	     1.663	0	54	0	0	write_iso_sources /home/kcw2/data/genome_db/GCF_000829275.1
2088	:	1770321216.982	     1.694	0	54	0	0	write_iso_sources /home/kcw2/data/genome_db/GCF_001516385.1
2089	:	1770321216.999	     1.680	0	54	0	0	write_iso_sources /home/kcw2/data/genome_db/GCF_001722045.1
2106	:	1770321217.214	     1.469	0	54	0	0	write_iso_sources /home/kcw2/data/genome_db/GCF_016105665.1
2093	:	1770321217.066	     1.627	0	54	0	0	write_iso_sources /home/kcw2/data/genome_db/GCF_002997005.1
2091	:	1770321217.033	     1.676	0	54	0	0	write_iso_sources /home/kcw2/data/genome_db/GCF_002205375.1
2094	:	1770321217.075	     1.638	0	54	0	0	write_iso_sources /home/kcw2/data/genome_db/GCF_003028335.1
2110	:	1770321217.266	     1.473	0	54	0	0	write_iso_sources /home/kcw2/data/genome_db/GCF_019466145.1
2099	:	1770321217.120	     1.634	0	54	0	0	write_iso_sources /home/kcw2/data/genome_db/GCF_009648875.1
2092	:	1770321217.052	     1.724	0	54	0	0	write_iso_sources /home/kcw2/data/genome_db/GCF_002208645.1
2096	:	1770321217.093	     1.702	0	54	0	0	write_iso_sources /home/kcw2/data/genome_db/GCF_003429205.1
2097	:	1770321217.103	     1.693	0	54	0	0	write_iso_sources /home/kcw2/data/genome_db/GCF_004193735.1
2098	:	1770321217.112	     1.717	0	54	0	0	write_iso_sources /home/kcw2/data/genome_db/GCF_004291075.1
2103	:	1770321217.168	     1.674	0	54	0	0	write_iso_sources /home/kcw2/data/genome_db/GCF_013393685.1
2108	:	1770321217.240	     1.602	0	54	0	0	write_iso_sources /home/kcw2/data/genome_db/GCF_018138065.1
2115	:	1770321217.357	     1.498	0	54	0	0	write_iso_sources /home/kcw2/data/genome_db/GCF_021513455.1
2100	:	1770321217.129	     1.759	0	54	0	0	write_iso_sources /home/kcw2/data/genome_db/GCF_009662315.1
2112	:	1770321217.306	     1.585	0	54	0	0	write_iso_sources /home/kcw2/data/genome_db/GCF_019857565.1
2101	:	1770321217.144	     1.779	0	54	0	0	write_iso_sources /home/kcw2/data/genome_db/GCF_013305645.2
2114	:	1770321217.342	     1.598	0	54	0	0	write_iso_sources /home/kcw2/data/genome_db/GCF_021184265.1
2119	:	1770321217.411	     1.532	0	54	0	0	write_iso_sources /home/kcw2/data/genome_db/GCF_022810945.1
2104	:	1770321217.185	     1.771	0	54	0	0	write_iso_sources /home/kcw2/data/genome_db/GCF_013393705.1
2120	:	1770321217.426	     1.544	0	54	0	0	write_iso_sources /home/kcw2/data/genome_db/GCF_022810965.1
2116	:	1770321217.371	     1.625	0	54	0	0	write_iso_sources /home/kcw2/data/genome_db/GCF_021513475.1
2118	:	1770321217.398	     1.599	0	54	0	0	write_iso_sources /home/kcw2/data/genome_db/GCF_022570115.1
2121	:	1770321217.440	     1.559	0	54	0	0	write_iso_sources /home/kcw2/data/genome_db/GCF_023380065.1
2107	:	1770321217.227	     1.805	0	54	0	0	write_iso_sources /home/kcw2/data/genome_db/GCF_018138045.1
2111	:	1770321217.290	     1.746	0	54	0	0	write_iso_sources /home/kcw2/data/genome_db/GCF_019857545.1
2109	:	1770321217.250	     1.815	0	54	0	0	write_iso_sources /home/kcw2/data/genome_db/GCF_019466095.1
2117	:	1770321217.383	     1.724	0	54	0	0	write_iso_sources /home/kcw2/data/genome_db/GCF_022569995.1
2105	:	1770321217.198	     1.927	0	54	0	0	write_iso_sources /home/kcw2/data/genome_db/GCF_016105505.1
2122	:	1770321217.458	     1.669	0	54	0	0	write_iso_sources /home/kcw2/data/genome_db/GCF_023520735.1
2126	:	1770321217.593	     1.535	0	54	0	0	write_iso_sources /home/kcw2/data/genome_db/GCF_026727695.1
2123	:	1770321217.480	     1.661	0	54	0	0	write_iso_sources /home/kcw2/data/genome_db/GCF_024803805.1
2124	:	1770321217.495	     1.699	0	54	0	0	write_iso_sources /home/kcw2/data/genome_db/GCF_024972855.1
2127	:	1770321217.686	     1.530	0	54	0	0	write_iso_sources /home/kcw2/data/genome_db/GCF_027570675.1
2125	:	1770321217.511	     1.729	0	54	0	0	write_iso_sources /home/kcw2/data/genome_db/GCF_026636195.1
2128	:	1770321217.732	     1.564	0	54	0	0	write_iso_sources /home/kcw2/data/genome_db/GCF_027570715.1
2113	:	1770321217.325	     2.010	0	54	0	0	write_iso_sources /home/kcw2/data/genome_db/GCF_021184245.1
2129	:	1770321217.830	     1.732	0	54	0	0	write_iso_sources /home/kcw2/data/genome_db/GCF_027571115.1
2131	:	1770321218.029	     1.644	0	54	0	0	write_iso_sources /home/kcw2/data/genome_db/GCF_028404045.1
2130	:	1770321217.987	     1.838	0	54	0	0	write_iso_sources /home/kcw2/data/genome_db/GCF_027571135.1
2132	:	1770321218.234	     1.730	0	54	0	0	write_iso_sources /home/kcw2/data/genome_db/GCF_028404065.1
2133	:	1770321218.561	     1.512	0	54	0	0	write_iso_sources /home/kcw2/data/genome_db/GCF_029961345.1
2134	:	1770321218.587	     1.524	0	54	0	0	write_iso_sources /home/kcw2/data/genome_db/GCF_029961385.1
2135	:	1770321218.623	     1.641	0	54	0	0	write_iso_sources /home/kcw2/data/genome_db/GCF_030034615.1
2147	:	1770321218.829	     1.457	0	54	0	0	write_iso_sources /home/kcw2/data/genome_db/GCF_036232165.1
2137	:	1770321218.658	     1.643	0	54	0	0	write_iso_sources /home/kcw2/data/genome_db/GCF_030183855.2
2139	:	1770321218.693	     1.609	0	54	0	0	write_iso_sources /home/kcw2/data/genome_db/GCF_030758435.1
2142	:	1770321218.739	     1.578	0	54	0	0	write_iso_sources /home/kcw2/data/genome_db/GCF_032231085.1
2136	:	1770321218.642	     1.733	0	54	0	0	write_iso_sources /home/kcw2/data/genome_db/GCF_030034635.1
2149	:	1770321218.856	     1.544	0	54	0	0	write_iso_sources /home/kcw2/data/genome_db/GCF_036232645.1
2151	:	1770321218.889	     1.528	0	54	0	0	write_iso_sources /home/kcw2/data/genome_db/GCF_036233195.1
2138	:	1770321218.677	     1.740	0	54	0	0	write_iso_sources /home/kcw2/data/genome_db/GCF_030185815.2
2152	:	1770321218.904	     1.529	0	54	0	0	write_iso_sources /home/kcw2/data/genome_db/GCF_036233215.1
2144	:	1770321218.777	     1.674	0	54	0	0	write_iso_sources /home/kcw2/data/genome_db/GCF_033222185.1
2158	:	1770321218.996	     1.457	0	54	0	0	write_iso_sources /home/kcw2/data/genome_db/GCF_037914935.1
2145	:	1770321218.795	     1.668	0	54	0	0	write_iso_sources /home/kcw2/data/genome_db/GCF_033971305.1
2143	:	1770321218.754	     1.726	0	54	0	0	write_iso_sources /home/kcw2/data/genome_db/GCF_033221155.1
2156	:	1770321218.970	     1.559	0	54	0	0	write_iso_sources /home/kcw2/data/genome_db/GCF_036417995.1
2161	:	1770321219.049	     1.483	0	54	0	0	write_iso_sources /home/kcw2/data/genome_db/GCF_040580825.1
2140	:	1770321218.708	     1.834	0	54	0	0	write_iso_sources /home/kcw2/data/genome_db/GCF_030851965.2
2148	:	1770321218.841	     1.703	0	54	0	0	write_iso_sources /home/kcw2/data/genome_db/GCF_036232185.1
2154	:	1770321218.940	     1.608	0	54	0	0	write_iso_sources /home/kcw2/data/genome_db/GCF_036233635.1
2155	:	1770321218.956	     1.592	0	54	0	0	write_iso_sources /home/kcw2/data/genome_db/GCF_036417915.1
2165	:	1770321219.125	     1.447	0	54	0	0	write_iso_sources /home/kcw2/data/genome_db/GCF_044758995.1
2141	:	1770321218.728	     1.873	0	54	0	0	write_iso_sources /home/kcw2/data/genome_db/GCF_032231045.1
2146	:	1770321218.812	     1.825	0	54	0	0	write_iso_sources /home/kcw2/data/genome_db/GCF_034120925.1
2163	:	1770321219.083	     1.582	0	54	0	0	write_iso_sources /home/kcw2/data/genome_db/GCF_043226835.1
2173	:	1770321219.257	     1.411	0	54	0	0	write_iso_sources /home/kcw2/data/genome_db/GCF_049912885.1
2162	:	1770321219.065	     1.612	0	54	0	0	write_iso_sources /home/kcw2/data/genome_db/GCF_040581105.1
2153	:	1770321218.923	     1.793	0	54	0	0	write_iso_sources /home/kcw2/data/genome_db/GCF_036233615.1
2157	:	1770321218.981	     1.759	0	54	0	0	write_iso_sources /home/kcw2/data/genome_db/GCF_037890725.1
2150	:	1770321218.872	     1.884	0	54	0	0	write_iso_sources /home/kcw2/data/genome_db/GCF_036232665.1
2159	:	1770321219.009	     1.750	0	54	0	0	write_iso_sources /home/kcw2/data/genome_db/GCF_039555165.1
2167	:	1770321219.151	     1.611	0	54	0	0	write_iso_sources /home/kcw2/data/genome_db/GCF_046529405.1
2174	:	1770321219.277	     1.488	0	54	0	0	write_iso_sources /home/kcw2/data/genome_db/GCF_049912895.1
2168	:	1770321219.169	     1.644	0	54	0	0	write_iso_sources /home/kcw2/data/genome_db/GCF_046529415.1
2160	:	1770321219.033	     1.805	0	54	0	0	write_iso_sources /home/kcw2/data/genome_db/GCF_039622755.1
2170	:	1770321219.194	     1.648	0	54	0	0	write_iso_sources /home/kcw2/data/genome_db/GCF_049177105.1
2169	:	1770321219.182	     1.729	0	54	0	0	write_iso_sources /home/kcw2/data/genome_db/GCF_048631625.1
2164	:	1770321219.106	     1.807	0	54	0	0	write_iso_sources /home/kcw2/data/genome_db/GCF_043231275.1
2166	:	1770321219.141	     1.797	0	54	0	0	write_iso_sources /home/kcw2/data/genome_db/GCF_044759005.1
2172	:	1770321219.239	     1.705	0	54	0	0	write_iso_sources /home/kcw2/data/genome_db/GCF_049678235.1
2175	:	1770321219.314	     1.700	0	54	0	0	write_iso_sources /home/kcw2/data/genome_db/GCF_050186595.1
2176	:	1770321219.361	     1.664	0	54	0	0	write_iso_sources /home/kcw2/data/genome_db/GCF_050201305.1
2171	:	1770321219.217	     1.980	0	54	0	0	write_iso_sources /home/kcw2/data/genome_db/GCF_049567565.1
2178	:	1770321219.690	     1.532	0	54	0	0	write_iso_sources /home/kcw2/data/genome_db/GCF_050242355.1
2177	:	1770321219.589	     1.740	0	54	0	0	write_iso_sources /home/kcw2/data/genome_db/GCF_050242335.1
2179	:	1770321219.856	     1.539	0	54	0	0	write_iso_sources /home/kcw2/data/genome_db/GCF_900095805.1
2180	:	1770321219.986	     1.606	0	54	0	0	write_iso_sources /home/kcw2/data/genome_db/GCF_900149285.1
2200	:	1770321220.585	     1.121	0	54	0	0	write_iso_sources /home/kcw2/data/genome_db/GCF_022647185.1
2199	:	1770321220.573	     1.157	0	54	0	0	write_iso_sources /home/kcw2/data/genome_db/GCF_021610005.1
2189	:	1770321220.415	     1.437	0	54	0	0	write_iso_sources /home/kcw2/data/genome_db/GCF_009938035.1
2181	:	1770321220.093	     1.776	0	54	0	0	write_iso_sources /home/kcw2/data/genome_db/GCF_951691365.1
2182	:	1770321220.138	     1.736	0	54	0	0	write_iso_sources /home/kcw2/data/genome_db/GCF_951802375.2
2187	:	1770321220.357	     1.521	0	54	0	0	write_iso_sources /home/kcw2/data/genome_db/GCF_034424355.1
2197	:	1770321220.542	     1.338	0	54	0	0	write_iso_sources /home/kcw2/data/genome_db/GCF_041714715.1
2209	:	1770321220.740	     1.171	0	54	0	0	write_iso_sources /home/kcw2/data/genome_db/GCF_045708145.1
2191	:	1770321220.451	     1.464	0	54	0	0	write_iso_sources /home/kcw2/data/genome_db/GCF_025985505.1
2194	:	1770321220.497	     1.436	0	54	0	0	write_iso_sources /home/kcw2/data/genome_db/GCF_037756035.1
2193	:	1770321220.479	     1.455	0	54	0	0	write_iso_sources /home/kcw2/data/genome_db/GCF_037100255.1
2210	:	1770321220.757	     1.179	0	54	0	0	write_iso_sources /home/kcw2/data/genome_db/GCF_000070605.1
2186	:	1770321220.336	     1.633	0	54	0	0	write_iso_sources /home/kcw2/data/genome_db/GCF_017498465.1
2196	:	1770321220.530	     1.440	0	54	0	0	write_iso_sources /home/kcw2/data/genome_db/GCF_002501565.1
2211	:	1770321220.779	     1.191	0	54	0	0	write_iso_sources /home/kcw2/data/genome_db/GCF_028749805.1
2202	:	1770321220.624	     1.368	0	54	0	0	write_iso_sources /home/kcw2/data/genome_db/GCF_026261685.1
2192	:	1770321220.463	     1.531	0	54	0	0	write_iso_sources /home/kcw2/data/genome_db/GCF_026428315.1
2213	:	1770321220.814	     1.183	0	54	0	0	write_iso_sources /home/kcw2/data/genome_db/GCF_028750595.1
2215	:	1770321220.857	     1.140	0	54	0	0	write_iso_sources /home/kcw2/data/genome_db/GCF_040194335.2
2216	:	1770321220.886	     1.128	0	54	0	0	write_iso_sources /home/kcw2/data/genome_db/GCF_045707255.1
2185	:	1770321220.317	     1.759	0	54	0	0	write_iso_sources /home/kcw2/data/genome_db/GCF_015074865.1
2212	:	1770321220.790	     1.289	0	54	0	0	write_iso_sources /home/kcw2/data/genome_db/GCF_028749825.1
2195	:	1770321220.515	     1.563	0	54	0	0	write_iso_sources /home/kcw2/data/genome_db/GCF_001644805.2
2198	:	1770321220.559	     1.542	0	54	0	0	write_iso_sources /home/kcw2/data/genome_db/GCF_041714725.1
2214	:	1770321220.839	     1.263	0	54	0	0	write_iso_sources /home/kcw2/data/genome_db/GCF_028750615.1
2201	:	1770321220.601	     1.513	0	54	0	0	write_iso_sources /home/kcw2/data/genome_db/GCF_026261625.1
2188	:	1770321220.393	     1.746	0	54	0	0	write_iso_sources /home/kcw2/data/genome_db/GCF_045037965.1
2221	:	1770321220.977	     1.164	0	54	0	0	write_iso_sources /home/kcw2/data/genome_db/GCF_004319445.1
2184	:	1770321220.301	     1.841	0	54	0	0	write_iso_sources /home/kcw2/data/genome_db/GCF_046773525.1
2190	:	1770321220.433	     1.710	0	54	0	0	write_iso_sources /home/kcw2/data/genome_db/GCF_013305625.2
2222	:	1770321221.025	     1.119	0	54	0	0	write_iso_sources /home/kcw2/data/genome_db/GCF_004319465.1
2203	:	1770321220.636	     1.519	0	54	0	0	write_iso_sources /home/kcw2/data/genome_db/GCF_009578005.1
2220	:	1770321220.963	     1.202	0	54	0	0	write_iso_sources /home/kcw2/data/genome_db/GCF_045725275.1
2183	:	1770321220.280	     1.911	0	54	0	0	write_iso_sources /home/kcw2/data/genome_db/GCF_041070875.1
2223	:	1770321221.046	     1.148	0	54	0	0	write_iso_sources /home/kcw2/data/genome_db/GCF_029026985.1
2219	:	1770321220.933	     1.270	0	54	0	0	write_iso_sources /home/kcw2/data/genome_db/GCF_045725265.1
2217	:	1770321220.902	     1.338	0	54	0	0	write_iso_sources /home/kcw2/data/genome_db/GCF_045720295.1
2207	:	1770321220.693	     1.593	0	54	0	0	write_iso_sources /home/kcw2/data/genome_db/GCF_024760605.1
2208	:	1770321220.716	     1.590	0	54	0	0	write_iso_sources /home/kcw2/data/genome_db/GCF_024760625.1
2218	:	1770321220.924	     1.385	0	54	0	0	write_iso_sources /home/kcw2/data/genome_db/GCF_045720785.1
2204	:	1770321220.650	     1.717	0	54	0	0	write_iso_sources /home/kcw2/data/genome_db/GCF_009931375.1
2224	:	1770321221.215	     1.207	0	54	0	0	write_iso_sources /home/kcw2/data/genome_db/GCF_029027105.1
2205	:	1770321220.665	     1.779	0	54	0	0	write_iso_sources /home/kcw2/data/genome_db/GCF_024663375.1
2206	:	1770321220.678	     1.769	0	54	0	0	write_iso_sources /home/kcw2/data/genome_db/GCF_024663615.1
2225	:	1770321221.239	     1.373	0	54	0	0	write_iso_sources /home/kcw2/data/genome_db/GCF_005221405.1
2228	:	1770321221.614	     1.270	0	54	0	0	write_iso_sources /home/kcw2/data/genome_db/GCF_025559885.1
2226	:	1770321221.347	     1.587	0	54	0	0	write_iso_sources /home/kcw2/data/genome_db/GCF_005221425.1
2227	:	1770321221.414	     1.526	0	54	0	0	write_iso_sources /home/kcw2/data/genome_db/GCF_025559845.1
2243	:	1770321222.077	     0.866	0	54	0	0	write_iso_sources /home/kcw2/data/genome_db/GCF_001752905.1
2245	:	1770321222.101	     0.845	0	54	0	0	write_iso_sources /home/kcw2/data/genome_db/GCF_002813735.1
2241	:	1770321222.047	     0.916	0	54	0	0	write_iso_sources /home/kcw2/data/genome_db/GCF_049488345.1
2244	:	1770321222.090	     0.875	0	54	0	0	write_iso_sources /home/kcw2/data/genome_db/GCF_001752925.1
2253	:	1770321222.204	     0.790	0	54	0	0	write_iso_sources /home/kcw2/data/genome_db/GCF_900637495.1
2254	:	1770321222.213	     0.784	0	54	0	0	write_iso_sources /home/kcw2/data/genome_db/GCF_004564155.1
2251	:	1770321222.178	     0.837	0	54	0	0	write_iso_sources /home/kcw2/data/genome_db/GCF_900119755.1
2246	:	1770321222.115	     0.920	0	54	0	0	write_iso_sources /home/kcw2/data/genome_db/GCF_003003555.1
2247	:	1770321222.125	     0.911	0	54	0	0	write_iso_sources /home/kcw2/data/genome_db/GCF_030168655.1
2242	:	1770321222.065	     0.983	0	54	0	0	write_iso_sources /home/kcw2/data/genome_db/GCF_049488855.1
2248	:	1770321222.139	     0.913	0	54	0	0	write_iso_sources /home/kcw2/data/genome_db/GCF_040312195.1
2249	:	1770321222.155	     0.911	0	54	0	0	write_iso_sources /home/kcw2/data/genome_db/GCF_045999575.1
2250	:	1770321222.166	     0.917	0	54	0	0	write_iso_sources /home/kcw2/data/genome_db/GCF_045999585.1
2230	:	1770321221.746	     1.349	0	54	0	0	write_iso_sources /home/kcw2/data/genome_db/GCF_034424685.1
2229	:	1770321221.722	     1.408	0	54	0	0	write_iso_sources /home/kcw2/data/genome_db/GCF_025560705.1
2231	:	1770321221.869	     1.262	0	54	0	0	write_iso_sources /home/kcw2/data/genome_db/GCF_050500115.1
2252	:	1770321222.192	     0.963	0	54	0	0	write_iso_sources /home/kcw2/data/genome_db/GCF_900119765.1
2232	:	1770321221.890	     1.316	0	54	0	0	write_iso_sources /home/kcw2/data/genome_db/GCF_050500125.1
2255	:	1770321222.225	     0.996	0	54	0	0	write_iso_sources /home/kcw2/data/genome_db/GCF_001457535.1
2258	:	1770321222.268	     0.988	0	54	0	0	write_iso_sources /home/kcw2/data/genome_db/GCF_001806485.1
2259	:	1770321222.287	     0.985	0	54	0	0	write_iso_sources /home/kcw2/data/genome_db/GCF_002082845.1
2267	:	1770321222.420	     0.855	0	54	0	0	write_iso_sources /home/kcw2/data/genome_db/GCF_009740145.1
2257	:	1770321222.253	     1.062	0	54	0	0	write_iso_sources /home/kcw2/data/genome_db/GCF_001806465.1
2265	:	1770321222.383	     0.935	0	54	0	0	write_iso_sources /home/kcw2/data/genome_db/GCF_005280675.1
2260	:	1770321222.295	     1.057	0	54	0	0	write_iso_sources /home/kcw2/data/genome_db/GCF_002082865.1
2261	:	1770321222.307	     1.078	0	54	0	0	write_iso_sources /home/kcw2/data/genome_db/GCF_003010655.1
2268	:	1770321222.445	     0.943	0	54	0	0	write_iso_sources /home/kcw2/data/genome_db/GCF_009759685.1
2233	:	1770321221.911	     1.513	0	54	0	0	write_iso_sources /home/kcw2/data/genome_db/GCF_002944405.1
2240	:	1770321222.037	     1.390	0	54	0	0	write_iso_sources /home/kcw2/data/genome_db/GCF_021391675.1
2256	:	1770321222.240	     1.191	0	54	0	0	write_iso_sources /home/kcw2/data/genome_db/GCF_001514375.1
2264	:	1770321222.368	     1.065	0	54	0	0	write_iso_sources /home/kcw2/data/genome_db/GCF_003931755.1
2269	:	1770321222.459	     0.974	0	54	0	0	write_iso_sources /home/kcw2/data/genome_db/GCF_012935085.1
2263	:	1770321222.345	     1.099	0	54	0	0	write_iso_sources /home/kcw2/data/genome_db/GCF_003812485.1
2271	:	1770321222.504	     0.946	0	54	0	0	write_iso_sources /home/kcw2/data/genome_db/GCF_014672755.1
2234	:	1770321221.932	     1.600	0	54	0	0	write_iso_sources /home/kcw2/data/genome_db/GCF_024400375.1
2270	:	1770321222.485	     1.049	0	54	0	0	write_iso_sources /home/kcw2/data/genome_db/GCF_012935105.1
2239	:	1770321222.013	     1.536	0	54	0	0	write_iso_sources /home/kcw2/data/genome_db/GCF_012241395.2
2266	:	1770321222.403	     1.183	0	54	0	0	write_iso_sources /home/kcw2/data/genome_db/GCF_005280695.1
2236	:	1770321221.954	     1.654	0	54	0	0	write_iso_sources /home/kcw2/data/genome_db/GCF_029854455.1
2262	:	1770321222.329	     1.282	0	54	0	0	write_iso_sources /home/kcw2/data/genome_db/GCF_003010675.1
2273	:	1770321222.627	     0.985	0	54	0	0	write_iso_sources /home/kcw2/data/genome_db/GCF_016864915.1
2235	:	1770321221.945	     1.710	0	54	0	0	write_iso_sources /home/kcw2/data/genome_db/GCF_021052665.1
2272	:	1770321222.534	     1.205	0	54	0	0	write_iso_sources /home/kcw2/data/genome_db/GCF_014672775.1
2238	:	1770321221.991	     1.773	0	54	0	0	write_iso_sources /home/kcw2/data/genome_db/GCF_011604525.1
2237	:	1770321221.969	     1.892	0	54	0	0	write_iso_sources /home/kcw2/data/genome_db/GCF_011604505.1
2274	:	1770321222.934	     0.996	0	54	0	0	write_iso_sources /home/kcw2/data/genome_db/GCF_016865465.1
2279	:	1770321223.047	     0.932	0	54	0	0	write_iso_sources /home/kcw2/data/genome_db/GCF_022459055.1
2276	:	1770321222.976	     1.042	0	54	0	0	write_iso_sources /home/kcw2/data/genome_db/GCF_018831125.1
2278	:	1770321223.015	     1.017	0	54	0	0	write_iso_sources /home/kcw2/data/genome_db/GCF_020810655.1
2282	:	1770321223.096	     0.950	0	54	0	0	write_iso_sources /home/kcw2/data/genome_db/GCF_022467905.1
2275	:	1770321222.963	     1.095	0	54	0	0	write_iso_sources /home/kcw2/data/genome_db/GCF_018808925.1
2277	:	1770321222.994	     1.081	0	54	0	0	write_iso_sources /home/kcw2/data/genome_db/GCF_020520405.1
2283	:	1770321223.113	     0.980	0	54	0	0	write_iso_sources /home/kcw2/data/genome_db/GCF_023093135.1
2280	:	1770321223.066	     1.053	0	54	0	0	write_iso_sources /home/kcw2/data/genome_db/GCF_022459075.1
2284	:	1770321223.130	     1.005	0	54	0	0	write_iso_sources /home/kcw2/data/genome_db/GCF_023221535.1
2281	:	1770321223.082	     1.073	0	54	0	0	write_iso_sources /home/kcw2/data/genome_db/GCF_022467805.1
2285	:	1770321223.144	     1.016	0	54	0	0	write_iso_sources /home/kcw2/data/genome_db/GCF_023361875.1
2286	:	1770321223.156	     1.006	0	54	0	0	write_iso_sources /home/kcw2/data/genome_db/GCF_023361895.1
2289	:	1770321223.220	     1.000	0	54	0	0	write_iso_sources /home/kcw2/data/genome_db/GCF_024139015.1
2287	:	1770321223.181	     1.062	0	54	0	0	write_iso_sources /home/kcw2/data/genome_db/GCF_023517175.1
2292	:	1770321223.256	     1.030	0	54	0	0	write_iso_sources /home/kcw2/data/genome_db/GCF_024749625.1
2288	:	1770321223.206	     1.113	0	54	0	0	write_iso_sources /home/kcw2/data/genome_db/GCF_023517195.1
2294	:	1770321223.294	     1.029	0	54	0	0	write_iso_sources /home/kcw2/data/genome_db/GCF_025853895.1
2290	:	1770321223.232	     1.121	0	54	0	0	write_iso_sources /home/kcw2/data/genome_db/GCF_024139035.1
2296	:	1770321223.334	     1.066	0	54	0	0	write_iso_sources /home/kcw2/data/genome_db/GCF_025995075.1
2291	:	1770321223.243	     1.164	0	54	0	0	write_iso_sources /home/kcw2/data/genome_db/GCF_024749605.1
2298	:	1770321223.368	     1.042	0	54	0	0	write_iso_sources /home/kcw2/data/genome_db/GCF_028751705.1
2293	:	1770321223.271	     1.159	0	54	0	0	write_iso_sources /home/kcw2/data/genome_db/GCF_025722955.1
2301	:	1770321223.425	     1.009	0	54	0	0	write_iso_sources /home/kcw2/data/genome_db/GCF_029931545.1
2295	:	1770321223.316	     1.121	0	54	0	0	write_iso_sources /home/kcw2/data/genome_db/GCF_025916215.1
2297	:	1770321223.353	     1.101	0	54	0	0	write_iso_sources /home/kcw2/data/genome_db/GCF_028634015.1
2300	:	1770321223.410	     1.061	0	54	0	0	write_iso_sources /home/kcw2/data/genome_db/GCF_029713945.1
2304	:	1770321223.471	     1.029	0	54	0	0	write_iso_sources /home/kcw2/data/genome_db/GCF_033187155.1
2302	:	1770321223.445	     1.067	0	54	0	0	write_iso_sources /home/kcw2/data/genome_db/GCF_030027985.1
2303	:	1770321223.460	     1.052	0	54	0	0	write_iso_sources /home/kcw2/data/genome_db/GCF_033181805.1
2306	:	1770321223.499	     1.044	0	54	0	0	write_iso_sources /home/kcw2/data/genome_db/GCF_034422775.1
2299	:	1770321223.386	     1.213	0	54	0	0	write_iso_sources /home/kcw2/data/genome_db/GCF_029713925.1
2305	:	1770321223.486	     1.131	0	54	0	0	write_iso_sources /home/kcw2/data/genome_db/GCF_034331205.1
2307	:	1770321223.516	     1.101	0	54	0	0	write_iso_sources /home/kcw2/data/genome_db/GCF_038069235.1
2308	:	1770321223.531	     1.087	0	54	0	0	write_iso_sources /home/kcw2/data/genome_db/GCF_038069255.1
2310	:	1770321223.565	     1.075	0	54	0	0	write_iso_sources /home/kcw2/data/genome_db/GCF_038442375.1
2309	:	1770321223.549	     1.154	0	54	0	0	write_iso_sources /home/kcw2/data/genome_db/GCF_038442305.1
2311	:	1770321223.587	     1.119	0	54	0	0	write_iso_sources /home/kcw2/data/genome_db/GCF_038993615.1
2319	:	1770321223.754	     0.976	0	54	0	0	write_iso_sources /home/kcw2/data/genome_db/GCF_043040895.1
2314	:	1770321223.641	     1.114	0	54	0	0	write_iso_sources /home/kcw2/data/genome_db/GCF_040529305.1
2320	:	1770321223.781	     0.976	0	54	0	0	write_iso_sources /home/kcw2/data/genome_db/GCF_043041525.1
2335	:	1770321224.236	     0.521	0	54	0	0	write_iso_sources /home/kcw2/data/genome_db/GCF_047020645.1
2312	:	1770321223.608	     1.162	0	54	0	0	write_iso_sources /home/kcw2/data/genome_db/GCF_038995905.1
2315	:	1770321223.655	     1.134	0	54	0	0	write_iso_sources /home/kcw2/data/genome_db/GCF_041154795.1
2317	:	1770321223.697	     1.095	0	54	0	0	write_iso_sources /home/kcw2/data/genome_db/GCF_042141555.1
2313	:	1770321223.628	     1.191	0	54	0	0	write_iso_sources /home/kcw2/data/genome_db/GCF_040529295.1
2316	:	1770321223.678	     1.145	0	54	0	0	write_iso_sources /home/kcw2/data/genome_db/GCF_041154805.1
2318	:	1770321223.717	     1.141	0	54	0	0	write_iso_sources /home/kcw2/data/genome_db/GCF_042142205.1
2336	:	1770321224.267	     0.595	0	54	0	0	write_iso_sources /home/kcw2/data/genome_db/GCF_900476075.1
2331	:	1770321224.156	     0.718	0	54	0	0	write_iso_sources /home/kcw2/data/genome_db/GCF_025983665.1
2321	:	1770321223.893	     1.017	0	54	0	0	write_iso_sources /home/kcw2/data/genome_db/GCF_043054745.1
2322	:	1770321223.948	     0.973	0	54	0	0	write_iso_sources /home/kcw2/data/genome_db/GCF_043055495.1
2334	:	1770321224.215	     0.708	0	54	0	0	write_iso_sources /home/kcw2/data/genome_db/GCF_025985285.1
2337	:	1770321224.304	     0.638	0	54	0	0	write_iso_sources /home/kcw2/data/genome_db/GCF_003855355.1
2332	:	1770321224.174	     0.810	0	54	0	0	write_iso_sources /home/kcw2/data/genome_db/GCF_025984245.1
2339	:	1770321224.377	     0.615	0	54	0	0	write_iso_sources /home/kcw2/data/genome_db/GCF_015509285.1
2323	:	1770321223.993	     1.016	0	54	0	0	write_iso_sources /home/kcw2/data/genome_db/GCF_045689335.1
2340	:	1770321224.401	     0.631	0	54	0	0	write_iso_sources /home/kcw2/data/genome_db/GCF_016775785.1
2325	:	1770321224.044	     1.006	0	54	0	0	write_iso_sources /home/kcw2/data/genome_db/GCF_048069565.1
2324	:	1770321224.032	     1.042	0	54	0	0	write_iso_sources /home/kcw2/data/genome_db/GCF_045689365.1
2326	:	1770321224.059	     1.017	0	54	0	0	write_iso_sources /home/kcw2/data/genome_db/GCF_048480215.1
2333	:	1770321224.199	     0.879	0	54	0	0	write_iso_sources /home/kcw2/data/genome_db/GCF_025985265.1
2346	:	1770321224.511	     0.568	0	54	0	0	write_iso_sources /home/kcw2/data/genome_db/GCF_025642375.1
2345	:	1770321224.500	     0.601	0	54	0	0	write_iso_sources /home/kcw2/data/genome_db/GCF_025642355.1
2328	:	1770321224.092	     1.010	0	54	0	0	write_iso_sources /home/kcw2/data/genome_db/GCF_050030175.1
2342	:	1770321224.453	     0.649	0	54	0	0	write_iso_sources /home/kcw2/data/genome_db/GCF_020904995.2
2330	:	1770321224.136	     0.978	0	54	0	0	write_iso_sources /home/kcw2/data/genome_db/GCF_050562255.1
2348	:	1770321224.544	     0.572	0	54	0	0	write_iso_sources /home/kcw2/data/genome_db/GCF_030644925.1
2349	:	1770321224.568	     0.549	0	54	0	0	write_iso_sources /home/kcw2/data/genome_db/GCF_040366825.1
2329	:	1770321224.120	     1.006	0	54	0	0	write_iso_sources /home/kcw2/data/genome_db/GCF_050562245.1
2344	:	1770321224.491	     0.639	0	54	0	0	write_iso_sources /home/kcw2/data/genome_db/GCF_025169825.2
2327	:	1770321224.075	     1.070	0	54	0	0	write_iso_sources /home/kcw2/data/genome_db/GCF_049177255.1
2338	:	1770321224.353	     0.795	0	54	0	0	write_iso_sources /home/kcw2/data/genome_db/GCF_003855375.1
2343	:	1770321224.472	     0.676	0	54	0	0	write_iso_sources /home/kcw2/data/genome_db/GCF_025169745.2
2354	:	1770321224.653	     0.495	0	54	0	0	write_iso_sources /home/kcw2/data/genome_db/GCF_900087875.2
2347	:	1770321224.527	     0.631	0	54	0	0	write_iso_sources /home/kcw2/data/genome_db/GCF_030644905.1
2341	:	1770321224.429	     0.744	0	54	0	0	write_iso_sources /home/kcw2/data/genome_db/GCF_020904985.2
2351	:	1770321224.616	     0.559	0	54	0	0	write_iso_sources /home/kcw2/data/genome_db/GCF_040403735.1
2352	:	1770321224.629	     0.571	0	54	0	0	write_iso_sources /home/kcw2/data/genome_db/GCF_040404325.1
2353	:	1770321224.639	     0.570	0	54	0	0	write_iso_sources /home/kcw2/data/genome_db/GCF_900087865.2
2355	:	1770321224.673	     0.536	0	54	0	0	write_iso_sources /home/kcw2/data/genome_db/GCF_001697105.1
2356	:	1770321224.704	     0.526	0	54	0	0	write_iso_sources /home/kcw2/data/genome_db/GCF_001697125.1
2358	:	1770321224.754	     0.478	0	54	0	0	write_iso_sources /home/kcw2/data/genome_db/GCF_001697665.1
2350	:	1770321224.599	     0.667	0	54	0	0	write_iso_sources /home/kcw2/data/genome_db/GCF_040367275.1
2360	:	1770321224.790	     0.479	0	54	0	0	write_iso_sources /home/kcw2/data/genome_db/GCF_001698085.1
2361	:	1770321224.820	     0.481	0	54	0	0	write_iso_sources /home/kcw2/data/genome_db/GCF_003355395.1
2357	:	1770321224.730	     0.618	0	54	0	0	write_iso_sources /home/kcw2/data/genome_db/GCF_001697645.1
2362	:	1770321224.858	     0.490	0	54	0	0	write_iso_sources /home/kcw2/data/genome_db/GCF_003355415.1
2359	:	1770321224.770	     0.591	0	54	0	0	write_iso_sources /home/kcw2/data/genome_db/GCF_001698065.1
2363	:	1770321224.874	     0.488	0	54	0	0	write_iso_sources /home/kcw2/data/genome_db/GCF_016026895.1
2364	:	1770321224.887	     0.485	0	54	0	0	write_iso_sources /home/kcw2/data/genome_db/GCF_017347365.1
2365	:	1770321224.899	     0.518	0	54	0	0	write_iso_sources /home/kcw2/data/genome_db/GCF_900636515.1
2366	:	1770321224.910	     0.575	0	54	0	0	write_iso_sources /home/kcw2/data/genome_db/GCF_900636765.1
2368	:	1770321224.941	     0.819	0	54	0	0	write_iso_sources /home/kcw2/data/genome_db/GCF_016446305.1
2367	:	1770321224.921	     0.953	0	54	0	0	write_iso_sources /home/kcw2/data/genome_db/GCF_016128035.1
2371	:	1770321225.008	     0.961	0	54	0	0	write_iso_sources /home/kcw2/data/genome_db/GCF_004008155.1
2379	:	1770321225.159	     0.871	0	54	0	0	write_iso_sources /home/kcw2/data/genome_db/GCF_001307585.1
2373	:	1770321225.075	     0.970	0	54	0	0	write_iso_sources /home/kcw2/data/genome_db/GCF_009626055.1
2375	:	1770321225.101	     0.948	0	54	0	0	write_iso_sources /home/kcw2/data/genome_db/GCF_009626515.1
2380	:	1770321225.173	     0.909	0	54	0	0	write_iso_sources /home/kcw2/data/genome_db/GCF_001307605.1
2369	:	1770321224.964	     1.157	0	54	0	0	write_iso_sources /home/kcw2/data/genome_db/GCF_004006735.1
2381	:	1770321225.189	     0.946	0	54	0	0	write_iso_sources /home/kcw2/data/genome_db/GCF_001605235.1
2384	:	1770321225.219	     0.924	0	54	0	0	write_iso_sources /home/kcw2/data/genome_db/GCF_001628735.1
2378	:	1770321225.146	     1.016	0	54	0	0	write_iso_sources /home/kcw2/data/genome_db/GCF_009627635.1
2387	:	1770321225.251	     0.912	0	54	0	0	write_iso_sources /home/kcw2/data/genome_db/GCF_001985365.1
2383	:	1770321225.209	     0.971	0	54	0	0	write_iso_sources /home/kcw2/data/genome_db/GCF_001605685.1
2382	:	1770321225.199	     0.984	0	54	0	0	write_iso_sources /home/kcw2/data/genome_db/GCF_001605255.1
2389	:	1770321225.280	     0.906	0	54	0	0	write_iso_sources /home/kcw2/data/genome_db/GCF_001985785.1
2388	:	1770321225.266	     0.940	0	54	0	0	write_iso_sources /home/kcw2/data/genome_db/GCF_001985385.1
2370	:	1770321224.985	     1.248	0	54	0	0	write_iso_sources /home/kcw2/data/genome_db/GCF_004006815.1
2374	:	1770321225.089	     1.164	0	54	0	0	write_iso_sources /home/kcw2/data/genome_db/GCF_009626075.1
2393	:	1770321225.334	     0.919	0	54	0	0	write_iso_sources /home/kcw2/data/genome_db/GCF_001986675.1
2390	:	1770321225.289	     0.994	0	54	0	0	write_iso_sources /home/kcw2/data/genome_db/GCF_001985805.1
2391	:	1770321225.300	     0.985	0	54	0	0	write_iso_sources /home/kcw2/data/genome_db/GCF_001986235.1
2392	:	1770321225.314	     0.987	0	54	0	0	write_iso_sources /home/kcw2/data/genome_db/GCF_001986255.1
2376	:	1770321225.114	     1.213	0	54	0	0	write_iso_sources /home/kcw2/data/genome_db/GCF_009626535.1
2395	:	1770321225.361	     0.996	0	54	0	0	write_iso_sources /home/kcw2/data/genome_db/GCF_001987095.1
2385	:	1770321225.230	     1.155	0	54	0	0	write_iso_sources /home/kcw2/data/genome_db/GCF_001984925.1
2386	:	1770321225.242	     1.194	0	54	0	0	write_iso_sources /home/kcw2/data/genome_db/GCF_001984945.1
2397	:	1770321225.383	     1.071	0	54	0	0	write_iso_sources /home/kcw2/data/genome_db/GCF_001987515.1
2398	:	1770321225.399	     1.069	0	54	0	0	write_iso_sources /home/kcw2/data/genome_db/GCF_001987535.1
2399	:	1770321225.408	     1.078	0	54	0	0	write_iso_sources /home/kcw2/data/genome_db/GCF_001987935.1
2394	:	1770321225.348	     1.158	0	54	0	0	write_iso_sources /home/kcw2/data/genome_db/GCF_001986695.1
2396	:	1770321225.372	     1.150	0	54	0	0	write_iso_sources /home/kcw2/data/genome_db/GCF_001987115.1
2377	:	1770321225.126	     1.399	0	54	0	0	write_iso_sources /home/kcw2/data/genome_db/GCF_009627555.1
2372	:	1770321225.050	     1.502	0	54	0	0	write_iso_sources /home/kcw2/data/genome_db/GCF_004008215.1
2401	:	1770321225.441	     1.112	0	54	0	0	write_iso_sources /home/kcw2/data/genome_db/GCF_001988355.1
2405	:	1770321225.499	     1.067	0	54	0	0	write_iso_sources /home/kcw2/data/genome_db/GCF_001989255.1
2402	:	1770321225.455	     1.148	0	54	0	0	write_iso_sources /home/kcw2/data/genome_db/GCF_001988375.1
2404	:	1770321225.485	     1.141	0	54	0	0	write_iso_sources /home/kcw2/data/genome_db/GCF_001988795.1
2407	:	1770321225.526	     1.101	0	54	0	0	write_iso_sources /home/kcw2/data/genome_db/GCF_002286095.1
2410	:	1770321225.574	     1.054	0	54	0	0	write_iso_sources /home/kcw2/data/genome_db/GCF_002859585.1
2403	:	1770321225.466	     1.178	0	54	0	0	write_iso_sources /home/kcw2/data/genome_db/GCF_001988775.1
2409	:	1770321225.558	     1.087	0	54	0	0	write_iso_sources /home/kcw2/data/genome_db/GCF_002859565.1
2406	:	1770321225.511	     1.151	0	54	0	0	write_iso_sources /home/kcw2/data/genome_db/GCF_001989275.1
2411	:	1770321225.596	     1.071	0	54	0	0	write_iso_sources /home/kcw2/data/genome_db/GCF_003355045.1
2408	:	1770321225.543	     1.138	0	54	0	0	write_iso_sources /home/kcw2/data/genome_db/GCF_002286115.1
2413	:	1770321225.660	     1.052	0	54	0	0	write_iso_sources /home/kcw2/data/genome_db/GCF_004008555.1
2400	:	1770321225.417	     1.355	0	54	0	0	write_iso_sources /home/kcw2/data/genome_db/GCF_001987955.1
2414	:	1770321225.676	     1.151	0	54	0	0	write_iso_sources /home/kcw2/data/genome_db/GCF_004008595.1
2415	:	1770321225.788	     1.058	0	54	0	0	write_iso_sources /home/kcw2/data/genome_db/GCF_004009215.1
2412	:	1770321225.629	     1.252	0	54	0	0	write_iso_sources /home/kcw2/data/genome_db/GCF_003355065.1
2417	:	1770321225.984	     1.003	0	54	0	0	write_iso_sources /home/kcw2/data/genome_db/GCF_004009655.1
2418	:	1770321226.046	     0.944	0	54	0	0	write_iso_sources /home/kcw2/data/genome_db/GCF_004009675.1
2416	:	1770321225.895	     1.199	0	54	0	0	write_iso_sources /home/kcw2/data/genome_db/GCF_004009235.1
2422	:	1770321226.131	     0.984	0	54	0	0	write_iso_sources /home/kcw2/data/genome_db/GCF_004635425.1
2423	:	1770321226.144	     0.994	0	54	0	0	write_iso_sources /home/kcw2/data/genome_db/GCF_004635845.1
2421	:	1770321226.104	     1.059	0	54	0	0	write_iso_sources /home/kcw2/data/genome_db/GCF_004635405.1
2419	:	1770321226.061	     1.145	0	54	0	0	write_iso_sources /home/kcw2/data/genome_db/GCF_004634845.1
2428	:	1770321226.252	     0.973	0	54	0	0	write_iso_sources /home/kcw2/data/genome_db/GCF_004636905.1
2426	:	1770321226.207	     1.022	0	54	0	0	write_iso_sources /home/kcw2/data/genome_db/GCF_004636285.1
2434	:	1770321226.339	     0.905	0	54	0	0	write_iso_sources /home/kcw2/data/genome_db/GCF_030644645.1
2425	:	1770321226.181	     1.101	0	54	0	0	write_iso_sources /home/kcw2/data/genome_db/GCF_004636265.1
2427	:	1770321226.233	     1.055	0	54	0	0	write_iso_sources /home/kcw2/data/genome_db/GCF_004636885.1
2430	:	1770321226.283	     1.006	0	54	0	0	write_iso_sources /home/kcw2/data/genome_db/GCF_016903095.1
2433	:	1770321226.328	     0.960	0	54	0	0	write_iso_sources /home/kcw2/data/genome_db/GCF_028747745.1
2435	:	1770321226.348	     0.971	0	54	0	0	write_iso_sources /home/kcw2/data/genome_db/GCF_032286425.1
2438	:	1770321226.383	     0.952	0	54	0	0	write_iso_sources /home/kcw2/data/genome_db/GCF_047323375.1
2420	:	1770321226.074	     1.279	0	54	0	0	write_iso_sources /home/kcw2/data/genome_db/GCF_004634865.1
2437	:	1770321226.368	     0.986	0	54	0	0	write_iso_sources /home/kcw2/data/genome_db/GCF_047323335.1
2429	:	1770321226.267	     1.101	0	54	0	0	write_iso_sources /home/kcw2/data/genome_db/GCF_008330005.1
2431	:	1770321226.300	     1.134	0	54	0	0	write_iso_sources /home/kcw2/data/genome_db/GCF_022407175.1
2436	:	1770321226.357	     1.078	0	54	0	0	write_iso_sources /home/kcw2/data/genome_db/GCF_032287185.1
2432	:	1770321226.317	     1.120	0	54	0	0	write_iso_sources /home/kcw2/data/genome_db/GCF_022407235.1
2441	:	1770321226.468	     0.980	0	54	0	0	write_iso_sources /home/kcw2/data/genome_db/GCF_900465715.1
2424	:	1770321226.161	     1.319	0	54	0	0	write_iso_sources /home/kcw2/data/genome_db/GCF_004635865.1
2440	:	1770321226.453	     1.098	0	54	0	0	write_iso_sources /home/kcw2/data/genome_db/GCF_047323845.1
2444	:	1770321226.517	     1.148	0	54	0	0	write_iso_sources /home/kcw2/data/genome_db/GCF_002735945.1
2443	:	1770321226.507	     1.217	0	54	0	0	write_iso_sources /home/kcw2/data/genome_db/GCF_030518775.1
2439	:	1770321226.409	     1.368	0	54	0	0	write_iso_sources /home/kcw2/data/genome_db/GCF_047323835.1
2447	:	1770321226.567	     1.234	0	54	0	0	write_iso_sources /home/kcw2/data/genome_db/GCF_001022275.1
2445	:	1770321226.536	     1.287	0	54	0	0	write_iso_sources /home/kcw2/data/genome_db/GCF_022846555.1
2442	:	1770321226.486	     1.368	0	54	0	0	write_iso_sources /home/kcw2/data/genome_db/GCF_900465735.1
2446	:	1770321226.552	     1.329	0	54	0	0	write_iso_sources /home/kcw2/data/genome_db/GCF_023169985.1
2450	:	1770321226.626	     1.358	0	54	0	0	write_iso_sources /home/kcw2/data/genome_db/GCF_008931685.1
2452	:	1770321226.662	     1.343	0	54	0	0	write_iso_sources /home/kcw2/data/genome_db/GCF_013727455.1
2448	:	1770321226.579	     1.464	0	54	0	0	write_iso_sources /home/kcw2/data/genome_db/GCF_001702455.1
2459	:	1770321226.791	     1.268	0	54	0	0	write_iso_sources /home/kcw2/data/genome_db/GCF_032464395.1
2453	:	1770321226.681	     1.408	0	54	0	0	write_iso_sources /home/kcw2/data/genome_db/GCF_013786145.1
2455	:	1770321226.713	     1.394	0	54	0	0	write_iso_sources /home/kcw2/data/genome_db/GCF_014725915.1
2458	:	1770321226.771	     1.376	0	54	0	0	write_iso_sources /home/kcw2/data/genome_db/GCF_027595105.3
2449	:	1770321226.597	     1.571	0	54	0	0	write_iso_sources /home/kcw2/data/genome_db/GCF_008931625.1
2461	:	1770321226.847	     1.338	0	54	0	0	write_iso_sources /home/kcw2/data/genome_db/GCF_036687445.1
2451	:	1770321226.644	     1.562	0	54	0	0	write_iso_sources /home/kcw2/data/genome_db/GCF_013726615.1
2456	:	1770321226.740	     1.481	0	54	0	0	write_iso_sources /home/kcw2/data/genome_db/GCF_016939595.1
2457	:	1770321226.754	     1.492	0	54	0	0	write_iso_sources /home/kcw2/data/genome_db/GCF_027271215.1
2460	:	1770321226.807	     1.450	0	54	0	0	write_iso_sources /home/kcw2/data/genome_db/GCF_032818495.1
2454	:	1770321226.692	     1.595	0	54	0	0	write_iso_sources /home/kcw2/data/genome_db/GCF_013786205.1
2462	:	1770321226.880	     1.440	0	54	0	0	write_iso_sources /home/kcw2/data/genome_db/GCF_036884505.1
2463	:	1770321226.892	     1.467	0	54	0	0	write_iso_sources /home/kcw2/data/genome_db/GCF_050187865.1
2468	:	1770321227.151	     1.243	0	54	0	0	write_iso_sources /home/kcw2/data/genome_db/GCF_019048125.1
2465	:	1770321227.033	     1.394	0	54	0	0	write_iso_sources /home/kcw2/data/genome_db/GCF_002796425.1
2464	:	1770321227.006	     1.444	0	54	0	0	write_iso_sources /home/kcw2/data/genome_db/GCF_900520335.1
2481	:	1770321227.418	     1.033	0	54	0	0	write_iso_sources /home/kcw2/data/genome_db/GCF_023612795.1
2482	:	1770321227.434	     1.066	0	54	0	0	write_iso_sources /home/kcw2/data/genome_db/GCF_025987805.1
2467	:	1770321227.138	     1.378	0	54	0	0	write_iso_sources /home/kcw2/data/genome_db/GCF_019047925.1
2466	:	1770321227.110	     1.432	0	54	0	0	write_iso_sources /home/kcw2/data/genome_db/GCF_002796525.1
2472	:	1770321227.283	     1.279	0	54	0	0	write_iso_sources /home/kcw2/data/genome_db/GCF_041282635.1
2470	:	1770321227.226	     1.352	0	54	0	0	write_iso_sources /home/kcw2/data/genome_db/GCF_034119905.1
2476	:	1770321227.353	     1.255	0	54	0	0	write_iso_sources /home/kcw2/data/genome_db/GCF_031890505.1
2473	:	1770321227.303	     1.305	0	54	0	0	write_iso_sources /home/kcw2/data/genome_db/GCF_014839205.2
2475	:	1770321227.335	     1.276	0	54	0	0	write_iso_sources /home/kcw2/data/genome_db/GCF_031890205.1
2479	:	1770321227.394	     1.251	0	54	0	0	write_iso_sources /home/kcw2/data/genome_db/GCF_045348775.1
2471	:	1770321227.245	     1.421	0	54	0	0	write_iso_sources /home/kcw2/data/genome_db/GCF_039734745.1
2474	:	1770321227.320	     1.364	0	54	0	0	write_iso_sources /home/kcw2/data/genome_db/GCF_014839525.2
2484	:	1770321227.463	     1.231	0	54	0	0	write_iso_sources /home/kcw2/data/genome_db/GCF_026075575.1
2478	:	1770321227.382	     1.329	0	54	0	0	write_iso_sources /home/kcw2/data/genome_db/GCF_019047105.1
2469	:	1770321227.175	     1.539	0	54	0	0	write_iso_sources /home/kcw2/data/genome_db/GCF_034044195.1
2477	:	1770321227.367	     1.363	0	54	0	0	write_iso_sources /home/kcw2/data/genome_db/GCF_018140965.1
2480	:	1770321227.406	     1.349	0	54	0	0	write_iso_sources /home/kcw2/data/genome_db/GCF_045348785.1
2483	:	1770321227.449	     1.330	0	54	0	0	write_iso_sources /home/kcw2/data/genome_db/GCF_025765875.1
2485	:	1770321227.480	     1.341	0	54	0	0	write_iso_sources /home/kcw2/data/genome_db/GCF_000599665.1
2488	:	1770321227.572	     1.250	0	54	0	0	write_iso_sources /home/kcw2/data/genome_db/GCF_001183665.1
2486	:	1770321227.492	     1.361	0	54	0	0	write_iso_sources /home/kcw2/data/genome_db/GCF_000599685.1
2491	:	1770321227.801	     1.077	0	54	0	0	write_iso_sources /home/kcw2/data/genome_db/GCF_001682305.2
2487	:	1770321227.503	     1.448	0	54	0	0	write_iso_sources /home/kcw2/data/genome_db/GCF_001183645.1
2489	:	1770321227.690	     1.372	0	54	0	0	write_iso_sources /home/kcw2/data/genome_db/GCF_001577325.1
2493	:	1770321227.854	     1.270	0	54	0	0	write_iso_sources /home/kcw2/data/genome_db/GCF_001890225.1
2496	:	1770321228.005	     1.138	0	54	0	0	write_iso_sources /home/kcw2/data/genome_db/GCF_001900575.1
2490	:	1770321227.743	     1.438	0	54	0	0	write_iso_sources /home/kcw2/data/genome_db/GCF_001612475.1
2492	:	1770321227.824	     1.395	0	54	0	0	write_iso_sources /home/kcw2/data/genome_db/GCF_001683435.1
2495	:	1770321227.911	     1.332	0	54	0	0	write_iso_sources /home/kcw2/data/genome_db/GCF_001900555.1
2497	:	1770321228.041	     1.293	0	54	0	0	write_iso_sources /home/kcw2/data/genome_db/GCF_001901025.1
2494	:	1770321227.882	     1.480	0	54	0	0	write_iso_sources /home/kcw2/data/genome_db/GCF_001890245.1
2501	:	1770321228.123	     1.261	0	54	0	0	write_iso_sources /home/kcw2/data/genome_db/GCF_002056145.1
2498	:	1770321228.059	     1.358	0	54	0	0	write_iso_sources /home/kcw2/data/genome_db/GCF_001901045.1
2503	:	1770321228.185	     1.256	0	54	0	0	write_iso_sources /home/kcw2/data/genome_db/GCF_002163955.1
2500	:	1770321228.108	     1.361	0	54	0	0	write_iso_sources /home/kcw2/data/genome_db/GCF_002011945.1
2502	:	1770321228.167	     1.353	0	54	0	0	write_iso_sources /home/kcw2/data/genome_db/GCF_002056635.1
2499	:	1770321228.073	     1.470	0	54	0	0	write_iso_sources /home/kcw2/data/genome_db/GCF_002009315.1
2509	:	1770321228.302	     1.289	0	54	0	0	write_iso_sources /home/kcw2/data/genome_db/GCF_002786655.1
2507	:	1770321228.258	     1.337	0	54	0	0	write_iso_sources /home/kcw2/data/genome_db/GCF_002310695.1
2511	:	1770321228.375	     1.240	0	54	0	0	write_iso_sources /home/kcw2/data/genome_db/GCF_002854065.1
2505	:	1770321228.217	     1.404	0	54	0	0	write_iso_sources /home/kcw2/data/genome_db/GCF_002211725.1
2515	:	1770321228.495	     1.127	0	54	0	0	write_iso_sources /home/kcw2/data/genome_db/GCF_002952935.1
2513	:	1770321228.450	     1.194	0	54	0	0	write_iso_sources /home/kcw2/data/genome_db/GCF_002934025.1
2504	:	1770321228.204	     1.470	0	54	0	0	write_iso_sources /home/kcw2/data/genome_db/GCF_002164595.2
2508	:	1770321228.287	     1.391	0	54	0	0	write_iso_sources /home/kcw2/data/genome_db/GCF_002310715.1
2517	:	1770321228.541	     1.138	0	54	0	0	write_iso_sources /home/kcw2/data/genome_db/GCF_002967885.2
2510	:	1770321228.346	     1.347	0	54	0	0	write_iso_sources /home/kcw2/data/genome_db/GCF_002787215.1
2506	:	1770321228.236	     1.527	0	54	0	0	write_iso_sources /home/kcw2/data/genome_db/GCF_002214205.1
2512	:	1770321228.427	     1.358	0	54	0	0	write_iso_sources /home/kcw2/data/genome_db/GCF_002855325.1
2518	:	1770321228.558	     1.271	0	54	0	0	write_iso_sources /home/kcw2/data/genome_db/GCF_002967935.2
2525	:	1770321228.683	     1.172	0	54	0	0	write_iso_sources /home/kcw2/data/genome_db/GCF_003073955.1
2516	:	1770321228.517	     1.358	0	54	0	0	write_iso_sources /home/kcw2/data/genome_db/GCF_002952955.1
2519	:	1770321228.578	     1.297	0	54	0	0	write_iso_sources /home/kcw2/data/genome_db/GCF_003017995.1
2526	:	1770321228.694	     1.194	0	54	0	0	write_iso_sources /home/kcw2/data/genome_db/GCF_003076395.1
2528	:	1770321228.731	     1.187	0	54	0	0	write_iso_sources /home/kcw2/data/genome_db/GCF_003290205.1
2520	:	1770321228.591	     1.360	0	54	0	0	write_iso_sources /home/kcw2/data/genome_db/GCF_003018035.1
2530	:	1770321228.778	     1.199	0	54	0	0	write_iso_sources /home/kcw2/data/genome_db/GCF_003410275.1
2532	:	1770321228.820	     1.226	0	54	0	0	write_iso_sources /home/kcw2/data/genome_db/GCF_003812625.1
2527	:	1770321228.712	     1.349	0	54	0	0	write_iso_sources /home/kcw2/data/genome_db/GCF_003288455.1
2514	:	1770321228.481	     1.597	0	54	0	0	write_iso_sources /home/kcw2/data/genome_db/GCF_002934895.1
2522	:	1770321228.635	     1.444	0	54	0	0	write_iso_sources /home/kcw2/data/genome_db/GCF_003018555.1
2523	:	1770321228.646	     1.448	0	54	0	0	write_iso_sources /home/kcw2/data/genome_db/GCF_003019115.1
2524	:	1770321228.666	     1.429	0	54	0	0	write_iso_sources /home/kcw2/data/genome_db/GCF_003019155.1
2533	:	1770321228.836	     1.314	0	54	0	0	write_iso_sources /home/kcw2/data/genome_db/GCF_003956345.1
2534	:	1770321228.853	     1.321	0	54	0	0	write_iso_sources /home/kcw2/data/genome_db/GCF_003956365.1
2538	:	1770321229.082	     1.116	0	54	0	0	write_iso_sources /home/kcw2/data/genome_db/GCF_004358965.1
2521	:	1770321228.626	     1.597	0	54	0	0	write_iso_sources /home/kcw2/data/genome_db/GCF_003018535.1
2529	:	1770321228.755	     1.491	0	54	0	0	write_iso_sources /home/kcw2/data/genome_db/GCF_003402955.1
2535	:	1770321228.878	     1.372	0	54	0	0	write_iso_sources /home/kcw2/data/genome_db/GCF_004010655.1
2531	:	1770321228.806	     1.502	0	54	0	0	write_iso_sources /home/kcw2/data/genome_db/GCF_003790525.1
2537	:	1770321228.963	     1.363	0	54	0	0	write_iso_sources /home/kcw2/data/genome_db/GCF_004358405.1
2536	:	1770321228.909	     1.489	0	54	0	0	write_iso_sources /home/kcw2/data/genome_db/GCF_004010675.1
2539	:	1770321229.144	     1.325	0	54	0	0	write_iso_sources /home/kcw2/data/genome_db/GCF_005221545.1
2544	:	1770321229.363	     1.141	0	54	0	0	write_iso_sources /home/kcw2/data/genome_db/GCF_005671355.1
2541	:	1770321229.201	     1.318	0	54	0	0	write_iso_sources /home/kcw2/data/genome_db/GCF_005221965.1
2543	:	1770321229.267	     1.258	0	54	0	0	write_iso_sources /home/kcw2/data/genome_db/GCF_005484365.1
2546	:	1770321229.398	     1.128	0	54	0	0	write_iso_sources /home/kcw2/data/genome_db/GCF_007954215.2
2542	:	1770321229.243	     1.461	0	54	0	0	write_iso_sources /home/kcw2/data/genome_db/GCF_005221985.1
2540	:	1770321229.168	     1.539	0	54	0	0	write_iso_sources /home/kcw2/data/genome_db/GCF_005221565.1
2551	:	1770321229.562	     1.145	0	54	0	0	write_iso_sources /home/kcw2/data/genome_db/GCF_009664205.1
2547	:	1770321229.440	     1.312	0	54	0	0	write_iso_sources /home/kcw2/data/genome_db/GCF_008642415.1
2550	:	1770321229.544	     1.211	0	54	0	0	write_iso_sources /home/kcw2/data/genome_db/GCF_008931725.1
2545	:	1770321229.383	     1.498	0	54	0	0	write_iso_sources /home/kcw2/data/genome_db/GCF_007833875.1
2553	:	1770321229.644	     1.292	0	54	0	0	write_iso_sources /home/kcw2/data/genome_db/GCF_009909465.1
2549	:	1770321229.480	     1.460	0	54	0	0	write_iso_sources /home/kcw2/data/genome_db/GCF_008931185.1
2554	:	1770321229.673	     1.267	0	54	0	0	write_iso_sources /home/kcw2/data/genome_db/GCF_009909485.1
2548	:	1770321229.457	     1.542	0	54	0	0	write_iso_sources /home/kcw2/data/genome_db/GCF_008761455.2
2556	:	1770321229.706	     1.322	0	54	0	0	write_iso_sources /home/kcw2/data/genome_db/GCF_010365425.1
2558	:	1770321229.745	     1.311	0	54	0	0	write_iso_sources /home/kcw2/data/genome_db/GCF_011045875.1
2564	:	1770321229.841	     1.220	0	54	0	0	write_iso_sources /home/kcw2/data/genome_db/GCF_013167075.1
2567	:	1770321229.903	     1.181	0	54	0	0	write_iso_sources /home/kcw2/data/genome_db/GCF_013374335.1
2555	:	1770321229.692	     1.439	0	54	0	0	write_iso_sources /home/kcw2/data/genome_db/GCF_010365405.1
2557	:	1770321229.726	     1.406	0	54	0	0	write_iso_sources /home/kcw2/data/genome_db/GCF_011045475.1
2560	:	1770321229.785	     1.376	0	54	0	0	write_iso_sources /home/kcw2/data/genome_db/GCF_012044775.1
2562	:	1770321229.817	     1.346	0	54	0	0	write_iso_sources /home/kcw2/data/genome_db/GCF_012934785.1
2563	:	1770321229.830	     1.334	0	54	0	0	write_iso_sources /home/kcw2/data/genome_db/GCF_013167055.1
2566	:	1770321229.888	     1.276	0	54	0	0	write_iso_sources /home/kcw2/data/genome_db/GCF_013340805.1
2569	:	1770321229.932	     1.253	0	54	0	0	write_iso_sources /home/kcw2/data/genome_db/GCF_013694285.1
2568	:	1770321229.917	     1.269	0	54	0	0	write_iso_sources /home/kcw2/data/genome_db/GCF_013376515.1
2571	:	1770321229.990	     1.196	0	54	0	0	write_iso_sources /home/kcw2/data/genome_db/GCF_014168835.1
2561	:	1770321229.806	     1.411	0	54	0	0	write_iso_sources /home/kcw2/data/genome_db/GCF_012934765.1
2565	:	1770321229.871	     1.348	0	54	0	0	write_iso_sources /home/kcw2/data/genome_db/GCF_013340785.1
2578	:	1770321230.173	     1.062	0	54	0	0	write_iso_sources /home/kcw2/data/genome_db/GCF_014863725.1
2559	:	1770321229.764	     1.482	0	54	0	0	write_iso_sources /home/kcw2/data/genome_db/GCF_011996085.1
2552	:	1770321229.616	     1.674	0	54	0	0	write_iso_sources /home/kcw2/data/genome_db/GCF_009664305.1
2573	:	1770321230.078	     1.213	0	54	0	0	write_iso_sources /home/kcw2/data/genome_db/GCF_014169695.1
2570	:	1770321229.966	     1.338	0	54	0	0	write_iso_sources /home/kcw2/data/genome_db/GCF_013694325.1
2577	:	1770321230.148	     1.237	0	54	0	0	write_iso_sources /home/kcw2/data/genome_db/GCF_014863705.1
2575	:	1770321230.107	     1.387	0	54	0	0	write_iso_sources /home/kcw2/data/genome_db/GCF_014522225.1
2572	:	1770321230.060	     1.463	0	54	0	0	write_iso_sources /home/kcw2/data/genome_db/GCF_014168855.1
2583	:	1770321230.286	     1.239	0	54	0	0	write_iso_sources /home/kcw2/data/genome_db/GCF_016446335.1
2574	:	1770321230.093	     1.467	0	54	0	0	write_iso_sources /home/kcw2/data/genome_db/GCF_014169775.1
2576	:	1770321230.132	     1.431	0	54	0	0	write_iso_sources /home/kcw2/data/genome_db/GCF_014522245.1
2584	:	1770321230.326	     1.240	0	54	0	0	write_iso_sources /home/kcw2/data/genome_db/GCF_016592875.1
2579	:	1770321230.196	     1.388	0	54	0	0	write_iso_sources /home/kcw2/data/genome_db/GCF_015136715.1
2581	:	1770321230.247	     1.434	0	54	0	0	write_iso_sources /home/kcw2/data/genome_db/GCF_015571955.1
2585	:	1770321230.343	     1.351	0	54	0	0	write_iso_sources /home/kcw2/data/genome_db/GCF_016776005.1
2590	:	1770321230.554	     1.155	0	54	0	0	write_iso_sources /home/kcw2/data/genome_db/GCF_016889525.1
2582	:	1770321230.264	     1.465	0	54	0	0	write_iso_sources /home/kcw2/data/genome_db/GCF_015649805.1
2580	:	1770321230.222	     1.527	0	54	0	0	write_iso_sources /home/kcw2/data/genome_db/GCF_015136895.1
2587	:	1770321230.485	     1.265	0	54	0	0	write_iso_sources /home/kcw2/data/genome_db/GCF_016780285.1
2591	:	1770321230.571	     1.179	0	54	0	0	write_iso_sources /home/kcw2/data/genome_db/GCF_016903615.1
2589	:	1770321230.543	     1.226	0	54	0	0	write_iso_sources /home/kcw2/data/genome_db/GCF_016889485.1
2588	:	1770321230.519	     1.286	0	54	0	0	write_iso_sources /home/kcw2/data/genome_db/GCF_016780415.1
2586	:	1770321230.416	     1.423	0	54	0	0	write_iso_sources /home/kcw2/data/genome_db/GCF_016776025.1
2595	:	1770321230.769	     1.185	0	54	0	0	write_iso_sources /home/kcw2/data/genome_db/GCF_016944775.1
2597	:	1770321230.899	     1.123	0	54	0	0	write_iso_sources /home/kcw2/data/genome_db/GCF_017604265.1
2592	:	1770321230.724	     1.322	0	54	0	0	write_iso_sources /home/kcw2/data/genome_db/GCF_016903815.1
2596	:	1770321230.781	     1.266	0	54	0	0	write_iso_sources /home/kcw2/data/genome_db/GCF_017088405.1
2593	:	1770321230.739	     1.338	0	54	0	0	write_iso_sources /home/kcw2/data/genome_db/GCF_016904555.1
2605	:	1770321231.162	     1.039	0	54	0	0	write_iso_sources /home/kcw2/data/genome_db/GCF_019334385.1
2599	:	1770321230.975	     1.239	0	54	0	0	write_iso_sources /home/kcw2/data/genome_db/GCF_018075285.1
2598	:	1770321230.961	     1.268	0	54	0	0	write_iso_sources /home/kcw2/data/genome_db/GCF_017638965.1
2594	:	1770321230.753	     1.493	0	54	0	0	write_iso_sources /home/kcw2/data/genome_db/GCF_016904575.1
2600	:	1770321231.000	     1.358	0	54	0	0	write_iso_sources /home/kcw2/data/genome_db/GCF_018075305.1
2609	:	1770321231.236	     1.135	0	54	0	0	write_iso_sources /home/kcw2/data/genome_db/GCF_019720795.1
2602	:	1770321231.084	     1.300	0	54	0	0	write_iso_sources /home/kcw2/data/genome_db/GCF_018415995.1
2606	:	1770321231.184	     1.213	0	54	0	0	write_iso_sources /home/kcw2/data/genome_db/GCF_019334645.1
2604	:	1770321231.131	     1.305	0	54	0	0	write_iso_sources /home/kcw2/data/genome_db/GCF_018884485.1
2611	:	1770321231.257	     1.197	0	54	0	0	write_iso_sources /home/kcw2/data/genome_db/GCF_019970955.1
2608	:	1770321231.216	     1.263	0	54	0	0	write_iso_sources /home/kcw2/data/genome_db/GCF_019431145.1
2612	:	1770321231.271	     1.222	0	54	0	0	write_iso_sources /home/kcw2/data/genome_db/GCF_019970975.1
2603	:	1770321231.105	     1.401	0	54	0	0	write_iso_sources /home/kcw2/data/genome_db/GCF_018884465.1
2601	:	1770321231.056	     1.466	0	54	0	0	write_iso_sources /home/kcw2/data/genome_db/GCF_018415975.1
2614	:	1770321231.304	     1.220	0	54	0	0	write_iso_sources /home/kcw2/data/genome_db/GCF_020149685.1
2607	:	1770321231.199	     1.349	0	54	0	0	write_iso_sources /home/kcw2/data/genome_db/GCF_019428785.1
2613	:	1770321231.290	     1.311	0	54	0	0	write_iso_sources /home/kcw2/data/genome_db/GCF_020149665.1
2622	:	1770321231.419	     1.206	0	54	0	0	write_iso_sources /home/kcw2/data/genome_db/GCF_021559875.1
2615	:	1770321231.316	     1.328	0	54	0	0	write_iso_sources /home/kcw2/data/genome_db/GCF_020541025.1
2617	:	1770321231.336	     1.311	0	54	0	0	write_iso_sources /home/kcw2/data/genome_db/GCF_020883275.1
2621	:	1770321231.403	     1.244	0	54	0	0	write_iso_sources /home/kcw2/data/genome_db/GCF_021559855.1
2619	:	1770321231.360	     1.327	0	54	0	0	write_iso_sources /home/kcw2/data/genome_db/GCF_021441965.1
2610	:	1770321231.246	     1.498	0	54	0	0	write_iso_sources /home/kcw2/data/genome_db/GCF_019802685.1
2616	:	1770321231.325	     1.421	0	54	0	0	write_iso_sources /home/kcw2/data/genome_db/GCF_020616475.1
2625	:	1770321231.584	     1.163	0	54	0	0	write_iso_sources /home/kcw2/data/genome_db/GCF_022493315.1
2618	:	1770321231.347	     1.423	0	54	0	0	write_iso_sources /home/kcw2/data/genome_db/GCF_020883295.1
2620	:	1770321231.386	     1.417	0	54	0	0	write_iso_sources /home/kcw2/data/genome_db/GCF_021441985.1
2626	:	1770321231.602	     1.203	0	54	0	0	write_iso_sources /home/kcw2/data/genome_db/GCF_022493335.1
2631	:	1770321231.709	     1.120	0	54	0	0	write_iso_sources /home/kcw2/data/genome_db/GCF_022558985.1
2623	:	1770321231.521	     1.334	0	54	0	0	write_iso_sources /home/kcw2/data/genome_db/GCF_022370515.1
2632	:	1770321231.728	     1.226	0	54	0	0	write_iso_sources /home/kcw2/data/genome_db/GCF_022559005.1
2633	:	1770321231.749	     1.286	0	54	0	0	write_iso_sources /home/kcw2/data/genome_db/GCF_022695865.1
2635	:	1770321231.790	     1.261	0	54	0	0	write_iso_sources /home/kcw2/data/genome_db/GCF_022964775.1
2639	:	1770321231.852	     1.224	0	54	0	0	write_iso_sources /home/kcw2/data/genome_db/GCF_023546885.1
2628	:	1770321231.629	     1.479	0	54	0	0	write_iso_sources /home/kcw2/data/genome_db/GCF_022493795.1
2629	:	1770321231.646	     1.465	0	54	0	0	write_iso_sources /home/kcw2/data/genome_db/GCF_022494805.1
2630	:	1770321231.694	     1.420	0	54	0	0	write_iso_sources /home/kcw2/data/genome_db/GCF_022494825.1
2634	:	1770321231.769	     1.345	0	54	0	0	write_iso_sources /home/kcw2/data/genome_db/GCF_022699465.1
2638	:	1770321231.836	     1.289	0	54	0	0	write_iso_sources /home/kcw2/data/genome_db/GCF_023272815.1
2637	:	1770321231.824	     1.338	0	54	0	0	write_iso_sources /home/kcw2/data/genome_db/GCF_023272775.1
2636	:	1770321231.806	     1.371	0	54	0	0	write_iso_sources /home/kcw2/data/genome_db/GCF_022964815.1
2641	:	1770321232.046	     1.164	0	54	0	0	write_iso_sources /home/kcw2/data/genome_db/GCF_023658405.1
2627	:	1770321231.619	     1.602	0	54	0	0	write_iso_sources /home/kcw2/data/genome_db/GCF_022493755.1
2640	:	1770321231.978	     1.286	0	54	0	0	write_iso_sources /home/kcw2/data/genome_db/GCF_023612415.1
2624	:	1770321231.559	     1.723	0	54	0	0	write_iso_sources /home/kcw2/data/genome_db/GCF_022376675.1
2642	:	1770321232.077	     1.226	0	54	0	0	write_iso_sources /home/kcw2/data/genome_db/GCF_023658425.1
2643	:	1770321232.106	     1.320	0	54	0	0	write_iso_sources /home/kcw2/data/genome_db/GCF_024298765.1
2644	:	1770321232.120	     1.382	0	54	0	0	write_iso_sources /home/kcw2/data/genome_db/GCF_024298785.1
2648	:	1770321232.258	     1.272	0	54	0	0	write_iso_sources /home/kcw2/data/genome_db/GCF_024584865.1
2646	:	1770321232.226	     1.345	0	54	0	0	write_iso_sources /home/kcw2/data/genome_db/GCF_024399055.1
2647	:	1770321232.243	     1.392	0	54	0	0	write_iso_sources /home/kcw2/data/genome_db/GCF_024584845.1
2651	:	1770321232.398	     1.252	0	54	0	0	write_iso_sources /home/kcw2/data/genome_db/GCF_024662255.1
2650	:	1770321232.385	     1.291	0	54	0	0	write_iso_sources /home/kcw2/data/genome_db/GCF_024585605.1
2645	:	1770321232.214	     1.480	0	54	0	0	write_iso_sources /home/kcw2/data/genome_db/GCF_024396575.1
2653	:	1770321232.452	     1.261	0	54	0	0	write_iso_sources /home/kcw2/data/genome_db/GCF_024917795.1
2660	:	1770321232.563	     1.167	0	54	0	0	write_iso_sources /home/kcw2/data/genome_db/GCF_025583295.2
2649	:	1770321232.371	     1.384	0	54	0	0	write_iso_sources /home/kcw2/data/genome_db/GCF_024585585.1
2652	:	1770321232.409	     1.351	0	54	0	0	write_iso_sources /home/kcw2/data/genome_db/GCF_024700745.2
2654	:	1770321232.466	     1.296	0	54	0	0	write_iso_sources /home/kcw2/data/genome_db/GCF_024917815.1
2656	:	1770321232.505	     1.258	0	54	0	0	write_iso_sources /home/kcw2/data/genome_db/GCF_024971875.1
2663	:	1770321232.659	     1.106	0	54	0	0	write_iso_sources /home/kcw2/data/genome_db/GCF_026210495.1
2655	:	1770321232.493	     1.332	0	54	0	0	write_iso_sources /home/kcw2/data/genome_db/GCF_024971815.1
2657	:	1770321232.522	     1.358	0	54	0	0	write_iso_sources /home/kcw2/data/genome_db/GCF_025369795.1
2658	:	1770321232.534	     1.411	0	54	0	0	write_iso_sources /home/kcw2/data/genome_db/GCF_025369815.1
2661	:	1770321232.625	     1.322	0	54	0	0	write_iso_sources /home/kcw2/data/genome_db/GCF_025995415.1
2659	:	1770321232.546	     1.404	0	54	0	0	write_iso_sources /home/kcw2/data/genome_db/GCF_025583265.2
2669	:	1770321232.782	     1.169	0	54	0	0	write_iso_sources /home/kcw2/data/genome_db/GCF_027944875.1
2664	:	1770321232.675	     1.318	0	54	0	0	write_iso_sources /home/kcw2/data/genome_db/GCF_026210515.1
2665	:	1770321232.687	     1.307	0	54	0	0	write_iso_sources /home/kcw2/data/genome_db/GCF_026651185.1
2671	:	1770321232.817	     1.310	0	54	0	0	write_iso_sources /home/kcw2/data/genome_db/GCF_028488865.1
2674	:	1770321232.866	     1.279	0	54	0	0	write_iso_sources /home/kcw2/data/genome_db/GCF_029026925.1
2673	:	1770321232.852	     1.313	0	54	0	0	write_iso_sources /home/kcw2/data/genome_db/GCF_029011945.1
2670	:	1770321232.801	     1.384	0	54	0	0	write_iso_sources /home/kcw2/data/genome_db/GCF_027944895.1
2675	:	1770321232.976	     1.228	0	54	0	0	write_iso_sources /home/kcw2/data/genome_db/GCF_029536615.1
2667	:	1770321232.759	     1.485	0	54	0	0	write_iso_sources /home/kcw2/data/genome_db/GCF_027925745.1
2666	:	1770321232.705	     1.552	0	54	0	0	write_iso_sources /home/kcw2/data/genome_db/GCF_026651205.1
2668	:	1770321232.770	     1.500	0	54	0	0	write_iso_sources /home/kcw2/data/genome_db/GCF_027925765.1
2662	:	1770321232.644	     1.645	0	54	0	0	write_iso_sources /home/kcw2/data/genome_db/GCF_025995475.1
2672	:	1770321232.830	     1.481	0	54	0	0	write_iso_sources /home/kcw2/data/genome_db/GCF_028551195.1
2676	:	1770321233.050	     1.315	0	54	0	0	write_iso_sources /home/kcw2/data/genome_db/GCF_029536635.1
2685	:	1770321233.221	     1.163	0	54	0	0	write_iso_sources /home/kcw2/data/genome_db/GCF_030028135.1
2686	:	1770321233.236	     1.162	0	54	0	0	write_iso_sources /home/kcw2/data/genome_db/GCF_030028175.1
2677	:	1770321233.077	     1.393	0	54	0	0	write_iso_sources /home/kcw2/data/genome_db/GCF_029636805.1
2679	:	1770321233.125	     1.368	0	54	0	0	write_iso_sources /home/kcw2/data/genome_db/GCF_029987875.1
2680	:	1770321233.140	     1.354	0	54	0	0	write_iso_sources /home/kcw2/data/genome_db/GCF_029987955.1
2682	:	1770321233.177	     1.332	0	54	0	0	write_iso_sources /home/kcw2/data/genome_db/GCF_029991185.1
2690	:	1770321233.325	     1.203	0	54	0	0	write_iso_sources /home/kcw2/data/genome_db/GCF_030162015.2
2687	:	1770321233.246	     1.293	0	54	0	0	write_iso_sources /home/kcw2/data/genome_db/GCF_030037445.1
2683	:	1770321233.194	     1.378	0	54	0	0	write_iso_sources /home/kcw2/data/genome_db/GCF_030013205.1
2689	:	1770321233.295	     1.314	0	54	0	0	write_iso_sources /home/kcw2/data/genome_db/GCF_030161935.2
2684	:	1770321233.209	     1.433	0	54	0	0	write_iso_sources /home/kcw2/data/genome_db/GCF_030013225.1
2681	:	1770321233.162	     1.506	0	54	0	0	write_iso_sources /home/kcw2/data/genome_db/GCF_029991165.1
2678	:	1770321233.108	     1.580	0	54	0	0	write_iso_sources /home/kcw2/data/genome_db/GCF_029674645.1
2688	:	1770321233.282	     1.448	0	54	0	0	write_iso_sources /home/kcw2/data/genome_db/GCF_030037615.1
2691	:	1770321233.455	     1.335	0	54	0	0	write_iso_sources /home/kcw2/data/genome_db/GCF_030285505.1
2701	:	1770321233.780	     1.107	0	54	0	0	write_iso_sources /home/kcw2/data/genome_db/GCF_030625705.1
2700	:	1770321233.755	     1.152	0	54	0	0	write_iso_sources /home/kcw2/data/genome_db/GCF_030515215.1
2692	:	1770321233.513	     1.421	0	54	0	0	write_iso_sources /home/kcw2/data/genome_db/GCF_030285525.1
2695	:	1770321233.650	     1.298	0	54	0	0	write_iso_sources /home/kcw2/data/genome_db/GCF_030384745.1
2699	:	1770321233.724	     1.253	0	54	0	0	write_iso_sources /home/kcw2/data/genome_db/GCF_030515195.1
2706	:	1770321233.859	     1.154	0	54	0	0	write_iso_sources /home/kcw2/data/genome_db/GCF_030991405.1
2703	:	1770321233.808	     1.230	0	54	0	0	write_iso_sources /home/kcw2/data/genome_db/GCF_030708315.1
2696	:	1770321233.666	     1.386	0	54	0	0	write_iso_sources /home/kcw2/data/genome_db/GCF_030384765.1
2694	:	1770321233.594	     1.481	0	54	0	0	write_iso_sources /home/kcw2/data/genome_db/GCF_030296255.1
2697	:	1770321233.694	     1.401	0	54	0	0	write_iso_sources /home/kcw2/data/genome_db/GCF_030389855.1
2693	:	1770321233.543	     1.569	0	54	0	0	write_iso_sources /home/kcw2/data/genome_db/GCF_030296235.1
2702	:	1770321233.790	     1.348	0	54	0	0	write_iso_sources /home/kcw2/data/genome_db/GCF_030707855.1
2705	:	1770321233.844	     1.348	0	54	0	0	write_iso_sources /home/kcw2/data/genome_db/GCF_030988915.1
2704	:	1770321233.826	     1.380	0	54	0	0	write_iso_sources /home/kcw2/data/genome_db/GCF_030708335.1
2708	:	1770321233.973	     1.306	0	54	0	0	write_iso_sources /home/kcw2/data/genome_db/GCF_031432795.1
2698	:	1770321233.712	     1.592	0	54	0	0	write_iso_sources /home/kcw2/data/genome_db/GCF_030389925.1
2707	:	1770321233.894	     1.438	0	54	0	0	write_iso_sources /home/kcw2/data/genome_db/GCF_031357085.1
2711	:	1770321234.032	     1.330	0	54	0	0	write_iso_sources /home/kcw2/data/genome_db/GCF_032375105.1
2720	:	1770321234.270	     1.138	0	54	0	0	write_iso_sources /home/kcw2/data/genome_db/GCF_035621515.1
2716	:	1770321234.181	     1.263	0	54	0	0	write_iso_sources /home/kcw2/data/genome_db/GCF_033802625.1
2710	:	1770321234.004	     1.465	0	54	0	0	write_iso_sources /home/kcw2/data/genome_db/GCF_031675475.1
2712	:	1770321234.062	     1.411	0	54	0	0	write_iso_sources /home/kcw2/data/genome_db/GCF_032375125.1
2718	:	1770321234.217	     1.257	0	54	0	0	write_iso_sources /home/kcw2/data/genome_db/GCF_034422715.1
2709	:	1770321233.993	     1.522	0	54	0	0	write_iso_sources /home/kcw2/data/genome_db/GCF_031665995.1
2713	:	1770321234.078	     1.450	0	54	0	0	write_iso_sources /home/kcw2/data/genome_db/GCF_032998425.1
2724	:	1770321234.379	     1.151	0	54	0	0	write_iso_sources /home/kcw2/data/genome_db/GCF_036498665.1
2714	:	1770321234.146	     1.400	0	54	0	0	write_iso_sources /home/kcw2/data/genome_db/GCF_033037735.1
2721	:	1770321234.287	     1.259	0	54	0	0	write_iso_sources /home/kcw2/data/genome_db/GCF_036493655.1
2715	:	1770321234.166	     1.422	0	54	0	0	write_iso_sources /home/kcw2/data/genome_db/GCF_033802565.1
2725	:	1770321234.396	     1.194	0	54	0	0	write_iso_sources /home/kcw2/data/genome_db/GCF_036502505.1
2726	:	1770321234.421	     1.183	0	54	0	0	write_iso_sources /home/kcw2/data/genome_db/GCF_036502665.1
2719	:	1770321234.257	     1.424	0	54	0	0	write_iso_sources /home/kcw2/data/genome_db/GCF_035621115.1
2717	:	1770321234.204	     1.505	0	54	0	0	write_iso_sources /home/kcw2/data/genome_db/GCF_034422495.1
2722	:	1770321234.304	     1.407	0	54	0	0	write_iso_sources /home/kcw2/data/genome_db/GCF_036493855.1
2727	:	1770321234.492	     1.277	0	54	0	0	write_iso_sources /home/kcw2/data/genome_db/GCF_036506815.1
2729	:	1770321234.527	     1.259	0	54	0	0	write_iso_sources /home/kcw2/data/genome_db/GCF_036884355.1
2728	:	1770321234.510	     1.292	0	54	0	0	write_iso_sources /home/kcw2/data/genome_db/GCF_036506995.1
2723	:	1770321234.338	     1.559	0	54	0	0	write_iso_sources /home/kcw2/data/genome_db/GCF_036498465.1
2732	:	1770321234.563	     1.351	0	54	0	0	write_iso_sources /home/kcw2/data/genome_db/GCF_036884795.1
2731	:	1770321234.551	     1.438	0	54	0	0	write_iso_sources /home/kcw2/data/genome_db/GCF_036884785.1
2735	:	1770321234.663	     1.348	0	54	0	0	write_iso_sources /home/kcw2/data/genome_db/GCF_037287445.1
2733	:	1770321234.589	     1.480	0	54	0	0	write_iso_sources /home/kcw2/data/genome_db/GCF_037094625.1
2737	:	1770321234.702	     1.387	0	54	0	0	write_iso_sources /home/kcw2/data/genome_db/GCF_037546845.1
2730	:	1770321234.540	     1.581	0	54	0	0	write_iso_sources /home/kcw2/data/genome_db/GCF_036884365.1
2736	:	1770321234.689	     1.542	0	54	0	0	write_iso_sources /home/kcw2/data/genome_db/GCF_037287455.1
2739	:	1770321234.821	     1.451	0	54	0	0	write_iso_sources /home/kcw2/data/genome_db/GCF_037576255.1
2743	:	1770321234.978	     1.312	0	54	0	0	write_iso_sources /home/kcw2/data/genome_db/GCF_038627065.1
2751	:	1770321235.152	     1.140	0	54	0	0	write_iso_sources /home/kcw2/data/genome_db/GCF_040551675.1
2742	:	1770321234.949	     1.362	0	54	0	0	write_iso_sources /home/kcw2/data/genome_db/GCF_038396305.1
2746	:	1770321235.052	     1.260	0	54	0	0	write_iso_sources /home/kcw2/data/genome_db/GCF_039909815.1
2747	:	1770321235.076	     1.236	0	54	0	0	write_iso_sources /home/kcw2/data/genome_db/GCF_040267575.1
2738	:	1770321234.751	     1.572	0	54	0	0	write_iso_sources /home/kcw2/data/genome_db/GCF_037549885.1
2734	:	1770321234.627	     1.719	0	54	0	0	write_iso_sources /home/kcw2/data/genome_db/GCF_037094635.1
2741	:	1770321234.928	     1.421	0	54	0	0	write_iso_sources /home/kcw2/data/genome_db/GCF_038396295.1
2745	:	1770321235.035	     1.353	0	54	0	0	write_iso_sources /home/kcw2/data/genome_db/GCF_039909535.1
2740	:	1770321234.907	     1.503	0	54	0	0	write_iso_sources /home/kcw2/data/genome_db/GCF_037584545.1
2752	:	1770321235.206	     1.207	0	54	0	0	write_iso_sources /home/kcw2/data/genome_db/GCF_040552425.1
2754	:	1770321235.303	     1.133	0	54	0	0	write_iso_sources /home/kcw2/data/genome_db/GCF_040939515.1
2744	:	1770321234.999	     1.457	0	54	0	0	write_iso_sources /home/kcw2/data/genome_db/GCF_038627105.1
2748	:	1770321235.095	     1.361	0	54	0	0	write_iso_sources /home/kcw2/data/genome_db/GCF_040267585.1
2749	:	1770321235.113	     1.345	0	54	0	0	write_iso_sources /home/kcw2/data/genome_db/GCF_040500455.1
2757	:	1770321235.378	     1.105	0	54	0	0	write_iso_sources /home/kcw2/data/genome_db/GCF_041319995.1
2750	:	1770321235.125	     1.390	0	54	0	0	write_iso_sources /home/kcw2/data/genome_db/GCF_040500465.1
2756	:	1770321235.350	     1.223	0	54	0	0	write_iso_sources /home/kcw2/data/genome_db/GCF_041228375.1
2753	:	1770321235.226	     1.365	0	54	0	0	write_iso_sources /home/kcw2/data/genome_db/GCF_040931675.1
2759	:	1770321235.469	     1.227	0	54	0	0	write_iso_sources /home/kcw2/data/genome_db/GCF_041320215.1
2761	:	1770321235.502	     1.234	0	54	0	0	write_iso_sources /home/kcw2/data/genome_db/GCF_041882485.1
2760	:	1770321235.487	     1.268	0	54	0	0	write_iso_sources /home/kcw2/data/genome_db/GCF_041320225.1
2755	:	1770321235.321	     1.467	0	54	0	0	write_iso_sources /home/kcw2/data/genome_db/GCF_041200295.1
2766	:	1770321235.566	     1.223	0	54	0	0	write_iso_sources /home/kcw2/data/genome_db/GCF_044324935.1
2758	:	1770321235.421	     1.401	0	54	0	0	write_iso_sources /home/kcw2/data/genome_db/GCF_041320005.1
2769	:	1770321235.617	     1.259	0	54	0	0	write_iso_sources /home/kcw2/data/genome_db/GCF_045277085.1
2765	:	1770321235.555	     1.338	0	54	0	0	write_iso_sources /home/kcw2/data/genome_db/GCF_044324925.1
2764	:	1770321235.545	     1.385	0	54	0	0	write_iso_sources /home/kcw2/data/genome_db/GCF_043995795.1
2771	:	1770321235.709	     1.223	0	54	0	0	write_iso_sources /home/kcw2/data/genome_db/GCF_045344925.1
2777	:	1770321235.913	     1.048	0	54	0	0	write_iso_sources /home/kcw2/data/genome_db/GCF_047041115.1
2762	:	1770321235.515	     1.479	0	54	0	0	write_iso_sources /home/kcw2/data/genome_db/GCF_041883745.1
2773	:	1770321235.767	     1.243	0	54	0	0	write_iso_sources /home/kcw2/data/genome_db/GCF_045674915.1
2776	:	1770321235.815	     1.215	0	54	0	0	write_iso_sources /home/kcw2/data/genome_db/GCF_046107735.1
2770	:	1770321235.628	     1.417	0	54	0	0	write_iso_sources /home/kcw2/data/genome_db/GCF_045277255.1
2772	:	1770321235.739	     1.319	0	54	0	0	write_iso_sources /home/kcw2/data/genome_db/GCF_045344995.1
2767	:	1770321235.587	     1.499	0	54	0	0	write_iso_sources /home/kcw2/data/genome_db/GCF_045037515.1
2780	:	1770321236.025	     1.101	0	54	0	0	write_iso_sources /home/kcw2/data/genome_db/GCF_048012795.1
2763	:	1770321235.528	     1.615	0	54	0	0	write_iso_sources /home/kcw2/data/genome_db/GCF_043995745.1
2775	:	1770321235.799	     1.365	0	54	0	0	write_iso_sources /home/kcw2/data/genome_db/GCF_046107725.1
2779	:	1770321236.003	     1.201	0	54	0	0	write_iso_sources /home/kcw2/data/genome_db/GCF_048011965.1
2768	:	1770321235.603	     1.627	0	54	0	0	write_iso_sources /home/kcw2/data/genome_db/GCF_045037525.1
2778	:	1770321235.935	     1.314	0	54	0	0	write_iso_sources /home/kcw2/data/genome_db/GCF_047046395.1
2774	:	1770321235.781	     1.509	0	54	0	0	write_iso_sources /home/kcw2/data/genome_db/GCF_045689345.1
2781	:	1770321236.087	     1.297	0	54	0	0	write_iso_sources /home/kcw2/data/genome_db/GCF_048296705.1
2782	:	1770321236.103	     1.358	0	54	0	0	write_iso_sources /home/kcw2/data/genome_db/GCF_048320145.1
2793	:	1770321236.411	     1.151	0	54	0	0	write_iso_sources /home/kcw2/data/genome_db/GCF_048820325.1
2798	:	1770321236.498	     1.123	0	54	0	0	write_iso_sources /home/kcw2/data/genome_db/GCF_049951225.1
2783	:	1770321236.144	     1.478	0	54	0	0	write_iso_sources /home/kcw2/data/genome_db/GCF_048568945.1
2785	:	1770321236.290	     1.351	0	54	0	0	write_iso_sources /home/kcw2/data/genome_db/GCF_048571345.1
2789	:	1770321236.347	     1.296	0	54	0	0	write_iso_sources /home/kcw2/data/genome_db/GCF_048572585.1
2794	:	1770321236.435	     1.226	0	54	0	0	write_iso_sources /home/kcw2/data/genome_db/GCF_049064525.1
2801	:	1770321236.540	     1.161	0	54	0	0	write_iso_sources /home/kcw2/data/genome_db/GCF_900474625.1
2796	:	1770321236.471	     1.230	0	54	0	0	write_iso_sources /home/kcw2/data/genome_db/GCF_049532845.1
2784	:	1770321236.242	     1.472	0	54	0	0	write_iso_sources /home/kcw2/data/genome_db/GCF_048568955.1
2791	:	1770321236.388	     1.328	0	54	0	0	write_iso_sources /home/kcw2/data/genome_db/GCF_048585555.1
2786	:	1770321236.311	     1.431	0	54	0	0	write_iso_sources /home/kcw2/data/genome_db/GCF_048571355.1
2790	:	1770321236.366	     1.378	0	54	0	0	write_iso_sources /home/kcw2/data/genome_db/GCF_048572595.1
2797	:	1770321236.483	     1.261	0	54	0	0	write_iso_sources /home/kcw2/data/genome_db/GCF_049950695.1
2795	:	1770321236.455	     1.322	0	54	0	0	write_iso_sources /home/kcw2/data/genome_db/GCF_049532665.1
2804	:	1770321236.615	     1.164	0	54	0	0	write_iso_sources /home/kcw2/data/genome_db/GCF_900635215.1
2788	:	1770321236.333	     1.476	0	54	0	0	write_iso_sources /home/kcw2/data/genome_db/GCF_048571585.1
2799	:	1770321236.514	     1.312	0	54	0	0	write_iso_sources /home/kcw2/data/genome_db/GCF_050389795.1
2802	:	1770321236.553	     1.279	0	54	0	0	write_iso_sources /home/kcw2/data/genome_db/GCF_900497095.1
2800	:	1770321236.528	     1.337	0	54	0	0	write_iso_sources /home/kcw2/data/genome_db/GCF_050516345.1
2803	:	1770321236.590	     1.289	0	54	0	0	write_iso_sources /home/kcw2/data/genome_db/GCF_900635205.1
2808	:	1770321236.802	     1.174	0	54	0	0	write_iso_sources /home/kcw2/data/genome_db/GCF_904711295.1
2807	:	1770321236.768	     1.226	0	54	0	0	write_iso_sources /home/kcw2/data/genome_db/GCF_904711265.1
2805	:	1770321236.715	     1.314	0	54	0	0	write_iso_sources /home/kcw2/data/genome_db/GCF_900699165.1
2806	:	1770321236.755	     1.275	0	54	0	0	write_iso_sources /home/kcw2/data/genome_db/GCF_900747775.1
2810	:	1770321236.837	     1.194	0	54	0	0	write_iso_sources /home/kcw2/data/genome_db/GCF_904864635.1
2811	:	1770321236.893	     1.176	0	54	0	0	write_iso_sources /home/kcw2/data/genome_db/GCF_905330295.2
2787	:	1770321236.323	     1.763	0	54	0	0	write_iso_sources /home/kcw2/data/genome_db/GCF_048571575.1
2812	:	1770321236.912	     1.243	0	54	0	0	write_iso_sources /home/kcw2/data/genome_db/GCF_905330545.2
2809	:	1770321236.815	     1.369	0	54	0	0	write_iso_sources /home/kcw2/data/genome_db/GCF_904864615.1
2813	:	1770321236.946	     1.253	0	54	0	0	write_iso_sources /home/kcw2/data/genome_db/GCF_949786365.1
2792	:	1770321236.401	     1.812	0	54	0	0	write_iso_sources /home/kcw2/data/genome_db/GCF_048585565.1
2814	:	1770321236.957	     1.299	0	54	0	0	write_iso_sources /home/kcw2/data/genome_db/GCF_963575325.1
2815	:	1770321236.980	     1.303	0	54	0	0	write_iso_sources /home/kcw2/data/genome_db/GCF_963693385.1
2818	:	1770321237.058	     1.241	0	54	0	0	write_iso_sources /home/kcw2/data/genome_db/GCF_964049185.1
2820	:	1770321237.100	     1.201	0	54	0	0	write_iso_sources /home/kcw2/data/genome_db/GCF_964199995.1
2819	:	1770321237.086	     1.243	0	54	0	0	write_iso_sources /home/kcw2/data/genome_db/GCF_964056585.1
2827	:	1770321237.263	     1.125	0	54	0	0	write_iso_sources /home/kcw2/data/genome_db/GCF_001636255.1
2825	:	1770321237.219	     1.194	0	54	0	0	write_iso_sources /home/kcw2/data/genome_db/GCF_029719985.1
2824	:	1770321237.185	     1.250	0	54	0	0	write_iso_sources /home/kcw2/data/genome_db/GCF_013892435.1
2828	:	1770321237.305	     1.164	0	54	0	0	write_iso_sources /home/kcw2/data/genome_db/GCF_003253795.1
2821	:	1770321237.115	     1.375	0	54	0	0	write_iso_sources /home/kcw2/data/genome_db/GCF_013801425.1
2823	:	1770321237.158	     1.367	0	54	0	0	write_iso_sources /home/kcw2/data/genome_db/GCF_013886335.1
2817	:	1770321237.046	     1.500	0	54	0	0	write_iso_sources /home/kcw2/data/genome_db/GCF_964048515.1
2816	:	1770321237.011	     1.559	0	54	0	0	write_iso_sources /home/kcw2/data/genome_db/GCF_963924185.1
2822	:	1770321237.143	     1.450	0	54	0	0	write_iso_sources /home/kcw2/data/genome_db/GCF_013801845.1
2826	:	1770321237.249	     1.425	0	54	0	0	write_iso_sources /home/kcw2/data/genome_db/GCF_029720005.1
2829	:	1770321237.403	     1.449	0	54	0	0	write_iso_sources /home/kcw2/data/genome_db/GCF_016918825.1
2830	:	1770321237.488	     1.483	0	54	0	0	write_iso_sources /home/kcw2/data/genome_db/GCF_017310465.1
2837	:	1770321237.715	     1.279	0	54	0	0	write_iso_sources /home/kcw2/data/genome_db/GCF_001887995.2
2832	:	1770321237.641	     1.395	0	54	0	0	write_iso_sources /home/kcw2/data/genome_db/GCF_044792955.1
2834	:	1770321237.680	     1.375	0	54	0	0	write_iso_sources /home/kcw2/data/genome_db/GCF_000775955.1
2836	:	1770321237.701	     1.407	0	54	0	0	write_iso_sources /home/kcw2/data/genome_db/GCF_001676825.1
2841	:	1770321237.809	     1.379	0	54	0	0	write_iso_sources /home/kcw2/data/genome_db/GCF_002180175.1
2831	:	1770321237.578	     1.633	0	54	0	0	write_iso_sources /home/kcw2/data/genome_db/GCF_042137955.1
2833	:	1770321237.661	     1.553	0	54	0	0	write_iso_sources /home/kcw2/data/genome_db/GCF_000764615.1
2838	:	1770321237.743	     1.493	0	54	0	0	write_iso_sources /home/kcw2/data/genome_db/GCF_001902195.1
2835	:	1770321237.691	     1.559	0	54	0	0	write_iso_sources /home/kcw2/data/genome_db/GCF_001675125.1
2850	:	1770321237.976	     1.276	0	54	0	0	write_iso_sources /home/kcw2/data/genome_db/GCF_003038035.2
2840	:	1770321237.792	     1.500	0	54	0	0	write_iso_sources /home/kcw2/data/genome_db/GCF_001939885.2
2846	:	1770321237.902	     1.391	0	54	0	0	write_iso_sources /home/kcw2/data/genome_db/GCF_002753605.1
2839	:	1770321237.777	     1.531	0	54	0	0	write_iso_sources /home/kcw2/data/genome_db/GCF_001936035.1
2842	:	1770321237.826	     1.483	0	54	0	0	write_iso_sources /home/kcw2/data/genome_db/GCF_002180255.1
2844	:	1770321237.864	     1.445	0	54	0	0	write_iso_sources /home/kcw2/data/genome_db/GCF_002258145.4
2845	:	1770321237.878	     1.444	0	54	0	0	write_iso_sources /home/kcw2/data/genome_db/GCF_002753555.1
2849	:	1770321237.955	     1.379	0	54	0	0	write_iso_sources /home/kcw2/data/genome_db/GCF_003037325.3
2857	:	1770321238.103	     1.275	0	54	0	0	write_iso_sources /home/kcw2/data/genome_db/GCF_004295605.1
2854	:	1770321238.051	     1.346	0	54	0	0	write_iso_sources /home/kcw2/data/genome_db/GCF_003574255.1
2851	:	1770321237.995	     1.422	0	54	0	0	write_iso_sources /home/kcw2/data/genome_db/GCF_003261955.3
2855	:	1770321238.064	     1.354	0	54	0	0	write_iso_sources /home/kcw2/data/genome_db/GCF_003932915.1
2843	:	1770321237.848	     1.586	0	54	0	0	write_iso_sources /home/kcw2/data/genome_db/GCF_002258105.2
2853	:	1770321238.041	     1.412	0	54	0	0	write_iso_sources /home/kcw2/data/genome_db/GCF_003574235.1
2856	:	1770321238.081	     1.373	0	54	0	0	write_iso_sources /home/kcw2/data/genome_db/GCF_003934185.1
2848	:	1770321237.941	     1.572	0	54	0	0	write_iso_sources /home/kcw2/data/genome_db/GCF_002903005.1
2847	:	1770321237.921	     1.634	0	54	0	0	write_iso_sources /home/kcw2/data/genome_db/GCF_002853475.2
2862	:	1770321238.271	     1.304	0	54	0	0	write_iso_sources /home/kcw2/data/genome_db/GCF_009387915.1
2860	:	1770321238.212	     1.395	0	54	0	0	write_iso_sources /home/kcw2/data/genome_db/GCF_007421885.2
2858	:	1770321238.170	     1.450	0	54	0	0	write_iso_sources /home/kcw2/data/genome_db/GCF_004319525.1
2865	:	1770321238.329	     1.391	0	54	0	0	write_iso_sources /home/kcw2/data/genome_db/GCF_010367305.1
2859	:	1770321238.200	     1.537	0	54	0	0	write_iso_sources /home/kcw2/data/genome_db/GCF_007421875.2
2861	:	1770321238.230	     1.509	0	54	0	0	write_iso_sources /home/kcw2/data/genome_db/GCF_009387815.1
2866	:	1770321238.345	     1.405	0	54	0	0	write_iso_sources /home/kcw2/data/genome_db/GCF_010450855.1
2863	:	1770321238.299	     1.479	0	54	0	0	write_iso_sources /home/kcw2/data/genome_db/GCF_009791475.1
2852	:	1770321238.029	     1.766	0	54	0	0	write_iso_sources /home/kcw2/data/genome_db/GCF_003267985.1
2872	:	1770321238.537	     1.324	0	54	0	0	write_iso_sources /home/kcw2/data/genome_db/GCF_013378295.1
2867	:	1770321238.412	     1.486	0	54	0	0	write_iso_sources /home/kcw2/data/genome_db/GCF_011769725.1
2874	:	1770321238.592	     1.332	0	54	0	0	write_iso_sources /home/kcw2/data/genome_db/GCF_013724605.1
2871	:	1770321238.501	     1.439	0	54	0	0	write_iso_sources /home/kcw2/data/genome_db/GCF_013378275.1
2868	:	1770321238.427	     1.524	0	54	0	0	write_iso_sources /home/kcw2/data/genome_db/GCF_011769805.1
2873	:	1770321238.570	     1.383	0	54	0	0	write_iso_sources /home/kcw2/data/genome_db/GCF_013704985.1
2870	:	1770321238.484	     1.546	0	54	0	0	write_iso_sources /home/kcw2/data/genome_db/GCF_013348885.1
2875	:	1770321238.608	     1.424	0	54	0	0	write_iso_sources /home/kcw2/data/genome_db/GCF_013813035.1
2869	:	1770321238.447	     1.585	0	54	0	0	write_iso_sources /home/kcw2/data/genome_db/GCF_013305325.1
2864	:	1770321238.311	     1.759	0	54	0	0	write_iso_sources /home/kcw2/data/genome_db/GCF_009791495.1
2876	:	1770321238.691	     1.393	0	54	0	0	write_iso_sources /home/kcw2/data/genome_db/GCF_013826045.1
2877	:	1770321238.867	     1.311	0	54	0	0	write_iso_sources /home/kcw2/data/genome_db/GCF_014725775.1
2880	:	1770321239.055	     1.317	0	54	0	0	write_iso_sources /home/kcw2/data/genome_db/GCF_015277915.1
2882	:	1770321239.119	     1.273	0	54	0	0	write_iso_sources /home/kcw2/data/genome_db/GCF_015290145.1
2878	:	1770321238.990	     1.448	0	54	0	0	write_iso_sources /home/kcw2/data/genome_db/GCF_014764345.1
2879	:	1770321239.004	     1.482	0	54	0	0	write_iso_sources /home/kcw2/data/genome_db/GCF_015277755.1
2881	:	1770321239.066	     1.456	0	54	0	0	write_iso_sources /home/kcw2/data/genome_db/GCF_015289985.1
2883	:	1770321239.206	     1.396	0	54	0	0	write_iso_sources /home/kcw2/data/genome_db/GCF_015774955.1
2890	:	1770321239.322	     1.303	0	54	0	0	write_iso_sources /home/kcw2/data/genome_db/GCF_016925355.1
2887	:	1770321239.281	     1.397	0	54	0	0	write_iso_sources /home/kcw2/data/genome_db/GCF_016903495.1
2884	:	1770321239.237	     1.489	0	54	0	0	write_iso_sources /home/kcw2/data/genome_db/GCF_015775135.1
2885	:	1770321239.251	     1.518	0	54	0	0	write_iso_sources /home/kcw2/data/genome_db/GCF_016629585.1
2888	:	1770321239.292	     1.500	0	54	0	0	write_iso_sources /home/kcw2/data/genome_db/GCF_016903515.1
2889	:	1770321239.308	     1.488	0	54	0	0	write_iso_sources /home/kcw2/data/genome_db/GCF_016925315.1
2893	:	1770321239.360	     1.440	0	54	0	0	write_iso_sources /home/kcw2/data/genome_db/GCF_017894305.1
2886	:	1770321239.266	     1.552	0	54	0	0	write_iso_sources /home/kcw2/data/genome_db/GCF_016694775.1
2899	:	1770321239.469	     1.349	0	54	0	0	write_iso_sources /home/kcw2/data/genome_db/GCF_019823765.1
2892	:	1770321239.351	     1.483	0	54	0	0	write_iso_sources /home/kcw2/data/genome_db/GCF_017310365.1
2905	:	1770321239.598	     1.276	0	54	0	0	write_iso_sources /home/kcw2/data/genome_db/GCF_021137775.1
2903	:	1770321239.529	     1.358	0	54	0	0	write_iso_sources /home/kcw2/data/genome_db/GCF_020526065.1
2902	:	1770321239.507	     1.381	0	54	0	0	write_iso_sources /home/kcw2/data/genome_db/GCF_020149895.1
2895	:	1770321239.398	     1.502	0	54	0	0	write_iso_sources /home/kcw2/data/genome_db/GCF_018502565.1
2900	:	1770321239.481	     1.473	0	54	0	0	write_iso_sources /home/kcw2/data/genome_db/GCF_019823785.1
2894	:	1770321239.378	     1.605	0	54	0	0	write_iso_sources /home/kcw2/data/genome_db/GCF_017916195.1
2898	:	1770321239.453	     1.544	0	54	0	0	write_iso_sources /home/kcw2/data/genome_db/GCF_019702965.1
2897	:	1770321239.435	     1.585	0	54	0	0	write_iso_sources /home/kcw2/data/genome_db/GCF_019455345.1
2909	:	1770321239.751	     1.282	0	54	0	0	write_iso_sources /home/kcw2/data/genome_db/GCF_021484985.1
2896	:	1770321239.416	     1.643	0	54	0	0	write_iso_sources /home/kcw2/data/genome_db/GCF_018502585.1
2907	:	1770321239.636	     1.429	0	54	0	0	write_iso_sources /home/kcw2/data/genome_db/GCF_021166215.1
2891	:	1770321239.334	     1.745	0	54	0	0	write_iso_sources /home/kcw2/data/genome_db/GCF_017310345.1
2901	:	1770321239.494	     1.587	0	54	0	0	write_iso_sources /home/kcw2/data/genome_db/GCF_020149875.1
2906	:	1770321239.621	     1.494	0	54	0	0	write_iso_sources /home/kcw2/data/genome_db/GCF_021137795.1
2910	:	1770321239.765	     1.375	0	54	0	0	write_iso_sources /home/kcw2/data/genome_db/GCF_021485005.1
2904	:	1770321239.574	     1.654	0	54	0	0	write_iso_sources /home/kcw2/data/genome_db/GCF_020535145.1
2913	:	1770321239.809	     1.423	0	54	0	0	write_iso_sources /home/kcw2/data/genome_db/GCF_022354165.1
2908	:	1770321239.738	     1.527	0	54	0	0	write_iso_sources /home/kcw2/data/genome_db/GCF_021166235.1
2911	:	1770321239.778	     1.490	0	54	0	0	write_iso_sources /home/kcw2/data/genome_db/GCF_021768325.1
2914	:	1770321239.871	     1.398	0	54	0	0	write_iso_sources /home/kcw2/data/genome_db/GCF_022354285.1
2918	:	1770321239.968	     1.328	0	54	0	0	write_iso_sources /home/kcw2/data/genome_db/GCF_022759965.1
2915	:	1770321239.913	     1.422	0	54	0	0	write_iso_sources /home/kcw2/data/genome_db/GCF_022533505.1
2916	:	1770321239.940	     1.401	0	54	0	0	write_iso_sources /home/kcw2/data/genome_db/GCF_022533525.1
2919	:	1770321239.984	     1.421	0	54	0	0	write_iso_sources /home/kcw2/data/genome_db/GCF_022828525.1
2912	:	1770321239.795	     1.631	0	54	0	0	write_iso_sources /home/kcw2/data/genome_db/GCF_021899575.1
2917	:	1770321239.951	     1.495	0	54	0	0	write_iso_sources /home/kcw2/data/genome_db/GCF_022759945.1
2921	:	1770321240.071	     1.377	0	54	0	0	write_iso_sources /home/kcw2/data/genome_db/GCF_023347665.1
2920	:	1770321240.054	     1.417	0	54	0	0	write_iso_sources /home/kcw2/data/genome_db/GCF_022828555.1
2922	:	1770321240.083	     1.390	0	54	0	0	write_iso_sources /home/kcw2/data/genome_db/GCF_023347685.1
2924	:	1770321240.121	     1.352	0	54	0	0	write_iso_sources /home/kcw2/data/genome_db/GCF_023573785.1
2925	:	1770321240.191	     1.282	0	54	0	0	write_iso_sources /home/kcw2/data/genome_db/GCF_023657815.1
2926	:	1770321240.390	     1.199	0	54	0	0	write_iso_sources /home/kcw2/data/genome_db/GCF_023657835.1
2923	:	1770321240.103	     1.580	0	54	0	0	write_iso_sources /home/kcw2/data/genome_db/GCF_023573765.1
2927	:	1770321240.407	     1.322	0	54	0	0	write_iso_sources /home/kcw2/data/genome_db/GCF_023704015.1
2928	:	1770321240.450	     1.432	0	54	0	0	write_iso_sources /home/kcw2/data/genome_db/GCF_023715965.1
2930	:	1770321240.537	     1.370	0	54	0	0	write_iso_sources /home/kcw2/data/genome_db/GCF_024346695.1
2931	:	1770321240.626	     1.437	0	54	0	0	write_iso_sources /home/kcw2/data/genome_db/GCF_024585185.1
2933	:	1770321240.697	     1.404	0	54	0	0	write_iso_sources /home/kcw2/data/genome_db/GCF_024758605.1
2939	:	1770321240.863	     1.298	0	54	0	0	write_iso_sources /home/kcw2/data/genome_db/GCF_025908435.1
2929	:	1770321240.509	     1.675	0	54	0	0	write_iso_sources /home/kcw2/data/genome_db/GCF_024346655.1
2937	:	1770321240.834	     1.352	0	54	0	0	write_iso_sources /home/kcw2/data/genome_db/GCF_025642295.1
2945	:	1770321240.954	     1.266	0	54	0	0	write_iso_sources /home/kcw2/data/genome_db/GCF_028221025.1
2936	:	1770321240.817	     1.443	0	54	0	0	write_iso_sources /home/kcw2/data/genome_db/GCF_024918475.1
2932	:	1770321240.661	     1.621	0	54	0	0	write_iso_sources /home/kcw2/data/genome_db/GCF_024585205.1
2940	:	1770321240.874	     1.421	0	54	0	0	write_iso_sources /home/kcw2/data/genome_db/GCF_025917765.1
2948	:	1770321241.020	     1.288	0	54	0	0	write_iso_sources /home/kcw2/data/genome_db/GCF_028225725.1
2934	:	1770321240.743	     1.579	0	54	0	0	write_iso_sources /home/kcw2/data/genome_db/GCF_024762135.1
2943	:	1770321240.918	     1.414	0	54	0	0	write_iso_sources /home/kcw2/data/genome_db/GCF_027886565.1
2952	:	1770321241.115	     1.233	0	54	0	0	write_iso_sources /home/kcw2/data/genome_db/GCF_029541905.1
2938	:	1770321240.847	     1.551	0	54	0	0	write_iso_sources /home/kcw2/data/genome_db/GCF_025642315.1
2935	:	1770321240.793	     1.621	0	54	0	0	write_iso_sources /home/kcw2/data/genome_db/GCF_024918455.1
2942	:	1770321240.900	     1.530	0	54	0	0	write_iso_sources /home/kcw2/data/genome_db/GCF_026626205.1
2941	:	1770321240.888	     1.601	0	54	0	0	write_iso_sources /home/kcw2/data/genome_db/GCF_026626185.1
2946	:	1770321240.983	     1.516	0	54	0	0	write_iso_sources /home/kcw2/data/genome_db/GCF_028221045.1
2944	:	1770321240.938	     1.571	0	54	0	0	write_iso_sources /home/kcw2/data/genome_db/GCF_027913355.1
2947	:	1770321240.998	     1.537	0	54	0	0	write_iso_sources /home/kcw2/data/genome_db/GCF_028225535.1
2954	:	1770321241.176	     1.376	0	54	0	0	write_iso_sources /home/kcw2/data/genome_db/GCF_029854575.1
2958	:	1770321241.265	     1.288	0	54	0	0	write_iso_sources /home/kcw2/data/genome_db/GCF_030316115.1
2951	:	1770321241.101	     1.516	0	54	0	0	write_iso_sources /home/kcw2/data/genome_db/GCF_029541885.1
2950	:	1770321241.080	     1.643	0	54	0	0	write_iso_sources /home/kcw2/data/genome_db/GCF_029026865.1
2971	:	1770321241.524	     1.233	0	54	0	0	write_iso_sources /home/kcw2/data/genome_db/GCF_033243425.1
2949	:	1770321241.059	     1.701	0	54	0	0	write_iso_sources /home/kcw2/data/genome_db/GCF_029026845.1
2953	:	1770321241.140	     1.663	0	54	0	0	write_iso_sources /home/kcw2/data/genome_db/GCF_029853875.1
2956	:	1770321241.228	     1.581	0	54	0	0	write_iso_sources /home/kcw2/data/genome_db/GCF_030061755.1
2961	:	1770321241.309	     1.500	0	54	0	0	write_iso_sources /home/kcw2/data/genome_db/GCF_030490425.1
2972	:	1770321241.536	     1.275	0	54	0	0	write_iso_sources /home/kcw2/data/genome_db/GCF_033244325.1
2960	:	1770321241.296	     1.549	0	54	0	0	write_iso_sources /home/kcw2/data/genome_db/GCF_030489845.1
2965	:	1770321241.425	     1.421	0	54	0	0	write_iso_sources /home/kcw2/data/genome_db/GCF_030845495.1
2969	:	1770321241.497	     1.351	0	54	0	0	write_iso_sources /home/kcw2/data/genome_db/GCF_032248875.1
2959	:	1770321241.281	     1.578	0	54	0	0	write_iso_sources /home/kcw2/data/genome_db/GCF_030489825.1
2955	:	1770321241.200	     1.681	0	54	0	0	write_iso_sources /home/kcw2/data/genome_db/GCF_030061715.1
2968	:	1770321241.488	     1.438	0	54	0	0	write_iso_sources /home/kcw2/data/genome_db/GCF_030845935.1
2957	:	1770321241.248	     1.690	0	54	0	0	write_iso_sources /home/kcw2/data/genome_db/GCF_030295665.1
2970	:	1770321241.506	     1.432	0	54	0	0	write_iso_sources /home/kcw2/data/genome_db/GCF_032253935.1
2962	:	1770321241.336	     1.611	0	54	0	0	write_iso_sources /home/kcw2/data/genome_db/GCF_030490445.1
2967	:	1770321241.471	     1.493	0	54	0	0	write_iso_sources /home/kcw2/data/genome_db/GCF_030845915.1
2974	:	1770321241.696	     1.328	0	54	0	0	write_iso_sources /home/kcw2/data/genome_db/GCF_033807395.1
2964	:	1770321241.391	     1.708	0	54	0	0	write_iso_sources /home/kcw2/data/genome_db/GCF_030552975.1
2963	:	1770321241.372	     1.747	0	54	0	0	write_iso_sources /home/kcw2/data/genome_db/GCF_030544975.1
2966	:	1770321241.445	     1.679	0	54	0	0	write_iso_sources /home/kcw2/data/genome_db/GCF_030845515.1
2973	:	1770321241.605	     1.520	0	54	0	0	write_iso_sources /home/kcw2/data/genome_db/GCF_033807375.1
2976	:	1770321241.901	     1.263	0	54	0	0	write_iso_sources /home/kcw2/data/genome_db/GCF_033869935.1
2977	:	1770321241.919	     1.400	0	54	0	0	write_iso_sources /home/kcw2/data/genome_db/GCF_035557175.1
2979	:	1770321242.113	     1.256	0	54	0	0	write_iso_sources /home/kcw2/data/genome_db/GCF_035621575.1
2975	:	1770321241.756	     1.678	0	54	0	0	write_iso_sources /home/kcw2/data/genome_db/GCF_033869415.1
2978	:	1770321242.088	     1.447	0	54	0	0	write_iso_sources /home/kcw2/data/genome_db/GCF_035557615.1
2985	:	1770321242.295	     1.305	0	54	0	0	write_iso_sources /home/kcw2/data/genome_db/GCF_037024335.1
2980	:	1770321242.175	     1.427	0	54	0	0	write_iso_sources /home/kcw2/data/genome_db/GCF_035658175.1
2983	:	1770321242.234	     1.480	0	54	0	0	write_iso_sources /home/kcw2/data/genome_db/GCF_036549095.1
2984	:	1770321242.275	     1.457	0	54	0	0	write_iso_sources /home/kcw2/data/genome_db/GCF_036598075.1
2992	:	1770321242.424	     1.329	0	54	0	0	write_iso_sources /home/kcw2/data/genome_db/GCF_038684765.1
2986	:	1770321242.308	     1.480	0	54	0	0	write_iso_sources /home/kcw2/data/genome_db/GCF_037024345.1
2996	:	1770321242.520	     1.269	0	54	0	0	write_iso_sources /home/kcw2/data/genome_db/GCF_039727585.1
2988	:	1770321242.333	     1.459	0	54	0	0	write_iso_sources /home/kcw2/data/genome_db/GCF_037281465.1
2981	:	1770321242.204	     1.608	0	54	0	0	write_iso_sources /home/kcw2/data/genome_db/GCF_036321465.1
2982	:	1770321242.219	     1.596	0	54	0	0	write_iso_sources /home/kcw2/data/genome_db/GCF_036347655.1
2990	:	1770321242.360	     1.458	0	54	0	0	write_iso_sources /home/kcw2/data/genome_db/GCF_037890715.1
2991	:	1770321242.413	     1.421	0	54	0	0	write_iso_sources /home/kcw2/data/genome_db/GCF_038674545.1
2989	:	1770321242.348	     1.516	0	54	0	0	write_iso_sources /home/kcw2/data/genome_db/GCF_037478015.1
2993	:	1770321242.447	     1.417	0	54	0	0	write_iso_sources /home/kcw2/data/genome_db/GCF_039555235.1
2998	:	1770321242.597	     1.268	0	54	0	0	write_iso_sources /home/kcw2/data/genome_db/GCF_040436555.1
2995	:	1770321242.508	     1.389	0	54	0	0	write_iso_sources /home/kcw2/data/genome_db/GCF_039725435.1
2987	:	1770321242.322	     1.677	0	54	0	0	write_iso_sources /home/kcw2/data/genome_db/GCF_037279725.1
3000	:	1770321242.634	     1.381	0	54	0	0	write_iso_sources /home/kcw2/data/genome_db/GCF_040703095.1
2999	:	1770321242.613	     1.457	0	54	0	0	write_iso_sources /home/kcw2/data/genome_db/GCF_040687995.1
3002	:	1770321242.779	     1.339	0	54	0	0	write_iso_sources /home/kcw2/data/genome_db/GCF_041004435.1
2994	:	1770321242.500	     1.642	0	54	0	0	write_iso_sources /home/kcw2/data/genome_db/GCF_039555645.1
3001	:	1770321242.736	     1.408	0	54	0	0	write_iso_sources /home/kcw2/data/genome_db/GCF_041004185.1
3003	:	1770321242.804	     1.346	0	54	0	0	write_iso_sources /home/kcw2/data/genome_db/GCF_041200255.1
3008	:	1770321242.872	     1.318	0	54	0	0	write_iso_sources /home/kcw2/data/genome_db/GCF_041734125.1
3010	:	1770321242.895	     1.306	0	54	0	0	write_iso_sources /home/kcw2/data/genome_db/GCF_041861105.1
2997	:	1770321242.553	     1.680	0	54	0	0	write_iso_sources /home/kcw2/data/genome_db/GCF_040436295.1
3011	:	1770321242.911	     1.322	0	54	0	0	write_iso_sources /home/kcw2/data/genome_db/GCF_041861325.1
3014	:	1770321242.948	     1.315	0	54	0	0	write_iso_sources /home/kcw2/data/genome_db/GCF_042490795.1
3004	:	1770321242.825	     1.463	0	54	0	0	write_iso_sources /home/kcw2/data/genome_db/GCF_041200275.1
3007	:	1770321242.860	     1.430	0	54	0	0	write_iso_sources /home/kcw2/data/genome_db/GCF_041734115.1
3005	:	1770321242.834	     1.470	0	54	0	0	write_iso_sources /home/kcw2/data/genome_db/GCF_041379785.1
3015	:	1770321242.964	     1.421	0	54	0	0	write_iso_sources /home/kcw2/data/genome_db/GCF_043099625.1
3006	:	1770321242.846	     1.574	0	54	0	0	write_iso_sources /home/kcw2/data/genome_db/GCF_041514435.1
3012	:	1770321242.926	     1.494	0	54	0	0	write_iso_sources /home/kcw2/data/genome_db/GCF_041861335.1
3020	:	1770321243.144	     1.304	0	54	0	0	write_iso_sources /home/kcw2/data/genome_db/GCF_043950425.1
3021	:	1770321243.163	     1.287	0	54	0	0	write_iso_sources /home/kcw2/data/genome_db/GCF_044351545.1
3016	:	1770321242.983	     1.481	0	54	0	0	write_iso_sources /home/kcw2/data/genome_db/GCF_043099635.1
3018	:	1770321243.037	     1.442	0	54	0	0	write_iso_sources /home/kcw2/data/genome_db/GCF_043873805.1
3019	:	1770321243.119	     1.378	0	54	0	0	write_iso_sources /home/kcw2/data/genome_db/GCF_043950415.1
3009	:	1770321242.882	     1.640	0	54	0	0	write_iso_sources /home/kcw2/data/genome_db/GCF_041861095.1
3013	:	1770321242.938	     1.633	0	54	0	0	write_iso_sources /home/kcw2/data/genome_db/GCF_042489295.1
3017	:	1770321242.997	     1.575	0	54	0	0	write_iso_sources /home/kcw2/data/genome_db/GCF_043641835.1
3025	:	1770321243.387	     1.237	0	54	0	0	write_iso_sources /home/kcw2/data/genome_db/GCF_045690395.1
3022	:	1770321243.188	     1.486	0	54	0	0	write_iso_sources /home/kcw2/data/genome_db/GCF_044353385.1
3026	:	1770321243.450	     1.250	0	54	0	0	write_iso_sources /home/kcw2/data/genome_db/GCF_045801205.1
3024	:	1770321243.346	     1.446	0	54	0	0	write_iso_sources /home/kcw2/data/genome_db/GCF_045181495.1
3023	:	1770321243.217	     1.772	0	54	0	0	write_iso_sources /home/kcw2/data/genome_db/GCF_045181485.1
3029	:	1770321243.635	     1.361	0	54	0	0	write_iso_sources /home/kcw2/data/genome_db/GCF_046619635.1
3032	:	1770321243.787	     1.292	0	54	0	0	write_iso_sources /home/kcw2/data/genome_db/GCF_046622665.1
3031	:	1770321243.753	     1.381	0	54	0	0	write_iso_sources /home/kcw2/data/genome_db/GCF_046622655.1
3027	:	1770321243.557	     1.596	0	54	0	0	write_iso_sources /home/kcw2/data/genome_db/GCF_046531215.1
3030	:	1770321243.726	     1.430	0	54	0	0	write_iso_sources /home/kcw2/data/genome_db/GCF_046620925.1
3033	:	1770321243.812	     1.345	0	54	0	0	write_iso_sources /home/kcw2/data/genome_db/GCF_046626655.1
3028	:	1770321243.614	     1.580	0	54	0	0	write_iso_sources /home/kcw2/data/genome_db/GCF_046531345.1
3035	:	1770321243.849	     1.437	0	54	0	0	write_iso_sources /home/kcw2/data/genome_db/GCF_047300945.1
3040	:	1770321243.929	     1.394	0	54	0	0	write_iso_sources /home/kcw2/data/genome_db/GCF_048541645.1
3036	:	1770321243.863	     1.485	0	54	0	0	write_iso_sources /home/kcw2/data/genome_db/GCF_047335615.1
3038	:	1770321243.897	     1.467	0	54	0	0	write_iso_sources /home/kcw2/data/genome_db/GCF_047783075.1
3045	:	1770321244.036	     1.332	0	54	0	0	write_iso_sources /home/kcw2/data/genome_db/GCF_048972585.1
3037	:	1770321243.879	     1.519	0	54	0	0	write_iso_sources /home/kcw2/data/genome_db/GCF_047783065.1
3042	:	1770321243.956	     1.461	0	54	0	0	write_iso_sources /home/kcw2/data/genome_db/GCF_048753365.1
3041	:	1770321243.943	     1.480	0	54	0	0	write_iso_sources /home/kcw2/data/genome_db/GCF_048753355.1
3047	:	1770321244.143	     1.283	0	54	0	0	write_iso_sources /home/kcw2/data/genome_db/GCF_048981825.1
3044	:	1770321244.015	     1.430	0	54	0	0	write_iso_sources /home/kcw2/data/genome_db/GCF_048963845.1
3034	:	1770321243.835	     1.612	0	54	0	0	write_iso_sources /home/kcw2/data/genome_db/GCF_046626745.1
3043	:	1770321243.969	     1.492	0	54	0	0	write_iso_sources /home/kcw2/data/genome_db/GCF_048963815.1
3039	:	1770321243.914	     1.628	0	54	0	0	write_iso_sources /home/kcw2/data/genome_db/GCF_048541605.1
3049	:	1770321244.190	     1.375	0	54	0	0	write_iso_sources /home/kcw2/data/genome_db/GCF_049200485.1
3054	:	1770321244.263	     1.348	0	54	0	0	write_iso_sources /home/kcw2/data/genome_db/GCF_049532515.1
3048	:	1770321244.175	     1.437	0	54	0	0	write_iso_sources /home/kcw2/data/genome_db/GCF_048981835.1
3046	:	1770321244.085	     1.542	0	54	0	0	write_iso_sources /home/kcw2/data/genome_db/GCF_048972595.1
3050	:	1770321244.202	     1.429	0	54	0	0	write_iso_sources /home/kcw2/data/genome_db/GCF_049200495.1
3059	:	1770321244.402	     1.243	0	54	0	0	write_iso_sources /home/kcw2/data/genome_db/GCF_050247605.1
3053	:	1770321244.249	     1.414	0	54	0	0	write_iso_sources /home/kcw2/data/genome_db/GCF_049532505.1
3057	:	1770321244.326	     1.401	0	54	0	0	write_iso_sources /home/kcw2/data/genome_db/GCF_050194535.1
3060	:	1770321244.434	     1.309	0	54	0	0	write_iso_sources /home/kcw2/data/genome_db/GCF_050248175.1
3066	:	1770321244.541	     1.205	0	54	0	0	write_iso_sources /home/kcw2/data/genome_db/GCF_904864475.1
3052	:	1770321244.233	     1.542	0	54	0	0	write_iso_sources /home/kcw2/data/genome_db/GCF_049352695.1
3055	:	1770321244.287	     1.491	0	54	0	0	write_iso_sources /home/kcw2/data/genome_db/GCF_049668825.1
3061	:	1770321244.449	     1.330	0	54	0	0	write_iso_sources /home/kcw2/data/genome_db/GCF_900622605.1
3051	:	1770321244.217	     1.582	0	54	0	0	write_iso_sources /home/kcw2/data/genome_db/GCF_049351465.1
3062	:	1770321244.465	     1.374	0	54	0	0	write_iso_sources /home/kcw2/data/genome_db/GCF_900622645.1
3058	:	1770321244.338	     1.572	0	54	0	0	write_iso_sources /home/kcw2/data/genome_db/GCF_050195635.1
3068	:	1770321244.597	     1.325	0	54	0	0	write_iso_sources /home/kcw2/data/genome_db/GCF_904866375.1
3065	:	1770321244.521	     1.402	0	54	0	0	write_iso_sources /home/kcw2/data/genome_db/GCF_904863435.1
3056	:	1770321244.305	     1.638	0	54	0	0	write_iso_sources /home/kcw2/data/genome_db/GCF_049729635.1
3063	:	1770321244.477	     1.510	0	54	0	0	write_iso_sources /home/kcw2/data/genome_db/GCF_903993155.2
3064	:	1770321244.497	     1.509	0	54	0	0	write_iso_sources /home/kcw2/data/genome_db/GCF_903993165.2
3069	:	1770321244.617	     1.416	0	54	0	0	write_iso_sources /home/kcw2/data/genome_db/GCF_963854595.1
3072	:	1770321244.714	     1.358	0	54	0	0	write_iso_sources /home/kcw2/data/genome_db/GCF_964198855.1
3067	:	1770321244.570	     1.523	0	54	0	0	write_iso_sources /home/kcw2/data/genome_db/GCF_904866355.1
3071	:	1770321244.698	     1.453	0	54	0	0	write_iso_sources /home/kcw2/data/genome_db/GCF_964198845.1
3081	:	1770321245.218	     0.976	0	54	0	0	write_iso_sources /home/kcw2/data/genome_db/GCF_038024775.1
3080	:	1770321245.207	     0.999	0	54	0	0	write_iso_sources /home/kcw2/data/genome_db/GCF_019243165.1
3078	:	1770321245.170	     1.039	0	54	0	0	write_iso_sources /home/kcw2/data/genome_db/GCF_001558895.2
3070	:	1770321244.650	     1.586	0	54	0	0	write_iso_sources /home/kcw2/data/genome_db/GCF_963854765.1
3084	:	1770321245.363	     0.924	0	54	0	0	write_iso_sources /home/kcw2/data/genome_db/GCF_050243975.1
3086	:	1770321245.398	     0.921	0	54	0	0	write_iso_sources /home/kcw2/data/genome_db/GCF_003204115.1
3073	:	1770321244.806	     1.535	0	54	0	0	write_iso_sources /home/kcw2/data/genome_db/GCF_964199065.1
3082	:	1770321245.306	     1.036	0	54	0	0	write_iso_sources /home/kcw2/data/genome_db/GCF_038024785.1
3079	:	1770321245.194	     1.187	0	54	0	0	write_iso_sources /home/kcw2/data/genome_db/GCF_019243055.1
3077	:	1770321245.153	     1.252	0	54	0	0	write_iso_sources /home/kcw2/data/genome_db/GCF_000783955.2
3083	:	1770321245.348	     1.079	0	54	0	0	write_iso_sources /home/kcw2/data/genome_db/GCF_050242415.1
3087	:	1770321245.418	     1.012	0	54	0	0	write_iso_sources /home/kcw2/data/genome_db/GCF_013357405.1
3075	:	1770321245.055	     1.386	0	54	0	0	write_iso_sources /home/kcw2/data/genome_db/GCF_022637595.1
3088	:	1770321245.446	     1.011	0	54	0	0	write_iso_sources /home/kcw2/data/genome_db/GCF_013357425.1
3089	:	1770321245.461	     1.028	0	54	0	0	write_iso_sources /home/kcw2/data/genome_db/GCF_016772355.1
3093	:	1770321245.529	     0.980	0	54	0	0	write_iso_sources /home/kcw2/data/genome_db/GCF_029201285.1
3076	:	1770321245.093	     1.436	0	54	0	0	write_iso_sources /home/kcw2/data/genome_db/GCF_029635815.1
3085	:	1770321245.382	     1.170	0	54	0	0	write_iso_sources /home/kcw2/data/genome_db/GCF_003073935.1
3092	:	1770321245.513	     1.042	0	54	0	0	write_iso_sources /home/kcw2/data/genome_db/GCF_023702535.1
3094	:	1770321245.565	     1.008	0	54	0	0	write_iso_sources /home/kcw2/data/genome_db/GCF_029542365.1
3095	:	1770321245.589	     0.986	0	54	0	0	write_iso_sources /home/kcw2/data/genome_db/GCF_033802725.1
3074	:	1770321245.026	     1.593	0	54	0	0	write_iso_sources /home/kcw2/data/genome_db/GCF_964199095.1
3100	:	1770321245.698	     0.956	0	54	0	0	write_iso_sources /home/kcw2/data/genome_db/GCF_050163225.1
3090	:	1770321245.474	     1.209	0	54	0	0	write_iso_sources /home/kcw2/data/genome_db/GCF_016939715.1
3099	:	1770321245.680	     1.018	0	54	0	0	write_iso_sources /home/kcw2/data/genome_db/GCF_049942675.1
3098	:	1770321245.662	     1.055	0	54	0	0	write_iso_sources /home/kcw2/data/genome_db/GCF_040893115.1
3091	:	1770321245.494	     1.296	0	54	0	0	write_iso_sources /home/kcw2/data/genome_db/GCF_023242195.1
3096	:	1770321245.627	     1.174	0	54	0	0	write_iso_sources /home/kcw2/data/genome_db/GCF_034330965.1
3102	:	1770321245.743	     1.083	0	54	0	0	write_iso_sources /home/kcw2/data/genome_db/GCF_003812525.1
3097	:	1770321245.644	     1.236	0	54	0	0	write_iso_sources /home/kcw2/data/genome_db/GCF_040436735.1
3101	:	1770321245.726	     1.207	0	54	0	0	write_iso_sources /home/kcw2/data/genome_db/GCF_900635965.1
3105	:	1770321245.816	     1.143	0	54	0	0	write_iso_sources /home/kcw2/data/genome_db/GCF_029011985.1
3108	:	1770321245.878	     1.135	0	54	0	0	write_iso_sources /home/kcw2/data/genome_db/GCF_027286025.1
3110	:	1770321245.920	     1.129	0	54	0	0	write_iso_sources /home/kcw2/data/genome_db/GCF_000953495.1
3103	:	1770321245.773	     1.313	0	54	0	0	write_iso_sources /home/kcw2/data/genome_db/GCF_013694385.1
3112	:	1770321245.961	     1.138	0	54	0	0	write_iso_sources /home/kcw2/data/genome_db/GCF_037770365.1
3106	:	1770321245.839	     1.319	0	54	0	0	write_iso_sources /home/kcw2/data/genome_db/GCF_030062245.1
3104	:	1770321245.799	     1.361	0	54	0	0	write_iso_sources /home/kcw2/data/genome_db/GCF_013702025.1
3109	:	1770321245.894	     1.294	0	54	0	0	write_iso_sources /home/kcw2/data/genome_db/GCF_000807005.2
3113	:	1770321245.987	     1.210	0	54	0	0	write_iso_sources /home/kcw2/data/genome_db/GCF_038020145.1
3107	:	1770321245.864	     1.368	0	54	0	0	write_iso_sources /home/kcw2/data/genome_db/GCF_023547145.1
3111	:	1770321245.942	     1.292	0	54	0	0	write_iso_sources /home/kcw2/data/genome_db/GCF_030435995.1
3114	:	1770321246.006	     1.228	0	54	0	0	write_iso_sources /home/kcw2/data/genome_db/GCF_038020165.1
3117	:	1770321246.093	     1.235	0	54	0	0	write_iso_sources /home/kcw2/data/genome_db/GCF_030122535.1
3121	:	1770321246.224	     1.138	0	54	0	0	write_iso_sources /home/kcw2/data/genome_db/GCF_003986635.1
3118	:	1770321246.120	     1.243	0	54	0	0	write_iso_sources /home/kcw2/data/genome_db/GCF_030122555.1
3116	:	1770321246.046	     1.331	0	54	0	0	write_iso_sources /home/kcw2/data/genome_db/GCF_048296805.1
3122	:	1770321246.237	     1.177	0	54	0	0	write_iso_sources /home/kcw2/data/genome_db/GCF_004564195.1
3115	:	1770321246.034	     1.411	0	54	0	0	write_iso_sources /home/kcw2/data/genome_db/GCF_048296795.1
3120	:	1770321246.205	     1.266	0	54	0	0	write_iso_sources /home/kcw2/data/genome_db/GCF_001441245.1
3119	:	1770321246.167	     1.322	0	54	0	0	write_iso_sources /home/kcw2/data/genome_db/GCF_001441225.1
3128	:	1770321246.406	     1.197	0	54	0	0	write_iso_sources /home/kcw2/data/genome_db/GCF_009858195.1
3125	:	1770321246.341	     1.336	0	54	0	0	write_iso_sources /home/kcw2/data/genome_db/GCF_003071565.1
3126	:	1770321246.354	     1.349	0	54	0	0	write_iso_sources /home/kcw2/data/genome_db/GCF_003071585.1
3127	:	1770321246.374	     1.353	0	54	0	0	write_iso_sources /home/kcw2/data/genome_db/GCF_009834305.1
3134	:	1770321246.509	     1.233	0	54	0	0	write_iso_sources /home/kcw2/data/genome_db/GCF_044359805.1
3139	:	1770321246.619	     1.148	0	54	0	0	write_iso_sources /home/kcw2/data/genome_db/GCF_002950075.1
3124	:	1770321246.311	     1.477	0	54	0	0	write_iso_sources /home/kcw2/data/genome_db/GCF_001294565.1
3140	:	1770321246.637	     1.153	0	54	0	0	write_iso_sources /home/kcw2/data/genome_db/GCF_002950095.1
3133	:	1770321246.489	     1.302	0	54	0	0	write_iso_sources /home/kcw2/data/genome_db/GCF_043573515.1
3123	:	1770321246.273	     1.530	0	54	0	0	write_iso_sources /home/kcw2/data/genome_db/GCF_001280365.1
3138	:	1770321246.590	     1.216	0	54	0	0	write_iso_sources /home/kcw2/data/genome_db/GCF_013394535.1
3129	:	1770321246.428	     1.385	0	54	0	0	write_iso_sources /home/kcw2/data/genome_db/GCF_019974075.1
3130	:	1770321246.442	     1.394	0	54	0	0	write_iso_sources /home/kcw2/data/genome_db/GCF_021398895.1
3136	:	1770321246.552	     1.312	0	54	0	0	write_iso_sources /home/kcw2/data/genome_db/GCF_946406265.1
3131	:	1770321246.457	     1.441	0	54	0	0	write_iso_sources /home/kcw2/data/genome_db/GCF_030734145.1
3137	:	1770321246.574	     1.363	0	54	0	0	write_iso_sources /home/kcw2/data/genome_db/GCF_013394515.1
3143	:	1770321246.698	     1.240	0	54	0	0	write_iso_sources /home/kcw2/data/genome_db/GCF_022354005.1
3141	:	1770321246.650	     1.317	0	54	0	0	write_iso_sources /home/kcw2/data/genome_db/GCF_003719775.1
3144	:	1770321246.717	     1.272	0	54	0	0	write_iso_sources /home/kcw2/data/genome_db/GCF_022354025.1
3132	:	1770321246.470	     1.547	0	54	0	0	write_iso_sources /home/kcw2/data/genome_db/GCF_030758555.1
3135	:	1770321246.528	     1.490	0	54	0	0	write_iso_sources /home/kcw2/data/genome_db/GCF_946406225.1
3142	:	1770321246.669	     1.351	0	54	0	0	write_iso_sources /home/kcw2/data/genome_db/GCF_003855135.1
3147	:	1770321246.814	     1.285	0	54	0	0	write_iso_sources /home/kcw2/data/genome_db/GCF_042009075.1
3145	:	1770321246.733	     1.384	0	54	0	0	write_iso_sources /home/kcw2/data/genome_db/GCF_022494175.1
3146	:	1770321246.802	     1.336	0	54	0	0	write_iso_sources /home/kcw2/data/genome_db/GCF_022494275.1
3149	:	1770321246.899	     1.254	0	54	0	0	write_iso_sources /home/kcw2/data/genome_db/GCF_003265245.1
3153	:	1770321247.064	     1.106	0	54	0	0	write_iso_sources /home/kcw2/data/genome_db/GCF_000834735.1
3148	:	1770321246.844	     1.348	0	54	0	0	write_iso_sources /home/kcw2/data/genome_db/GCF_042009085.1
3154	:	1770321247.099	     1.118	0	54	0	0	write_iso_sources /home/kcw2/data/genome_db/GCF_000987925.1
3150	:	1770321246.951	     1.269	0	54	0	0	write_iso_sources /home/kcw2/data/genome_db/GCF_003606425.1
3151	:	1770321246.975	     1.335	0	54	0	0	write_iso_sources /home/kcw2/data/genome_db/GCF_014725795.1
3156	:	1770321247.177	     1.154	0	54	0	0	write_iso_sources /home/kcw2/data/genome_db/GCF_037061515.1
3158	:	1770321247.218	     1.116	0	54	0	0	write_iso_sources /home/kcw2/data/genome_db/GCF_001693595.1
3155	:	1770321247.113	     1.236	0	54	0	0	write_iso_sources /home/kcw2/data/genome_db/GCF_037061485.1
3152	:	1770321247.028	     1.335	0	54	0	0	write_iso_sources /home/kcw2/data/genome_db/GCF_022870065.1
3157	:	1770321247.189	     1.176	0	54	0	0	write_iso_sources /home/kcw2/data/genome_db/GCF_000834885.1
3162	:	1770321247.292	     1.098	0	54	0	0	write_iso_sources /home/kcw2/data/genome_db/GCF_046895375.1
3159	:	1770321247.232	     1.189	0	54	0	0	write_iso_sources /home/kcw2/data/genome_db/GCF_015337825.2
3160	:	1770321247.253	     1.214	0	54	0	0	write_iso_sources /home/kcw2/data/genome_db/GCF_015338045.2
3161	:	1770321247.274	     1.251	0	54	0	0	write_iso_sources /home/kcw2/data/genome_db/GCF_046895365.1
3166	:	1770321247.405	     1.138	0	54	0	0	write_iso_sources /home/kcw2/data/genome_db/GCF_046895815.1
3168	:	1770321247.468	     1.130	0	54	0	0	write_iso_sources /home/kcw2/data/genome_db/GCF_000834435.1
3164	:	1770321247.376	     1.252	0	54	0	0	write_iso_sources /home/kcw2/data/genome_db/GCF_046895605.1
3169	:	1770321247.488	     1.144	0	54	0	0	write_iso_sources /home/kcw2/data/genome_db/GCF_047649225.1
3170	:	1770321247.507	     1.153	0	54	0	0	write_iso_sources /home/kcw2/data/genome_db/GCF_900092345.1
3171	:	1770321247.617	     1.043	0	54	0	0	write_iso_sources /home/kcw2/data/genome_db/GCF_041315795.1
3163	:	1770321247.343	     1.330	0	54	0	0	write_iso_sources /home/kcw2/data/genome_db/GCF_046895595.1
3165	:	1770321247.390	     1.313	0	54	0	0	write_iso_sources /home/kcw2/data/genome_db/GCF_046895805.1
3172	:	1770321247.696	     1.009	0	54	0	0	write_iso_sources /home/kcw2/data/genome_db/GCF_041315805.1
3173	:	1770321247.721	     0.986	0	54	0	0	write_iso_sources /home/kcw2/data/genome_db/GCF_041316075.1
3167	:	1770321247.443	     1.276	0	54	0	0	write_iso_sources /home/kcw2/data/genome_db/GCF_000834415.1
3174	:	1770321247.743	     1.069	0	54	0	0	write_iso_sources /home/kcw2/data/genome_db/GCF_041316085.1
3175	:	1770321247.757	     1.269	0	54	0	0	write_iso_sources /home/kcw2/data/genome_db/GCF_003491245.1
3177	:	1770321247.804	     1.223	0	54	0	0	write_iso_sources /home/kcw2/data/genome_db/GCF_022700815.1
3184	:	1770321247.910	     1.199	0	54	0	0	write_iso_sources /home/kcw2/data/genome_db/GCF_019973835.1
3183	:	1770321247.898	     1.229	0	54	0	0	write_iso_sources /home/kcw2/data/genome_db/GCF_019972775.1
3176	:	1770321247.789	     1.358	0	54	0	0	write_iso_sources /home/kcw2/data/genome_db/GCF_004296435.1
3182	:	1770321247.880	     1.269	0	54	0	0	write_iso_sources /home/kcw2/data/genome_db/GCF_043099385.1
3186	:	1770321247.956	     1.194	0	54	0	0	write_iso_sources /home/kcw2/data/genome_db/GCF_029961805.1
3189	:	1770321248.002	     1.149	0	54	0	0	write_iso_sources /home/kcw2/data/genome_db/GCF_004919485.1
3188	:	1770321247.981	     1.195	0	54	0	0	write_iso_sources /home/kcw2/data/genome_db/GCF_013085485.1
3178	:	1770321247.825	     1.392	0	54	0	0	write_iso_sources /home/kcw2/data/genome_db/GCF_022700835.1
3179	:	1770321247.835	     1.384	0	54	0	0	write_iso_sources /home/kcw2/data/genome_db/GCF_043553125.1
3181	:	1770321247.864	     1.356	0	54	0	0	write_iso_sources /home/kcw2/data/genome_db/GCF_037817735.1
3187	:	1770321247.967	     1.263	0	54	0	0	write_iso_sources /home/kcw2/data/genome_db/GCF_009931135.1
3180	:	1770321247.848	     1.412	0	54	0	0	write_iso_sources /home/kcw2/data/genome_db/GCF_047777975.1
3185	:	1770321247.936	     1.329	0	54	0	0	write_iso_sources /home/kcw2/data/genome_db/GCF_029773025.1
3191	:	1770321248.055	     1.211	0	54	0	0	write_iso_sources /home/kcw2/data/genome_db/GCF_023100745.1
3201	:	1770321248.330	     0.966	0	54	0	0	write_iso_sources /home/kcw2/data/genome_db/GCF_001887655.1
3190	:	1770321248.039	     1.267	0	54	0	0	write_iso_sources /home/kcw2/data/genome_db/GCF_001593245.1
3194	:	1770321248.131	     1.205	0	54	0	0	write_iso_sources /home/kcw2/data/genome_db/GCF_029773525.1
3204	:	1770321248.377	     0.960	0	54	0	0	write_iso_sources /home/kcw2/data/genome_db/GCF_009763825.1
3192	:	1770321248.077	     1.262	0	54	0	0	write_iso_sources /home/kcw2/data/genome_db/GCF_023921405.1
3206	:	1770321248.406	     0.934	0	54	0	0	write_iso_sources /home/kcw2/data/genome_db/GCF_019704235.1
3193	:	1770321248.117	     1.234	0	54	0	0	write_iso_sources /home/kcw2/data/genome_db/GCF_029773505.1
3207	:	1770321248.422	     0.949	0	54	0	0	write_iso_sources /home/kcw2/data/genome_db/GCF_037101305.1
3202	:	1770321248.350	     1.061	0	54	0	0	write_iso_sources /home/kcw2/data/genome_db/GCF_002073335.2
3200	:	1770321248.266	     1.155	0	54	0	0	write_iso_sources /home/kcw2/data/genome_db/GCF_041950465.1
3205	:	1770321248.390	     1.057	0	54	0	0	write_iso_sources /home/kcw2/data/genome_db/GCF_019458465.1
3208	:	1770321248.440	     1.013	0	54	0	0	write_iso_sources /home/kcw2/data/genome_db/GCF_039602145.1
3199	:	1770321248.235	     1.241	0	54	0	0	write_iso_sources /home/kcw2/data/genome_db/GCF_038297345.1
3195	:	1770321248.153	     1.333	0	54	0	0	write_iso_sources /home/kcw2/data/genome_db/GCF_001469735.1
3198	:	1770321248.218	     1.287	0	54	0	0	write_iso_sources /home/kcw2/data/genome_db/GCF_022343105.1
3203	:	1770321248.364	     1.141	0	54	0	0	write_iso_sources /home/kcw2/data/genome_db/GCF_009763665.1
3209	:	1770321248.488	     1.019	0	54	0	0	write_iso_sources /home/kcw2/data/genome_db/GCF_043766185.1
3210	:	1770321248.543	     0.966	0	54	0	0	write_iso_sources /home/kcw2/data/genome_db/GCF_043766955.1
3197	:	1770321248.189	     1.407	0	54	0	0	write_iso_sources /home/kcw2/data/genome_db/GCF_022343085.1
3196	:	1770321248.170	     1.445	0	54	0	0	write_iso_sources /home/kcw2/data/genome_db/GCF_001679745.1
3215	:	1770321248.687	     1.165	0	54	0	0	write_iso_sources /home/kcw2/data/genome_db/GCF_002073775.2
3211	:	1770321248.554	     1.330	0	54	0	0	write_iso_sources /home/kcw2/data/genome_db/GCF_001262735.2
3238	:	1770321249.351	     0.564	0	54	0	0	write_iso_sources /home/kcw2/data/genome_db/GCF_024730705.1
3218	:	1770321248.732	     1.251	0	54	0	0	write_iso_sources /home/kcw2/data/genome_db/GCF_009763505.1
3214	:	1770321248.673	     1.325	0	54	0	0	write_iso_sources /home/kcw2/data/genome_db/GCF_036351935.1
3241	:	1770321249.411	     0.598	0	54	0	0	write_iso_sources /home/kcw2/data/genome_db/GCF_050319625.1
3216	:	1770321248.704	     1.326	0	54	0	0	write_iso_sources /home/kcw2/data/genome_db/GCF_002209725.2
3219	:	1770321248.746	     1.286	0	54	0	0	write_iso_sources /home/kcw2/data/genome_db/GCF_019321785.1
3240	:	1770321249.380	     0.654	0	54	0	0	write_iso_sources /home/kcw2/data/genome_db/GCF_023520775.1
3212	:	1770321248.613	     1.459	0	54	0	0	write_iso_sources /home/kcw2/data/genome_db/GCF_001558435.2
3239	:	1770321249.371	     0.701	0	54	0	0	write_iso_sources /home/kcw2/data/genome_db/GCF_023100885.1
3248	:	1770321249.503	     0.573	0	54	0	0	write_iso_sources /home/kcw2/data/genome_db/GCF_002966655.1
3249	:	1770321249.520	     0.559	0	54	0	0	write_iso_sources /home/kcw2/data/genome_db/GCF_003425565.1
3251	:	1770321249.541	     0.578	0	54	0	0	write_iso_sources /home/kcw2/data/genome_db/GCF_019703525.1
3245	:	1770321249.463	     0.658	0	54	0	0	write_iso_sources /home/kcw2/data/genome_db/GCF_900187155.1
3237	:	1770321249.336	     0.789	0	54	0	0	write_iso_sources /home/kcw2/data/genome_db/GCF_024730685.1
3244	:	1770321249.448	     0.677	0	54	0	0	write_iso_sources /home/kcw2/data/genome_db/GCF_050319905.1
3247	:	1770321249.486	     0.641	0	54	0	0	write_iso_sources /home/kcw2/data/genome_db/GCF_002966635.1
3256	:	1770321249.641	     0.486	0	54	0	0	write_iso_sources /home/kcw2/data/genome_db/GCF_900635805.1
3217	:	1770321248.720	     1.422	0	54	0	0	write_iso_sources /home/kcw2/data/genome_db/GCF_009763445.1
3222	:	1770321248.822	     1.322	0	54	0	0	write_iso_sources /home/kcw2/data/genome_db/GCF_028609685.1
3250	:	1770321249.530	     0.615	0	54	0	0	write_iso_sources /home/kcw2/data/genome_db/GCF_003425585.1
3252	:	1770321249.558	     0.587	0	54	0	0	write_iso_sources /home/kcw2/data/genome_db/GCF_019703545.1
3246	:	1770321249.475	     0.688	0	54	0	0	write_iso_sources /home/kcw2/data/genome_db/GCF_900636745.1
3254	:	1770321249.596	     0.568	0	54	0	0	write_iso_sources /home/kcw2/data/genome_db/GCF_038431815.1
3242	:	1770321249.421	     0.756	0	54	0	0	write_iso_sources /home/kcw2/data/genome_db/GCF_050319635.1
3243	:	1770321249.434	     0.753	0	54	0	0	write_iso_sources /home/kcw2/data/genome_db/GCF_050319895.1
3220	:	1770321248.767	     1.443	0	54	0	0	write_iso_sources /home/kcw2/data/genome_db/GCF_020041945.1
3233	:	1770321249.280	     0.940	0	54	0	0	write_iso_sources /home/kcw2/data/genome_db/GCF_002946655.1
3236	:	1770321249.316	     0.907	0	54	0	0	write_iso_sources /home/kcw2/data/genome_db/GCF_014854595.1
3253	:	1770321249.576	     0.647	0	54	0	0	write_iso_sources /home/kcw2/data/genome_db/GCF_038431805.1
3229	:	1770321249.204	     1.042	0	54	0	0	write_iso_sources /home/kcw2/data/genome_db/GCF_009763885.1
3255	:	1770321249.616	     0.631	0	54	0	0	write_iso_sources /home/kcw2/data/genome_db/GCF_900635795.1
3235	:	1770321249.306	     0.957	0	54	0	0	write_iso_sources /home/kcw2/data/genome_db/GCF_003019855.1
3225	:	1770321249.124	     1.158	0	54	0	0	write_iso_sources /home/kcw2/data/genome_db/GCF_048284885.2
3257	:	1770321249.653	     0.639	0	54	0	0	write_iso_sources /home/kcw2/data/genome_db/GCF_046563705.1
3213	:	1770321248.660	     1.672	0	54	0	0	write_iso_sources /home/kcw2/data/genome_db/GCF_030388405.1
3224	:	1770321249.089	     1.245	0	54	0	0	write_iso_sources /home/kcw2/data/genome_db/GCF_034480485.1
3234	:	1770321249.296	     1.062	0	54	0	0	write_iso_sources /home/kcw2/data/genome_db/GCF_013085105.1
3227	:	1770321249.176	     1.191	0	54	0	0	write_iso_sources /home/kcw2/data/genome_db/GCF_014107515.1
3228	:	1770321249.190	     1.179	0	54	0	0	write_iso_sources /home/kcw2/data/genome_db/GCF_014211935.1
3221	:	1770321248.780	     1.621	0	54	0	0	write_iso_sources /home/kcw2/data/genome_db/GCF_028609665.1
3258	:	1770321249.677	     0.740	0	54	0	0	write_iso_sources /home/kcw2/data/genome_db/GCF_046563715.1
3223	:	1770321249.060	     1.358	0	54	0	0	write_iso_sources /home/kcw2/data/genome_db/GCF_034480135.1
3226	:	1770321249.147	     1.301	0	54	0	0	write_iso_sources /home/kcw2/data/genome_db/GCF_048914355.1
3260	:	1770321249.898	     0.552	0	54	0	0	write_iso_sources /home/kcw2/data/genome_db/GCF_036288925.1
3261	:	1770321249.938	     0.522	0	54	0	0	write_iso_sources /home/kcw2/data/genome_db/GCF_002162275.1
3232	:	1770321249.261	     1.292	0	54	0	0	write_iso_sources /home/kcw2/data/genome_db/GCF_002906475.1
3262	:	1770321249.997	     0.558	0	54	0	0	write_iso_sources /home/kcw2/data/genome_db/GCF_002162295.1
3230	:	1770321249.218	     1.387	0	54	0	0	write_iso_sources /home/kcw2/data/genome_db/GCF_001558415.2
3259	:	1770321249.870	     0.737	0	54	0	0	write_iso_sources /home/kcw2/data/genome_db/GCF_030144815.1
3263	:	1770321250.010	     0.622	0	54	0	0	write_iso_sources /home/kcw2/data/genome_db/GCF_016415245.1
3264	:	1770321250.048	     0.601	0	54	0	0	write_iso_sources /home/kcw2/data/genome_db/GCF_016415305.1
3270	:	1770321250.162	     0.489	0	54	0	0	write_iso_sources /home/kcw2/data/genome_db/GCF_002859385.1
3231	:	1770321249.230	     1.446	0	54	0	0	write_iso_sources /home/kcw2/data/genome_db/GCF_002906455.1
3266	:	1770321250.097	     0.617	0	54	0	0	write_iso_sources /home/kcw2/data/genome_db/GCF_013373555.1
3265	:	1770321250.072	     0.655	0	54	0	0	write_iso_sources /home/kcw2/data/genome_db/GCF_013285285.1
3267	:	1770321250.120	     0.610	0	54	0	0	write_iso_sources /home/kcw2/data/genome_db/GCF_048009995.1
3269	:	1770321250.154	     0.586	0	54	0	0	write_iso_sources /home/kcw2/data/genome_db/GCF_002859365.1
3287	:	1770321250.385	     0.358	0	54	0	0	write_iso_sources /home/kcw2/data/genome_db/GCF_013460855.1
3293	:	1770321250.472	     0.295	0	54	0	0	write_iso_sources /home/kcw2/data/genome_db/GCF_002776955.1
3291	:	1770321250.448	     0.335	0	54	0	0	write_iso_sources /home/kcw2/data/genome_db/GCF_000590755.1
3271	:	1770321250.177	     0.622	0	54	0	0	write_iso_sources /home/kcw2/data/genome_db/GCF_004792595.1
3272	:	1770321250.188	     0.614	0	54	0	0	write_iso_sources /home/kcw2/data/genome_db/GCF_004792615.1
3289	:	1770321250.416	     0.387	0	54	0	0	write_iso_sources /home/kcw2/data/genome_db/GCF_044058835.1
3290	:	1770321250.433	     0.381	0	54	0	0	write_iso_sources /home/kcw2/data/genome_db/GCF_044059125.1
3275	:	1770321250.231	     0.598	0	54	0	0	write_iso_sources /home/kcw2/data/genome_db/GCF_023573085.1
3292	:	1770321250.460	     0.371	0	54	0	0	write_iso_sources /home/kcw2/data/genome_db/GCF_000971705.1
3288	:	1770321250.400	     0.444	0	54	0	0	write_iso_sources /home/kcw2/data/genome_db/GCF_013461095.1
3294	:	1770321250.483	     0.362	0	54	0	0	write_iso_sources /home/kcw2/data/genome_db/GCF_002776975.1
3273	:	1770321250.210	     0.644	0	54	0	0	write_iso_sources /home/kcw2/data/genome_db/GCF_017815735.1
3281	:	1770321250.305	     0.550	0	54	0	0	write_iso_sources /home/kcw2/data/genome_db/GCF_037021625.1
3277	:	1770321250.263	     0.594	0	54	0	0	write_iso_sources /home/kcw2/data/genome_db/GCF_026315125.1
3274	:	1770321250.221	     0.654	0	54	0	0	write_iso_sources /home/kcw2/data/genome_db/GCF_018139065.1
3278	:	1770321250.273	     0.608	0	54	0	0	write_iso_sources /home/kcw2/data/genome_db/GCF_026315145.1
3279	:	1770321250.283	     0.599	0	54	0	0	write_iso_sources /home/kcw2/data/genome_db/GCF_031432935.1
3296	:	1770321250.518	     0.366	0	54	0	0	write_iso_sources /home/kcw2/data/genome_db/GCF_039778345.1
3276	:	1770321250.247	     0.648	0	54	0	0	write_iso_sources /home/kcw2/data/genome_db/GCF_023573105.1
3268	:	1770321250.142	     0.755	0	54	0	0	write_iso_sources /home/kcw2/data/genome_db/GCF_048010005.1
3280	:	1770321250.293	     0.604	0	54	0	0	write_iso_sources /home/kcw2/data/genome_db/GCF_031463095.1
3282	:	1770321250.320	     0.578	0	54	0	0	write_iso_sources /home/kcw2/data/genome_db/GCF_037113485.1
3295	:	1770321250.494	     0.404	0	54	0	0	write_iso_sources /home/kcw2/data/genome_db/GCF_039778335.1
3283	:	1770321250.332	     0.578	0	54	0	0	write_iso_sources /home/kcw2/data/genome_db/GCF_046736155.1
3285	:	1770321250.359	     0.552	0	54	0	0	write_iso_sources /home/kcw2/data/genome_db/GCF_020042685.1
3284	:	1770321250.348	     0.586	0	54	0	0	write_iso_sources /home/kcw2/data/genome_db/GCF_047758075.1
3286	:	1770321250.368	     0.664	0	54	0	0	write_iso_sources /home/kcw2/data/genome_db/GCF_020714665.1
3308	:	1770321250.714	     0.532	0	54	0	0	write_iso_sources /home/kcw2/data/genome_db/GCF_002754075.1
3311	:	1770321250.752	     0.497	0	54	0	0	write_iso_sources /home/kcw2/data/genome_db/GCF_037889165.1
3322	:	1770321250.910	     0.359	0	54	0	0	write_iso_sources /home/kcw2/data/genome_db/GCF_045865045.1
3321	:	1770321250.895	     0.395	0	54	0	0	write_iso_sources /home/kcw2/data/genome_db/GCF_045865035.1
3310	:	1770321250.741	     0.581	0	54	0	0	write_iso_sources /home/kcw2/data/genome_db/GCF_900637325.1
3313	:	1770321250.783	     0.569	0	54	0	0	write_iso_sources /home/kcw2/data/genome_db/GCF_037951365.1
3320	:	1770321250.876	     0.482	0	54	0	0	write_iso_sources /home/kcw2/data/genome_db/GCF_018771625.1
3312	:	1770321250.767	     0.644	0	54	0	0	write_iso_sources /home/kcw2/data/genome_db/GCF_037889175.1
3307	:	1770321250.704	     0.709	0	54	0	0	write_iso_sources /home/kcw2/data/genome_db/GCF_002754055.1
3314	:	1770321250.800	     0.615	0	54	0	0	write_iso_sources /home/kcw2/data/genome_db/GCF_037952305.1
3316	:	1770321250.829	     0.611	0	54	0	0	write_iso_sources /home/kcw2/data/genome_db/GCF_019968075.1
3315	:	1770321250.814	     0.751	0	54	0	0	write_iso_sources /home/kcw2/data/genome_db/GCF_019968055.1
3318	:	1770321250.854	     0.765	0	54	0	0	write_iso_sources /home/kcw2/data/genome_db/GCF_014076555.1
3317	:	1770321250.843	     0.828	0	54	0	0	write_iso_sources /home/kcw2/data/genome_db/GCF_900478315.1
3309	:	1770321250.727	     0.966	0	54	0	0	write_iso_sources /home/kcw2/data/genome_db/GCF_018389405.1
3319	:	1770321250.866	     0.828	0	54	0	0	write_iso_sources /home/kcw2/data/genome_db/GCF_002028405.1
3299	:	1770321250.571	     1.171	0	54	0	0	write_iso_sources /home/kcw2/data/genome_db/GCF_030294885.1
3325	:	1770321250.945	     0.814	0	54	0	0	write_iso_sources /home/kcw2/data/genome_db/GCF_014844475.1
3341	:	1770321251.181	     0.598	0	54	0	0	write_iso_sources /home/kcw2/data/genome_db/GCF_004103675.1
3326	:	1770321250.960	     0.833	0	54	0	0	write_iso_sources /home/kcw2/data/genome_db/GCF_014844495.1
3297	:	1770321250.537	     1.344	0	54	0	0	write_iso_sources /home/kcw2/data/genome_db/GCF_000710365.2
3298	:	1770321250.552	     1.332	0	54	0	0	write_iso_sources /home/kcw2/data/genome_db/GCF_000710375.2
3300	:	1770321250.588	     1.319	0	54	0	0	write_iso_sources /home/kcw2/data/genome_db/GCF_030944245.1
3303	:	1770321250.649	     1.259	0	54	0	0	write_iso_sources /home/kcw2/data/genome_db/GCF_020885775.1
3304	:	1770321250.659	     1.251	0	54	0	0	write_iso_sources /home/kcw2/data/genome_db/GCF_020885855.1
3305	:	1770321250.675	     1.236	0	54	0	0	write_iso_sources /home/kcw2/data/genome_db/GCF_024759485.1
3342	:	1770321251.198	     0.713	0	54	0	0	write_iso_sources /home/kcw2/data/genome_db/GCF_004194375.1
3346	:	1770321251.290	     0.623	0	54	0	0	write_iso_sources /home/kcw2/data/genome_db/GCF_900519455.1
3345	:	1770321251.269	     0.652	0	54	0	0	write_iso_sources /home/kcw2/data/genome_db/GCF_032762665.1
3344	:	1770321251.247	     0.686	0	54	0	0	write_iso_sources /home/kcw2/data/genome_db/GCF_047356775.1
3347	:	1770321251.321	     0.612	0	54	0	0	write_iso_sources /home/kcw2/data/genome_db/GCF_004101585.1
3343	:	1770321251.219	     0.747	0	54	0	0	write_iso_sources /home/kcw2/data/genome_db/GCF_047344935.1
3353	:	1770321251.478	     0.490	0	54	0	0	write_iso_sources /home/kcw2/data/genome_db/GCF_030480445.1
3324	:	1770321250.935	     1.051	0	54	0	0	write_iso_sources /home/kcw2/data/genome_db/GCF_000750195.1
3348	:	1770321251.352	     0.634	0	54	0	0	write_iso_sources /home/kcw2/data/genome_db/GCF_004102605.1
3351	:	1770321251.440	     0.549	0	54	0	0	write_iso_sources /home/kcw2/data/genome_db/GCF_006770865.1
3335	:	1770321251.069	     0.930	0	54	0	0	write_iso_sources /home/kcw2/data/genome_db/GCF_009708275.1
3301	:	1770321250.604	     1.402	0	54	0	0	write_iso_sources /home/kcw2/data/genome_db/GCF_024758905.1
3306	:	1770321250.691	     1.316	0	54	0	0	write_iso_sources /home/kcw2/data/genome_db/GCF_024759585.1
3350	:	1770321251.411	     0.596	0	54	0	0	write_iso_sources /home/kcw2/data/genome_db/GCF_030220125.1
3337	:	1770321251.092	     0.937	0	54	0	0	write_iso_sources /home/kcw2/data/genome_db/GCF_009708975.1
3332	:	1770321251.033	     1.019	0	54	0	0	write_iso_sources /home/kcw2/data/genome_db/GCF_001548155.2
3336	:	1770321251.081	     0.973	0	54	0	0	write_iso_sources /home/kcw2/data/genome_db/GCF_009708295.1
3339	:	1770321251.142	     0.937	0	54	0	0	write_iso_sources /home/kcw2/data/genome_db/GCF_009709395.1
3331	:	1770321251.023	     1.056	0	54	0	0	write_iso_sources /home/kcw2/data/genome_db/GCF_001459775.1
3302	:	1770321250.633	     1.467	0	54	0	0	write_iso_sources /home/kcw2/data/genome_db/GCF_024759205.1
3328	:	1770321250.983	     1.118	0	54	0	0	write_iso_sources /home/kcw2/data/genome_db/GCF_027594745.1
3329	:	1770321250.992	     1.110	0	54	0	0	write_iso_sources /home/kcw2/data/genome_db/GCF_001576595.1
3338	:	1770321251.115	     0.989	0	54	0	0	write_iso_sources /home/kcw2/data/genome_db/GCF_009708995.1
3349	:	1770321251.389	     0.716	0	54	0	0	write_iso_sources /home/kcw2/data/genome_db/GCF_029025725.1
3352	:	1770321251.466	     0.638	0	54	0	0	write_iso_sources /home/kcw2/data/genome_db/GCF_007923185.1
3354	:	1770321251.494	     0.611	0	54	0	0	write_iso_sources /home/kcw2/data/genome_db/GCF_033882205.1
3330	:	1770321251.004	     1.146	0	54	0	0	write_iso_sources /home/kcw2/data/genome_db/GCF_001685625.1
3340	:	1770321251.164	     0.987	0	54	0	0	write_iso_sources /home/kcw2/data/genome_db/GCF_009709415.1
3327	:	1770321250.973	     1.200	0	54	0	0	write_iso_sources /home/kcw2/data/genome_db/GCF_042140215.1
3355	:	1770321251.510	     0.688	0	54	0	0	write_iso_sources /home/kcw2/data/genome_db/GCF_009730415.1
3323	:	1770321250.922	     1.289	0	54	0	0	write_iso_sources /home/kcw2/data/genome_db/GCF_006378125.1
3356	:	1770321251.587	     0.625	0	54	0	0	write_iso_sources /home/kcw2/data/genome_db/GCF_009769055.1
3333	:	1770321251.043	     1.224	0	54	0	0	write_iso_sources /home/kcw2/data/genome_db/GCF_904830935.1
3360	:	1770321251.741	     0.671	0	54	0	0	write_iso_sources /home/kcw2/data/genome_db/GCF_000953255.1
3359	:	1770321251.728	     0.705	0	54	0	0	write_iso_sources /home/kcw2/data/genome_db/GCF_000815245.1
3362	:	1770321251.772	     0.687	0	54	0	0	write_iso_sources /home/kcw2/data/genome_db/GCF_001019485.2
3361	:	1770321251.759	     0.727	0	54	0	0	write_iso_sources /home/kcw2/data/genome_db/GCF_001019435.2
3358	:	1770321251.692	     0.859	0	54	0	0	write_iso_sources /home/kcw2/data/genome_db/GCF_900637715.1
3363	:	1770321251.794	     0.759	0	54	0	0	write_iso_sources /home/kcw2/data/genome_db/GCF_001465635.1
3364	:	1770321251.806	     0.762	0	54	0	0	write_iso_sources /home/kcw2/data/genome_db/GCF_001465675.1
3367	:	1770321251.932	     0.663	0	54	0	0	write_iso_sources /home/kcw2/data/genome_db/GCF_001956815.1
3357	:	1770321251.633	     0.963	0	54	0	0	write_iso_sources /home/kcw2/data/genome_db/GCF_030412635.1
3365	:	1770321251.907	     0.690	0	54	0	0	write_iso_sources /home/kcw2/data/genome_db/GCF_001618305.1
3366	:	1770321251.922	     0.690	0	54	0	0	write_iso_sources /home/kcw2/data/genome_db/GCF_001640885.1
3368	:	1770321251.945	     0.680	0	54	0	0	write_iso_sources /home/kcw2/data/genome_db/GCF_001975005.1
3369	:	1770321251.966	     0.685	0	54	0	0	write_iso_sources /home/kcw2/data/genome_db/GCF_002025145.1
3372	:	1770321252.017	     0.661	0	54	0	0	write_iso_sources /home/kcw2/data/genome_db/GCF_002633785.1
3373	:	1770321252.028	     0.651	0	54	0	0	write_iso_sources /home/kcw2/data/genome_db/GCF_003073395.1
3375	:	1770321252.052	     0.681	0	54	0	0	write_iso_sources /home/kcw2/data/genome_db/GCF_003193885.1
3371	:	1770321251.999	     0.736	0	54	0	0	write_iso_sources /home/kcw2/data/genome_db/GCF_002633765.1
3376	:	1770321252.064	     0.673	0	54	0	0	write_iso_sources /home/kcw2/data/genome_db/GCF_003193965.1
3370	:	1770321251.984	     0.779	0	54	0	0	write_iso_sources /home/kcw2/data/genome_db/GCF_002085525.1
3379	:	1770321252.115	     0.660	0	54	0	0	write_iso_sources /home/kcw2/data/genome_db/GCF_003425885.1
3383	:	1770321252.161	     0.615	0	54	0	0	write_iso_sources /home/kcw2/data/genome_db/GCF_004771335.1
3374	:	1770321252.040	     0.756	0	54	0	0	write_iso_sources /home/kcw2/data/genome_db/GCF_003073415.1
3377	:	1770321252.078	     0.763	0	54	0	0	write_iso_sources /home/kcw2/data/genome_db/GCF_003354605.1
3378	:	1770321252.099	     0.743	0	54	0	0	write_iso_sources /home/kcw2/data/genome_db/GCF_003354625.1
3386	:	1770321252.199	     0.673	0	54	0	0	write_iso_sources /home/kcw2/data/genome_db/GCF_006364775.1
3380	:	1770321252.125	     0.769	0	54	0	0	write_iso_sources /home/kcw2/data/genome_db/GCF_003425915.1
3385	:	1770321252.188	     0.707	0	54	0	0	write_iso_sources /home/kcw2/data/genome_db/GCF_006364675.1
3387	:	1770321252.211	     0.720	0	54	0	0	write_iso_sources /home/kcw2/data/genome_db/GCF_008330585.1
3384	:	1770321252.173	     0.774	0	54	0	0	write_iso_sources /home/kcw2/data/genome_db/GCF_004771515.1
3382	:	1770321252.149	     0.802	0	54	0	0	write_iso_sources /home/kcw2/data/genome_db/GCF_003855575.1
3381	:	1770321252.136	     0.815	0	54	0	0	write_iso_sources /home/kcw2/data/genome_db/GCF_003827915.1
3389	:	1770321252.251	     0.717	0	54	0	0	write_iso_sources /home/kcw2/data/genome_db/GCF_009739715.1
3390	:	1770321252.268	     0.701	0	54	0	0	write_iso_sources /home/kcw2/data/genome_db/GCF_009739735.1
3392	:	1770321252.303	     0.732	0	54	0	0	write_iso_sources /home/kcw2/data/genome_db/GCF_009912115.1
3388	:	1770321252.229	     0.832	0	54	0	0	write_iso_sources /home/kcw2/data/genome_db/GCF_008370815.1
3391	:	1770321252.293	     0.769	0	54	0	0	write_iso_sources /home/kcw2/data/genome_db/GCF_009912095.1
3394	:	1770321252.342	     0.800	0	54	0	0	write_iso_sources /home/kcw2/data/genome_db/GCF_009912715.1
3395	:	1770321252.358	     0.805	0	54	0	0	write_iso_sources /home/kcw2/data/genome_db/GCF_009913115.1
3398	:	1770321252.412	     0.769	0	54	0	0	write_iso_sources /home/kcw2/data/genome_db/GCF_013305955.1
3399	:	1770321252.433	     0.763	0	54	0	0	write_iso_sources /home/kcw2/data/genome_db/GCF_015219905.1
3396	:	1770321252.372	     0.852	0	54	0	0	write_iso_sources /home/kcw2/data/genome_db/GCF_009913135.1
3393	:	1770321252.326	     0.924	0	54	0	0	write_iso_sources /home/kcw2/data/genome_db/GCF_009912695.1
3334	:	1770321251.052	     2.240	0	54	0	0	write_iso_sources /home/kcw2/data/genome_db/GCF_025677855.1
3400	:	1770321252.460	     0.833	0	54	0	0	write_iso_sources /home/kcw2/data/genome_db/GCF_015219925.1
3402	:	1770321252.504	     0.809	0	54	0	0	write_iso_sources /home/kcw2/data/genome_db/GCF_017161095.1
3404	:	1770321252.550	     0.786	0	54	0	0	write_iso_sources /home/kcw2/data/genome_db/GCF_019550945.1
3407	:	1770321252.595	     0.743	0	54	0	0	write_iso_sources /home/kcw2/data/genome_db/GCF_020388355.1
3406	:	1770321252.580	     0.764	0	54	0	0	write_iso_sources /home/kcw2/data/genome_db/GCF_020034535.1
3408	:	1770321252.612	     0.736	0	54	0	0	write_iso_sources /home/kcw2/data/genome_db/GCF_020388395.1
3397	:	1770321252.392	     0.970	0	54	0	0	write_iso_sources /home/kcw2/data/genome_db/GCF_013305905.1
3410	:	1770321252.652	     0.712	0	54	0	0	write_iso_sources /home/kcw2/data/genome_db/GCF_020389325.1
3401	:	1770321252.487	     0.907	0	54	0	0	write_iso_sources /home/kcw2/data/genome_db/GCF_017088385.1
3409	:	1770321252.625	     0.769	0	54	0	0	write_iso_sources /home/kcw2/data/genome_db/GCF_020389265.1
3403	:	1770321252.530	     0.937	0	54	0	0	write_iso_sources /home/kcw2/data/genome_db/GCF_019550875.1
3405	:	1770321252.567	     0.902	0	54	0	0	write_iso_sources /home/kcw2/data/genome_db/GCF_020003165.1
3412	:	1770321252.679	     0.791	0	54	0	0	write_iso_sources /home/kcw2/data/genome_db/GCF_020906975.2
3411	:	1770321252.667	     0.816	0	54	0	0	write_iso_sources /home/kcw2/data/genome_db/GCF_020889665.1
3414	:	1770321252.702	     0.784	0	54	0	0	write_iso_sources /home/kcw2/data/genome_db/GCF_022221525.1
3413	:	1770321252.693	     0.809	0	54	0	0	write_iso_sources /home/kcw2/data/genome_db/GCF_022163485.2
3415	:	1770321252.714	     0.801	0	54	0	0	write_iso_sources /home/kcw2/data/genome_db/GCF_022405055.1
3416	:	1770321252.724	     0.793	0	54	0	0	write_iso_sources /home/kcw2/data/genome_db/GCF_022405075.1
3417	:	1770321252.734	     0.785	0	54	0	0	write_iso_sources /home/kcw2/data/genome_db/GCF_022405555.1
3418	:	1770321252.752	     0.779	0	54	0	0	write_iso_sources /home/kcw2/data/genome_db/GCF_022405575.1
3419	:	1770321252.763	     0.796	0	54	0	0	write_iso_sources /home/kcw2/data/genome_db/GCF_022406035.1
3424	:	1770321252.841	     0.720	0	54	0	0	write_iso_sources /home/kcw2/data/genome_db/GCF_023373745.1
3429	:	1770321252.930	     0.661	0	54	0	0	write_iso_sources /home/kcw2/data/genome_db/GCF_025559525.1
3426	:	1770321252.872	     0.740	0	54	0	0	write_iso_sources /home/kcw2/data/genome_db/GCF_024612055.1
3421	:	1770321252.796	     0.849	0	54	0	0	write_iso_sources /home/kcw2/data/genome_db/GCF_022693205.1
3420	:	1770321252.775	     0.883	0	54	0	0	write_iso_sources /home/kcw2/data/genome_db/GCF_022406055.1
3427	:	1770321252.895	     0.766	0	54	0	0	write_iso_sources /home/kcw2/data/genome_db/GCF_024741695.1
3423	:	1770321252.822	     0.851	0	54	0	0	write_iso_sources /home/kcw2/data/genome_db/GCF_023278065.1
3425	:	1770321252.853	     0.856	0	54	0	0	write_iso_sources /home/kcw2/data/genome_db/GCF_024399375.1
3430	:	1770321252.948	     0.762	0	54	0	0	write_iso_sources /home/kcw2/data/genome_db/GCF_025559565.1
3422	:	1770321252.812	     0.914	0	54	0	0	write_iso_sources /home/kcw2/data/genome_db/GCF_022693225.1
3435	:	1770321253.035	     0.691	0	54	0	0	write_iso_sources /home/kcw2/data/genome_db/GCF_029204095.1
3428	:	1770321252.910	     0.827	0	54	0	0	write_iso_sources /home/kcw2/data/genome_db/GCF_024741715.1
3433	:	1770321252.990	     0.760	0	54	0	0	write_iso_sources /home/kcw2/data/genome_db/GCF_026625485.1
3431	:	1770321252.967	     0.786	0	54	0	0	write_iso_sources /home/kcw2/data/genome_db/GCF_026546985.1
3434	:	1770321253.012	     0.799	0	54	0	0	write_iso_sources /home/kcw2/data/genome_db/GCF_026625505.1
3436	:	1770321253.061	     0.750	0	54	0	0	write_iso_sources /home/kcw2/data/genome_db/GCF_029204125.1
3437	:	1770321253.078	     0.734	0	54	0	0	write_iso_sources /home/kcw2/data/genome_db/GCF_030219425.1
3441	:	1770321253.181	     0.632	0	54	0	0	write_iso_sources /home/kcw2/data/genome_db/GCF_030533765.1
3439	:	1770321253.139	     0.718	0	54	0	0	write_iso_sources /home/kcw2/data/genome_db/GCF_030382065.2
3440	:	1770321253.158	     0.709	0	54	0	0	write_iso_sources /home/kcw2/data/genome_db/GCF_030408935.1
3432	:	1770321252.978	     0.917	0	54	0	0	write_iso_sources /home/kcw2/data/genome_db/GCF_026547005.1
3445	:	1770321253.292	     0.618	0	54	0	0	write_iso_sources /home/kcw2/data/genome_db/GCF_030717605.1
3442	:	1770321253.197	     0.729	0	54	0	0	write_iso_sources /home/kcw2/data/genome_db/GCF_030533785.1
3438	:	1770321253.104	     0.849	0	54	0	0	write_iso_sources /home/kcw2/data/genome_db/GCF_030219445.1
3443	:	1770321253.214	     0.740	0	54	0	0	write_iso_sources /home/kcw2/data/genome_db/GCF_030534195.1
3447	:	1770321253.336	     0.620	0	54	0	0	write_iso_sources /home/kcw2/data/genome_db/GCF_032764935.1
3448	:	1770321253.361	     0.595	0	54	0	0	write_iso_sources /home/kcw2/data/genome_db/GCF_032765935.1
3446	:	1770321253.313	     0.644	0	54	0	0	write_iso_sources /home/kcw2/data/genome_db/GCF_030717625.1
3444	:	1770321253.251	     0.758	0	54	0	0	write_iso_sources /home/kcw2/data/genome_db/GCF_030534215.1
3450	:	1770321253.393	     0.647	0	54	0	0	write_iso_sources /home/kcw2/data/genome_db/GCF_034028035.1
3449	:	1770321253.382	     0.702	0	54	0	0	write_iso_sources /home/kcw2/data/genome_db/GCF_034024715.1
3451	:	1770321253.410	     0.674	0	54	0	0	write_iso_sources /home/kcw2/data/genome_db/GCF_034043035.1
3453	:	1770321253.466	     0.717	0	54	0	0	write_iso_sources /home/kcw2/data/genome_db/GCF_034425095.2
3455	:	1770321253.502	     0.703	0	54	0	0	write_iso_sources /home/kcw2/data/genome_db/GCF_036670145.1
3452	:	1770321253.436	     0.782	0	54	0	0	write_iso_sources /home/kcw2/data/genome_db/GCF_034043055.1
3454	:	1770321253.484	     0.736	0	54	0	0	write_iso_sources /home/kcw2/data/genome_db/GCF_034425115.2
3456	:	1770321253.515	     0.726	0	54	0	0	write_iso_sources /home/kcw2/data/genome_db/GCF_036689715.2
3460	:	1770321253.591	     0.708	0	54	0	0	write_iso_sources /home/kcw2/data/genome_db/GCF_037948675.1
3458	:	1770321253.560	     0.753	0	54	0	0	write_iso_sources /home/kcw2/data/genome_db/GCF_037199565.1
3459	:	1770321253.574	     0.760	0	54	0	0	write_iso_sources /home/kcw2/data/genome_db/GCF_037939205.1
3457	:	1770321253.531	     0.831	0	54	0	0	write_iso_sources /home/kcw2/data/genome_db/GCF_037120235.2
3461	:	1770321253.612	     0.776	0	54	0	0	write_iso_sources /home/kcw2/data/genome_db/GCF_038096225.1
3462	:	1770321253.631	     0.759	0	54	0	0	write_iso_sources /home/kcw2/data/genome_db/GCF_038096235.1
3469	:	1770321253.738	     0.677	0	54	0	0	write_iso_sources /home/kcw2/data/genome_db/GCF_040931985.1
3464	:	1770321253.659	     0.774	0	54	0	0	write_iso_sources /home/kcw2/data/genome_db/GCF_038449175.2
3466	:	1770321253.688	     0.750	0	54	0	0	write_iso_sources /home/kcw2/data/genome_db/GCF_040364095.1
3474	:	1770321253.810	     0.657	0	54	0	0	write_iso_sources /home/kcw2/data/genome_db/GCF_042753635.1
3463	:	1770321253.645	     0.851	0	54	0	0	write_iso_sources /home/kcw2/data/genome_db/GCF_038430115.1
3467	:	1770321253.709	     0.787	0	54	0	0	write_iso_sources /home/kcw2/data/genome_db/GCF_040931765.1
3473	:	1770321253.793	     0.704	0	54	0	0	write_iso_sources /home/kcw2/data/genome_db/GCF_042193205.1
3465	:	1770321253.673	     0.857	0	54	0	0	write_iso_sources /home/kcw2/data/genome_db/GCF_040363755.1
3470	:	1770321253.751	     0.801	0	54	0	0	write_iso_sources /home/kcw2/data/genome_db/GCF_041200075.1
3468	:	1770321253.726	     0.850	0	54	0	0	write_iso_sources /home/kcw2/data/genome_db/GCF_040931775.1
3471	:	1770321253.763	     0.836	0	54	0	0	write_iso_sources /home/kcw2/data/genome_db/GCF_041697975.1
3475	:	1770321253.826	     0.805	0	54	0	0	write_iso_sources /home/kcw2/data/genome_db/GCF_045346765.1
3476	:	1770321253.839	     0.796	0	54	0	0	write_iso_sources /home/kcw2/data/genome_db/GCF_045346835.1
3472	:	1770321253.775	     0.893	0	54	0	0	write_iso_sources /home/kcw2/data/genome_db/GCF_041697985.1
3481	:	1770321253.910	     0.771	0	54	0	0	write_iso_sources /home/kcw2/data/genome_db/GCF_046530655.1
3478	:	1770321253.867	     0.847	0	54	0	0	write_iso_sources /home/kcw2/data/genome_db/GCF_045788765.1
3480	:	1770321253.895	     0.822	0	54	0	0	write_iso_sources /home/kcw2/data/genome_db/GCF_046529285.1
3483	:	1770321253.940	     0.777	0	54	0	0	write_iso_sources /home/kcw2/data/genome_db/GCF_046741795.1
3484	:	1770321253.954	     0.776	0	54	0	0	write_iso_sources /home/kcw2/data/genome_db/GCF_046741805.1
3489	:	1770321254.040	     0.692	0	54	0	0	write_iso_sources /home/kcw2/data/genome_db/GCF_047802055.1
3477	:	1770321253.857	     0.924	0	54	0	0	write_iso_sources /home/kcw2/data/genome_db/GCF_045788755.1
3482	:	1770321253.925	     0.858	0	54	0	0	write_iso_sources /home/kcw2/data/genome_db/GCF_046530665.1
3485	:	1770321253.977	     0.809	0	54	0	0	write_iso_sources /home/kcw2/data/genome_db/GCF_046742005.1
3486	:	1770321253.995	     0.792	0	54	0	0	write_iso_sources /home/kcw2/data/genome_db/GCF_046742015.1
3491	:	1770321254.060	     0.726	0	54	0	0	write_iso_sources /home/kcw2/data/genome_db/GCF_048595665.1
3487	:	1770321254.009	     0.842	0	54	0	0	write_iso_sources /home/kcw2/data/genome_db/GCF_047361025.1
3488	:	1770321254.030	     0.825	0	54	0	0	write_iso_sources /home/kcw2/data/genome_db/GCF_047361035.1
3479	:	1770321253.882	     0.976	0	54	0	0	write_iso_sources /home/kcw2/data/genome_db/GCF_046272185.1
3490	:	1770321254.050	     0.808	0	54	0	0	write_iso_sources /home/kcw2/data/genome_db/GCF_047802065.1
3493	:	1770321254.095	     0.809	0	54	0	0	write_iso_sources /home/kcw2/data/genome_db/GCF_049244655.1
3495	:	1770321254.137	     0.767	0	54	0	0	write_iso_sources /home/kcw2/data/genome_db/GCF_900017775.1
3492	:	1770321254.084	     0.831	0	54	0	0	write_iso_sources /home/kcw2/data/genome_db/GCF_048595675.1
3494	:	1770321254.113	     0.804	0	54	0	0	write_iso_sources /home/kcw2/data/genome_db/GCF_049244705.1
3501	:	1770321254.241	     0.694	0	54	0	0	write_iso_sources /home/kcw2/data/genome_db/GCF_900635905.1
3496	:	1770321254.162	     0.785	0	54	0	0	write_iso_sources /home/kcw2/data/genome_db/GCF_900092595.1
3497	:	1770321254.183	     0.856	0	54	0	0	write_iso_sources /home/kcw2/data/genome_db/GCF_900324315.1
3499	:	1770321254.219	     0.821	0	54	0	0	write_iso_sources /home/kcw2/data/genome_db/GCF_900478245.1
3504	:	1770321254.298	     0.771	0	54	0	0	write_iso_sources /home/kcw2/data/genome_db/GCF_964290415.1
3506	:	1770321254.333	     0.739	0	54	0	0	write_iso_sources /home/kcw2/data/genome_db/GCF_024172385.1
3502	:	1770321254.257	     0.815	0	54	0	0	write_iso_sources /home/kcw2/data/genome_db/GCF_900636335.1
3507	:	1770321254.362	     0.711	0	54	0	0	write_iso_sources /home/kcw2/data/genome_db/GCF_009769015.1
3508	:	1770321254.389	     0.686	0	54	0	0	write_iso_sources /home/kcw2/data/genome_db/GCF_009769125.1
3503	:	1770321254.275	     0.811	0	54	0	0	write_iso_sources /home/kcw2/data/genome_db/GCF_964290405.1
3498	:	1770321254.206	     0.894	0	54	0	0	write_iso_sources /home/kcw2/data/genome_db/GCF_900324325.1
3500	:	1770321254.230	     0.912	0	54	0	0	write_iso_sources /home/kcw2/data/genome_db/GCF_900607245.1
3516	:	1770321254.552	     0.592	0	54	0	0	write_iso_sources /home/kcw2/data/genome_db/GCF_024266825.1
3511	:	1770321254.451	     0.745	0	54	0	0	write_iso_sources /home/kcw2/data/genome_db/GCF_019330165.1
3518	:	1770321254.600	     0.597	0	54	0	0	write_iso_sources /home/kcw2/data/genome_db/GCF_029691815.1
3505	:	1770321254.313	     0.898	0	54	0	0	write_iso_sources /home/kcw2/data/genome_db/GCF_024172365.1
3520	:	1770321254.632	     0.582	0	54	0	0	write_iso_sources /home/kcw2/data/genome_db/GCF_038116975.1
3510	:	1770321254.433	     0.809	0	54	0	0	write_iso_sources /home/kcw2/data/genome_db/GCF_019329505.1
3513	:	1770321254.495	     0.761	0	54	0	0	write_iso_sources /home/kcw2/data/genome_db/GCF_022832915.1
3515	:	1770321254.531	     0.726	0	54	0	0	write_iso_sources /home/kcw2/data/genome_db/GCF_024204985.1
3523	:	1770321254.681	     0.586	0	54	0	0	write_iso_sources /home/kcw2/data/genome_db/GCF_045935655.1
3509	:	1770321254.416	     0.877	0	54	0	0	write_iso_sources /home/kcw2/data/genome_db/GCF_019329425.1
3514	:	1770321254.511	     0.786	0	54	0	0	write_iso_sources /home/kcw2/data/genome_db/GCF_022832935.1
3512	:	1770321254.468	     0.878	0	54	0	0	write_iso_sources /home/kcw2/data/genome_db/GCF_019330185.1
3517	:	1770321254.576	     0.775	0	54	0	0	write_iso_sources /home/kcw2/data/genome_db/GCF_029691795.1
3519	:	1770321254.614	     0.737	0	54	0	0	write_iso_sources /home/kcw2/data/genome_db/GCF_038070525.1
3525	:	1770321254.715	     0.661	0	54	0	0	write_iso_sources /home/kcw2/data/genome_db/GCF_045942405.1
3527	:	1770321254.758	     0.667	0	54	0	0	write_iso_sources /home/kcw2/data/genome_db/GCF_002906615.1
3521	:	1770321254.648	     0.798	0	54	0	0	write_iso_sources /home/kcw2/data/genome_db/GCF_045927365.1
3522	:	1770321254.669	     0.790	0	54	0	0	write_iso_sources /home/kcw2/data/genome_db/GCF_045927375.1
3529	:	1770321254.798	     0.661	0	54	0	0	write_iso_sources /home/kcw2/data/genome_db/GCF_030264095.1
3524	:	1770321254.695	     0.785	0	54	0	0	write_iso_sources /home/kcw2/data/genome_db/GCF_045935665.1
3532	:	1770321254.880	     0.632	0	54	0	0	write_iso_sources /home/kcw2/data/genome_db/GCF_042608475.1
3526	:	1770321254.730	     0.823	0	54	0	0	write_iso_sources /home/kcw2/data/genome_db/GCF_045942415.1
3528	:	1770321254.781	     0.787	0	54	0	0	write_iso_sources /home/kcw2/data/genome_db/GCF_002952715.2
3530	:	1770321254.819	     0.786	0	54	0	0	write_iso_sources /home/kcw2/data/genome_db/GCF_030435855.1
3531	:	1770321254.851	     0.771	0	54	0	0	write_iso_sources /home/kcw2/data/genome_db/GCF_042608465.1
3538	:	1770321254.958	     0.703	0	54	0	0	write_iso_sources /home/kcw2/data/genome_db/GCF_013267715.1
3545	:	1770321255.087	     0.575	0	54	0	0	write_iso_sources /home/kcw2/data/genome_db/GCF_900636555.1
3546	:	1770321255.101	     0.575	0	54	0	0	write_iso_sources /home/kcw2/data/genome_db/GCF_901543415.1
3548	:	1770321255.130	     0.546	0	54	0	0	write_iso_sources /home/kcw2/data/genome_db/GCF_023611505.1
3547	:	1770321255.119	     0.578	0	54	0	0	write_iso_sources /home/kcw2/data/genome_db/GCF_022749195.1
3535	:	1770321254.927	     0.786	0	54	0	0	write_iso_sources /home/kcw2/data/genome_db/GCF_049942975.1
3537	:	1770321254.947	     0.769	0	54	0	0	write_iso_sources /home/kcw2/data/genome_db/GCF_013137955.1
3541	:	1770321255.009	     0.707	0	54	0	0	write_iso_sources /home/kcw2/data/genome_db/GCF_034013475.1
3550	:	1770321255.157	     0.559	0	54	0	0	write_iso_sources /home/kcw2/data/genome_db/GCF_046531385.1
3533	:	1770321254.904	     0.833	0	54	0	0	write_iso_sources /home/kcw2/data/genome_db/GCF_025561505.1
3540	:	1770321254.988	     0.752	0	54	0	0	write_iso_sources /home/kcw2/data/genome_db/GCF_016067215.1
3543	:	1770321255.054	     0.686	0	54	0	0	write_iso_sources /home/kcw2/data/genome_db/GCF_044795985.1
3534	:	1770321254.915	     0.835	0	54	0	0	write_iso_sources /home/kcw2/data/genome_db/GCF_025561545.1
3549	:	1770321255.143	     0.641	0	54	0	0	write_iso_sources /home/kcw2/data/genome_db/GCF_046531375.1
3555	:	1770321255.243	     0.542	0	54	0	0	write_iso_sources /home/kcw2/data/genome_db/GCF_001272635.1
3542	:	1770321255.039	     0.767	0	54	0	0	write_iso_sources /home/kcw2/data/genome_db/GCF_034016455.1
3554	:	1770321255.212	     0.610	0	54	0	0	write_iso_sources /home/kcw2/data/genome_db/GCF_050227955.1
3551	:	1770321255.170	     0.664	0	54	0	0	write_iso_sources /home/kcw2/data/genome_db/GCF_050220455.1
3539	:	1770321254.969	     0.890	0	54	0	0	write_iso_sources /home/kcw2/data/genome_db/GCF_014217745.1
3557	:	1770321255.267	     0.595	0	54	0	0	write_iso_sources /home/kcw2/data/genome_db/GCF_007724845.1
3552	:	1770321255.182	     0.703	0	54	0	0	write_iso_sources /home/kcw2/data/genome_db/GCF_050220565.1
3558	:	1770321255.280	     0.618	0	54	0	0	write_iso_sources /home/kcw2/data/genome_db/GCF_013488085.1
3559	:	1770321255.293	     0.640	0	54	0	0	write_iso_sources /home/kcw2/data/genome_db/GCF_019297755.1
3556	:	1770321255.256	     0.688	0	54	0	0	write_iso_sources /home/kcw2/data/genome_db/GCF_001572685.1
3561	:	1770321255.346	     0.614	0	54	0	0	write_iso_sources /home/kcw2/data/genome_db/GCF_024206615.1
3562	:	1770321255.363	     0.598	0	54	0	0	write_iso_sources /home/kcw2/data/genome_db/GCF_024206635.1
3560	:	1770321255.317	     0.675	0	54	0	0	write_iso_sources /home/kcw2/data/genome_db/GCF_019856275.1
3564	:	1770321255.388	     0.605	0	54	0	0	write_iso_sources /home/kcw2/data/genome_db/GCF_024583115.1
3565	:	1770321255.407	     0.587	0	54	0	0	write_iso_sources /home/kcw2/data/genome_db/GCF_032230965.1
3563	:	1770321255.375	     0.631	0	54	0	0	write_iso_sources /home/kcw2/data/genome_db/GCF_024583075.1
3544	:	1770321255.069	     0.960	0	54	0	0	write_iso_sources /home/kcw2/data/genome_db/GCF_044987095.1
3553	:	1770321255.195	     0.835	0	54	0	0	write_iso_sources /home/kcw2/data/genome_db/GCF_050226025.1
3570	:	1770321255.493	     0.537	0	54	0	0	write_iso_sources /home/kcw2/data/genome_db/GCF_001008015.1
3536	:	1770321254.935	     1.108	0	54	0	0	write_iso_sources /home/kcw2/data/genome_db/GCF_049942985.1
3567	:	1770321255.446	     0.598	0	54	0	0	write_iso_sources /home/kcw2/data/genome_db/GCF_049166465.1
3572	:	1770321255.540	     0.506	0	54	0	0	write_iso_sources /home/kcw2/data/genome_db/GCF_013307285.1
3573	:	1770321255.554	     0.492	0	54	0	0	write_iso_sources /home/kcw2/data/genome_db/GCF_025739385.1
3566	:	1770321255.424	     0.631	0	54	0	0	write_iso_sources /home/kcw2/data/genome_db/GCF_032230985.1
3571	:	1770321255.513	     0.545	0	54	0	0	write_iso_sources /home/kcw2/data/genome_db/GCF_013307265.1
3568	:	1770321255.459	     0.613	0	54	0	0	write_iso_sources /home/kcw2/data/genome_db/GCF_049166495.1
3569	:	1770321255.479	     0.598	0	54	0	0	write_iso_sources /home/kcw2/data/genome_db/GCF_000971665.1
3575	:	1770321255.605	     0.486	0	54	0	0	write_iso_sources /home/kcw2/data/genome_db/GCF_039783955.1
3574	:	1770321255.567	     0.550	0	54	0	0	write_iso_sources /home/kcw2/data/genome_db/GCF_025948295.1
3577	:	1770321255.660	     0.457	0	54	0	0	write_iso_sources /home/kcw2/data/genome_db/GCF_041514335.1
3576	:	1770321255.623	     0.532	0	54	0	0	write_iso_sources /home/kcw2/data/genome_db/GCF_039784265.1
3578	:	1770321255.676	     0.500	0	54	0	0	write_iso_sources /home/kcw2/data/genome_db/GCF_041514345.1
3579	:	1770321255.696	     0.493	0	54	0	0	write_iso_sources /home/kcw2/data/genome_db/GCF_903886635.1
3583	:	1770321255.751	     0.440	0	54	0	0	write_iso_sources /home/kcw2/data/genome_db/GCF_900475095.1
3580	:	1770321255.713	     0.514	0	54	0	0	write_iso_sources /home/kcw2/data/genome_db/GCF_903886645.1
3582	:	1770321255.738	     0.508	0	54	0	0	write_iso_sources /home/kcw2/data/genome_db/GCF_006739205.1
3584	:	1770321255.763	     0.483	0	54	0	0	write_iso_sources /home/kcw2/data/genome_db/GCF_900636835.1
3585	:	1770321255.784	     0.479	0	54	0	0	write_iso_sources /home/kcw2/data/genome_db/GCF_001592425.1
3587	:	1770321255.822	     0.441	0	54	0	0	write_iso_sources /home/kcw2/data/genome_db/GCF_002812465.1
3581	:	1770321255.726	     0.552	0	54	0	0	write_iso_sources /home/kcw2/data/genome_db/GCF_002995555.1
3591	:	1770321255.884	     0.451	0	54	0	0	write_iso_sources /home/kcw2/data/genome_db/GCF_025402775.1
3589	:	1770321255.860	     0.507	0	54	0	0	write_iso_sources /home/kcw2/data/genome_db/GCF_013414325.1
3588	:	1770321255.834	     0.573	0	54	0	0	write_iso_sources /home/kcw2/data/genome_db/GCF_002812505.1
3586	:	1770321255.806	     0.604	0	54	0	0	write_iso_sources /home/kcw2/data/genome_db/GCF_001683515.1
3590	:	1770321255.873	     0.596	0	54	0	0	write_iso_sources /home/kcw2/data/genome_db/GCF_013786965.1
3594	:	1770321255.922	     0.548	0	54	0	0	write_iso_sources /home/kcw2/data/genome_db/GCF_031202875.1
3596	:	1770321255.944	     0.526	0	54	0	0	write_iso_sources /home/kcw2/data/genome_db/GCF_046529705.1
3595	:	1770321255.932	     0.562	0	54	0	0	write_iso_sources /home/kcw2/data/genome_db/GCF_046529685.1
3598	:	1770321255.974	     0.520	0	54	0	0	write_iso_sources /home/kcw2/data/genome_db/GCF_949788785.1
3597	:	1770321255.959	     0.565	0	54	0	0	write_iso_sources /home/kcw2/data/genome_db/GCF_949788775.1
3593	:	1770321255.911	     0.651	0	54	0	0	write_iso_sources /home/kcw2/data/genome_db/GCF_030489725.1
3599	:	1770321255.991	     0.575	0	54	0	0	write_iso_sources /home/kcw2/data/genome_db/GCF_002813535.1
3600	:	1770321256.006	     0.562	0	54	0	0	write_iso_sources /home/kcw2/data/genome_db/GCF_002813955.1
3592	:	1770321255.897	     0.689	0	54	0	0	write_iso_sources /home/kcw2/data/genome_db/GCF_025808195.1
3601	:	1770321256.044	     0.557	0	54	0	0	write_iso_sources /home/kcw2/data/genome_db/GCF_015839235.1
3609	:	1770321256.147	     0.462	0	54	0	0	write_iso_sources /home/kcw2/data/genome_db/GCF_033096205.1
3602	:	1770321256.055	     0.570	0	54	0	0	write_iso_sources /home/kcw2/data/genome_db/GCF_015839415.1
3612	:	1770321256.176	     0.450	0	54	0	0	write_iso_sources /home/kcw2/data/genome_db/GCF_033152035.1
3604	:	1770321256.090	     0.574	0	54	0	0	write_iso_sources /home/kcw2/data/genome_db/GCF_022068645.1
3605	:	1770321256.101	     0.564	0	54	0	0	write_iso_sources /home/kcw2/data/genome_db/GCF_022070545.1
3603	:	1770321256.073	     0.605	0	54	0	0	write_iso_sources /home/kcw2/data/genome_db/GCF_022068525.1
3608	:	1770321256.137	     0.555	0	54	0	0	write_iso_sources /home/kcw2/data/genome_db/GCF_026683915.1
3611	:	1770321256.166	     0.529	0	54	0	0	write_iso_sources /home/kcw2/data/genome_db/GCF_033151055.1
3613	:	1770321256.190	     0.514	0	54	0	0	write_iso_sources /home/kcw2/data/genome_db/GCF_036323375.1
3606	:	1770321256.116	     0.644	0	54	0	0	write_iso_sources /home/kcw2/data/genome_db/GCF_022070565.1
3607	:	1770321256.127	     0.634	0	54	0	0	write_iso_sources /home/kcw2/data/genome_db/GCF_026625965.1
3614	:	1770321256.203	     0.559	0	54	0	0	write_iso_sources /home/kcw2/data/genome_db/GCF_036509575.1
3615	:	1770321256.212	     0.552	0	54	0	0	write_iso_sources /home/kcw2/data/genome_db/GCF_041154405.1
3610	:	1770321256.155	     0.637	0	54	0	0	write_iso_sources /home/kcw2/data/genome_db/GCF_033096225.1
3616	:	1770321256.227	     0.582	0	54	0	0	write_iso_sources /home/kcw2/data/genome_db/GCF_041228315.1
3617	:	1770321256.246	     0.572	0	54	0	0	write_iso_sources /home/kcw2/data/genome_db/GCF_900618585.1
3620	:	1770321256.289	     0.529	0	54	0	0	write_iso_sources /home/kcw2/data/genome_db/GCF_001023495.1
3621	:	1770321256.300	     0.519	0	54	0	0	write_iso_sources /home/kcw2/data/genome_db/GCF_002557755.1
3625	:	1770321256.348	     0.473	0	54	0	0	write_iso_sources /home/kcw2/data/genome_db/GCF_004154365.1
3626	:	1770321256.367	     0.477	0	54	0	0	write_iso_sources /home/kcw2/data/genome_db/GCF_004154385.1
3628	:	1770321256.394	     0.451	0	54	0	0	write_iso_sources /home/kcw2/data/genome_db/GCF_005163565.1
3619	:	1770321256.278	     0.576	0	54	0	0	write_iso_sources /home/kcw2/data/genome_db/GCF_001021955.1
3618	:	1770321256.262	     0.603	0	54	0	0	write_iso_sources /home/kcw2/data/genome_db/GCF_900622505.2
3627	:	1770321256.382	     0.502	0	54	0	0	write_iso_sources /home/kcw2/data/genome_db/GCF_005163385.1
3622	:	1770321256.312	     0.583	0	54	0	0	write_iso_sources /home/kcw2/data/genome_db/GCF_002844355.1
3623	:	1770321256.326	     0.579	0	54	0	0	write_iso_sources /home/kcw2/data/genome_db/GCF_004153945.1
3624	:	1770321256.336	     0.571	0	54	0	0	write_iso_sources /home/kcw2/data/genome_db/GCF_004153965.1
3630	:	1770321256.428	     0.480	0	54	0	0	write_iso_sources /home/kcw2/data/genome_db/GCF_013306985.1
3632	:	1770321256.454	     0.461	0	54	0	0	write_iso_sources /home/kcw2/data/genome_db/GCF_019342925.1
3629	:	1770321256.408	     0.509	0	54	0	0	write_iso_sources /home/kcw2/data/genome_db/GCF_012572265.1
3633	:	1770321256.469	     0.448	0	54	0	0	write_iso_sources /home/kcw2/data/genome_db/GCF_020827115.1
3631	:	1770321256.441	     0.516	0	54	0	0	write_iso_sources /home/kcw2/data/genome_db/GCF_019342905.1
3634	:	1770321256.493	     0.477	0	54	0	0	write_iso_sources /home/kcw2/data/genome_db/GCF_020827135.1
3635	:	1770321256.525	     0.460	0	54	0	0	write_iso_sources /home/kcw2/data/genome_db/GCF_034436135.1
3636	:	1770321256.563	     0.424	0	54	0	0	write_iso_sources /home/kcw2/data/genome_db/GCF_035918415.1
3637	:	1770321256.587	     0.423	0	54	0	0	write_iso_sources /home/kcw2/data/genome_db/GCF_041071735.1
3639	:	1770321256.610	     0.444	0	54	0	0	write_iso_sources /home/kcw2/data/genome_db/GCF_041430915.1
3638	:	1770321256.600	     0.473	0	54	0	0	write_iso_sources /home/kcw2/data/genome_db/GCF_041071845.1
3641	:	1770321256.638	     0.437	0	54	0	0	write_iso_sources /home/kcw2/data/genome_db/GCF_044361135.1
3644	:	1770321256.692	     0.383	0	54	0	0	write_iso_sources /home/kcw2/data/genome_db/GCF_045690095.1
3645	:	1770321256.705	     0.394	0	54	0	0	write_iso_sources /home/kcw2/data/genome_db/GCF_900474745.1
3643	:	1770321256.678	     0.423	0	54	0	0	write_iso_sources /home/kcw2/data/genome_db/GCF_045690085.1
3640	:	1770321256.625	     0.497	0	54	0	0	write_iso_sources /home/kcw2/data/genome_db/GCF_041430925.1
3642	:	1770321256.663	     0.494	0	54	0	0	write_iso_sources /home/kcw2/data/genome_db/GCF_044361195.1
3647	:	1770321256.737	     0.431	0	54	0	0	write_iso_sources /home/kcw2/data/genome_db/GCF_900475075.1
3650	:	1770321256.792	     0.392	0	54	0	0	write_iso_sources /home/kcw2/data/genome_db/GCF_900475865.1
3646	:	1770321256.719	     0.481	0	54	0	0	write_iso_sources /home/kcw2/data/genome_db/GCF_900474765.1
3649	:	1770321256.776	     0.427	0	54	0	0	write_iso_sources /home/kcw2/data/genome_db/GCF_900475795.1
3648	:	1770321256.760	     0.480	0	54	0	0	write_iso_sources /home/kcw2/data/genome_db/GCF_900475085.1
3653	:	1770321256.845	     0.486	0	54	0	0	write_iso_sources /home/kcw2/data/genome_db/GCF_009738555.1
3655	:	1770321256.866	     0.467	0	54	0	0	write_iso_sources /home/kcw2/data/genome_db/GCF_049393735.1
3656	:	1770321256.884	     0.450	0	54	0	0	write_iso_sources /home/kcw2/data/genome_db/GCF_049393745.1
3657	:	1770321256.896	     0.438	0	54	0	0	write_iso_sources /home/kcw2/data/genome_db/GCF_900475025.1
3651	:	1770321256.810	     0.558	0	54	0	0	write_iso_sources /home/kcw2/data/genome_db/GCF_046603745.1
3654	:	1770321256.855	     0.516	0	54	0	0	write_iso_sources /home/kcw2/data/genome_db/GCF_010993845.2
3659	:	1770321256.916	     0.457	0	54	0	0	write_iso_sources /home/kcw2/data/genome_db/GCF_029223725.1
3652	:	1770321256.832	     0.552	0	54	0	0	write_iso_sources /home/kcw2/data/genome_db/GCF_900187245.1
3658	:	1770321256.906	     0.480	0	54	0	0	write_iso_sources /home/kcw2/data/genome_db/GCF_000831485.1
3660	:	1770321256.929	     0.524	0	54	0	0	write_iso_sources /home/kcw2/data/genome_db/GCF_032880625.1
3665	:	1770321256.998	     0.663	0	54	0	0	write_iso_sources /home/kcw2/data/genome_db/GCF_020844125.1
3664	:	1770321256.986	     0.694	0	54	0	0	write_iso_sources /home/kcw2/data/genome_db/GCF_013344625.1
3670	:	1770321257.073	     0.610	0	54	0	0	write_iso_sources /home/kcw2/data/genome_db/GCF_023299785.1
3662	:	1770321256.957	     0.769	0	54	0	0	write_iso_sources /home/kcw2/data/genome_db/GCF_003345275.1
3663	:	1770321256.970	     0.757	0	54	0	0	write_iso_sources /home/kcw2/data/genome_db/GCF_013344605.1
3669	:	1770321257.053	     0.674	0	54	0	0	write_iso_sources /home/kcw2/data/genome_db/GCF_023299705.1
3666	:	1770321257.010	     0.723	0	54	0	0	write_iso_sources /home/kcw2/data/genome_db/GCF_020881975.1
3661	:	1770321256.940	     0.796	0	54	0	0	write_iso_sources /home/kcw2/data/genome_db/GCF_003030425.1
3672	:	1770321257.099	     0.676	0	54	0	0	write_iso_sources /home/kcw2/data/genome_db/GCF_025958125.1
3677	:	1770321257.157	     0.636	0	54	0	0	write_iso_sources /home/kcw2/data/genome_db/GCF_030064715.1
3671	:	1770321257.091	     0.717	0	54	0	0	write_iso_sources /home/kcw2/data/genome_db/GCF_025958085.1
3668	:	1770321257.040	     0.783	0	54	0	0	write_iso_sources /home/kcw2/data/genome_db/GCF_022648425.1
3667	:	1770321257.030	     0.806	0	54	0	0	write_iso_sources /home/kcw2/data/genome_db/GCF_022648285.1
3674	:	1770321257.122	     0.740	0	54	0	0	write_iso_sources /home/kcw2/data/genome_db/GCF_028335505.1
3673	:	1770321257.110	     0.767	0	54	0	0	write_iso_sources /home/kcw2/data/genome_db/GCF_028335445.1
3676	:	1770321257.145	     0.733	0	54	0	0	write_iso_sources /home/kcw2/data/genome_db/GCF_030020195.1
3678	:	1770321257.169	     0.719	0	54	0	0	write_iso_sources /home/kcw2/data/genome_db/GCF_030264755.1
3675	:	1770321257.134	     0.771	0	54	0	0	write_iso_sources /home/kcw2/data/genome_db/GCF_030020175.1
3682	:	1770321257.223	     0.707	0	54	0	0	write_iso_sources /home/kcw2/data/genome_db/GCF_036268395.1
3679	:	1770321257.185	     0.858	0	54	0	0	write_iso_sources /home/kcw2/data/genome_db/GCF_032680945.1
3681	:	1770321257.211	     0.838	0	54	0	0	write_iso_sources /home/kcw2/data/genome_db/GCF_036266595.1
3683	:	1770321257.241	     0.811	0	54	0	0	write_iso_sources /home/kcw2/data/genome_db/GCF_037238825.1
3680	:	1770321257.201	     0.864	0	54	0	0	write_iso_sources /home/kcw2/data/genome_db/GCF_032680965.1
3691	:	1770321257.354	     0.711	0	54	0	0	write_iso_sources /home/kcw2/data/genome_db/GCF_050507065.1
3686	:	1770321257.280	     0.828	0	54	0	0	write_iso_sources /home/kcw2/data/genome_db/GCF_050426475.1
3684	:	1770321257.250	     0.872	0	54	0	0	write_iso_sources /home/kcw2/data/genome_db/GCF_037482205.1
3685	:	1770321257.262	     0.907	0	54	0	0	write_iso_sources /home/kcw2/data/genome_db/GCF_050425945.1
3690	:	1770321257.332	     0.859	0	54	0	0	write_iso_sources /home/kcw2/data/genome_db/GCF_050506675.1
3695	:	1770321257.413	     0.796	0	54	0	0	write_iso_sources /home/kcw2/data/genome_db/GCF_002850515.1
3699	:	1770321257.510	     0.713	0	54	0	0	write_iso_sources /home/kcw2/data/genome_db/GCF_007923945.2
3687	:	1770321257.290	     0.952	0	54	0	0	write_iso_sources /home/kcw2/data/genome_db/GCF_050475565.1
3689	:	1770321257.315	     0.940	0	54	0	0	write_iso_sources /home/kcw2/data/genome_db/GCF_050506665.1
3694	:	1770321257.397	     0.859	0	54	0	0	write_iso_sources /home/kcw2/data/genome_db/GCF_001953235.1
3688	:	1770321257.301	     0.986	0	54	0	0	write_iso_sources /home/kcw2/data/genome_db/GCF_050475575.1
3696	:	1770321257.453	     0.837	0	54	0	0	write_iso_sources /home/kcw2/data/genome_db/GCF_002880635.1
3698	:	1770321257.499	     0.792	0	54	0	0	write_iso_sources /home/kcw2/data/genome_db/GCF_005886545.1
3700	:	1770321257.537	     0.756	0	54	0	0	write_iso_sources /home/kcw2/data/genome_db/GCF_007923965.2
3693	:	1770321257.384	     0.964	0	54	0	0	write_iso_sources /home/kcw2/data/genome_db/GCF_001895905.1
3697	:	1770321257.481	     0.871	0	54	0	0	write_iso_sources /home/kcw2/data/genome_db/GCF_005576735.1
3692	:	1770321257.368	     0.996	0	54	0	0	write_iso_sources /home/kcw2/data/genome_db/GCF_050507075.1
3706	:	1770321257.661	     0.736	0	54	0	0	write_iso_sources /home/kcw2/data/genome_db/GCF_016415565.1
3702	:	1770321257.575	     0.825	0	54	0	0	write_iso_sources /home/kcw2/data/genome_db/GCF_012933285.2
3712	:	1770321257.793	     0.666	0	54	0	0	write_iso_sources /home/kcw2/data/genome_db/GCF_023375425.1
3709	:	1770321257.726	     0.771	0	54	0	0	write_iso_sources /home/kcw2/data/genome_db/GCF_021713095.1
3701	:	1770321257.558	     0.957	0	54	0	0	write_iso_sources /home/kcw2/data/genome_db/GCF_012933265.2
3703	:	1770321257.600	     0.916	0	54	0	0	write_iso_sources /home/kcw2/data/genome_db/GCF_016406465.1
3704	:	1770321257.616	     0.900	0	54	0	0	write_iso_sources /home/kcw2/data/genome_db/GCF_016406485.1
3705	:	1770321257.638	     0.878	0	54	0	0	write_iso_sources /home/kcw2/data/genome_db/GCF_016415545.1
3708	:	1770321257.705	     0.812	0	54	0	0	write_iso_sources /home/kcw2/data/genome_db/GCF_019175425.1
3711	:	1770321257.774	     0.765	0	54	0	0	write_iso_sources /home/kcw2/data/genome_db/GCF_023375405.1
3715	:	1770321257.836	     0.729	0	54	0	0	write_iso_sources /home/kcw2/data/genome_db/GCF_033246985.1
3707	:	1770321257.680	     0.905	0	54	0	0	write_iso_sources /home/kcw2/data/genome_db/GCF_018517185.1
3710	:	1770321257.751	     0.891	0	54	0	0	write_iso_sources /home/kcw2/data/genome_db/GCF_021899455.1
3716	:	1770321257.862	     0.847	0	54	0	0	write_iso_sources /home/kcw2/data/genome_db/GCF_033247905.1
3719	:	1770321257.905	     0.805	0	54	0	0	write_iso_sources /home/kcw2/data/genome_db/GCF_050320245.1
3713	:	1770321257.808	     0.913	0	54	0	0	write_iso_sources /home/kcw2/data/genome_db/GCF_028335205.1
3718	:	1770321257.888	     0.872	0	54	0	0	write_iso_sources /home/kcw2/data/genome_db/GCF_040372185.1
3714	:	1770321257.823	     0.965	0	54	0	0	write_iso_sources /home/kcw2/data/genome_db/GCF_028335225.1
3717	:	1770321257.877	     0.941	0	54	0	0	write_iso_sources /home/kcw2/data/genome_db/GCF_040369085.1
3725	:	1770321257.983	     0.836	0	54	0	0	write_iso_sources /home/kcw2/data/genome_db/GCF_023375325.1
3728	:	1770321258.064	     0.759	0	54	0	0	write_iso_sources /home/kcw2/data/genome_db/GCF_025913615.1
3743	:	1770321258.328	     0.513	0	54	0	0	write_iso_sources /home/kcw2/data/genome_db/GCF_020097455.1
3742	:	1770321258.310	     0.538	0	54	0	0	write_iso_sources /home/kcw2/data/genome_db/GCF_038380565.1
3744	:	1770321258.337	     0.512	0	54	0	0	write_iso_sources /home/kcw2/data/genome_db/GCF_900638055.1
3723	:	1770321257.959	     0.919	0	54	0	0	write_iso_sources /home/kcw2/data/genome_db/GCF_900639615.1
3731	:	1770321258.108	     0.773	0	54	0	0	write_iso_sources /home/kcw2/data/genome_db/GCF_038721235.1
3720	:	1770321257.919	     0.965	0	54	0	0	write_iso_sources /home/kcw2/data/genome_db/GCF_050563495.1
3727	:	1770321258.043	     0.861	0	54	0	0	write_iso_sources /home/kcw2/data/genome_db/GCF_023375305.1
3724	:	1770321257.970	     0.950	0	54	0	0	write_iso_sources /home/kcw2/data/genome_db/GCF_900639625.1
3736	:	1770321258.209	     0.722	0	54	0	0	write_iso_sources /home/kcw2/data/genome_db/GCF_044361225.1
3730	:	1770321258.095	     0.851	0	54	0	0	write_iso_sources /home/kcw2/data/genome_db/GCF_020221755.1
3733	:	1770321258.139	     0.809	0	54	0	0	write_iso_sources /home/kcw2/data/genome_db/GCF_003966935.1
3734	:	1770321258.169	     0.781	0	54	0	0	write_iso_sources /home/kcw2/data/genome_db/GCF_012689565.1
3741	:	1770321258.288	     0.661	0	54	0	0	write_iso_sources /home/kcw2/data/genome_db/GCF_037892105.1
3732	:	1770321258.123	     0.838	0	54	0	0	write_iso_sources /home/kcw2/data/genome_db/GCF_040027695.1
3739	:	1770321258.255	     0.715	0	54	0	0	write_iso_sources /home/kcw2/data/genome_db/GCF_044365715.1
3722	:	1770321257.945	     1.038	0	54	0	0	write_iso_sources /home/kcw2/data/genome_db/GCF_900639395.1
3729	:	1770321258.075	     0.917	0	54	0	0	write_iso_sources /home/kcw2/data/genome_db/GCF_016649195.2
3738	:	1770321258.234	     0.769	0	54	0	0	write_iso_sources /home/kcw2/data/genome_db/GCF_017821195.2
3735	:	1770321258.191	     0.831	0	54	0	0	write_iso_sources /home/kcw2/data/genome_db/GCF_044360705.1
3721	:	1770321257.930	     1.102	0	54	0	0	write_iso_sources /home/kcw2/data/genome_db/GCF_900639385.1
3737	:	1770321258.224	     0.809	0	54	0	0	write_iso_sources /home/kcw2/data/genome_db/GCF_016952955.2
3740	:	1770321258.271	     0.787	0	54	0	0	write_iso_sources /home/kcw2/data/genome_db/GCF_044866795.1
3726	:	1770321258.005	     1.126	0	54	0	0	write_iso_sources /home/kcw2/data/genome_db/GCF_025263125.1
3746	:	1770321258.365	     0.944	0	54	0	0	write_iso_sources /home/kcw2/data/genome_db/GCF_008808015.1
3747	:	1770321258.375	     0.960	0	54	0	0	write_iso_sources /home/kcw2/data/genome_db/GCF_019880325.1
3749	:	1770321258.411	     0.944	0	54	0	0	write_iso_sources /home/kcw2/data/genome_db/GCF_030369895.1
3748	:	1770321258.398	     0.977	0	54	0	0	write_iso_sources /home/kcw2/data/genome_db/GCF_019880425.1
3745	:	1770321258.349	     1.045	0	54	0	0	write_iso_sources /home/kcw2/data/genome_db/GCF_008534375.1
3752	:	1770321258.514	     0.916	0	54	0	0	write_iso_sources /home/kcw2/data/genome_db/GCF_050410745.1
3750	:	1770321258.424	     1.045	0	54	0	0	write_iso_sources /home/kcw2/data/genome_db/GCF_030369915.1
3751	:	1770321258.472	     1.047	0	54	0	0	write_iso_sources /home/kcw2/data/genome_db/GCF_049677765.1
3753	:	1770321258.539	     1.157	0	54	0	0	write_iso_sources /home/kcw2/data/genome_db/GCF_001683065.1
3756	:	1770321258.599	     1.272	0	54	0	0	write_iso_sources /home/kcw2/data/genome_db/GCF_006742565.1
3754	:	1770321258.564	     1.330	0	54	0	0	write_iso_sources /home/kcw2/data/genome_db/GCF_001683095.1
3777	:	1770321258.993	     0.973	0	54	0	0	write_iso_sources /home/kcw2/data/genome_db/GCF_002946455.1
3755	:	1770321258.586	     1.430	0	54	0	0	write_iso_sources /home/kcw2/data/genome_db/GCF_006088855.1
3778	:	1770321259.003	     1.026	0	54	0	0	write_iso_sources /home/kcw2/data/genome_db/GCF_003184245.1
3757	:	1770321258.624	     1.419	0	54	0	0	write_iso_sources /home/kcw2/data/genome_db/GCF_022220665.1
3758	:	1770321258.641	     1.404	0	54	0	0	write_iso_sources /home/kcw2/data/genome_db/GCF_022220685.1
3762	:	1770321258.721	     1.325	0	54	0	0	write_iso_sources /home/kcw2/data/genome_db/GCF_039639765.1
3765	:	1770321258.787	     1.259	0	54	0	0	write_iso_sources /home/kcw2/data/genome_db/GCF_004006495.1
3764	:	1770321258.757	     1.325	0	54	0	0	write_iso_sources /home/kcw2/data/genome_db/GCF_000978375.1
3766	:	1770321258.818	     1.266	0	54	0	0	write_iso_sources /home/kcw2/data/genome_db/GCF_004771155.1
3760	:	1770321258.692	     1.411	0	54	0	0	write_iso_sources /home/kcw2/data/genome_db/GCF_022221325.1
3761	:	1770321258.709	     1.398	0	54	0	0	write_iso_sources /home/kcw2/data/genome_db/GCF_039639755.1
3763	:	1770321258.743	     1.368	0	54	0	0	write_iso_sources /home/kcw2/data/genome_db/GCF_000835185.1
3759	:	1770321258.681	     1.473	0	54	0	0	write_iso_sources /home/kcw2/data/genome_db/GCF_022221305.1
3768	:	1770321258.862	     1.296	0	54	0	0	write_iso_sources /home/kcw2/data/genome_db/GCF_013394245.1
3781	:	1770321259.045	     1.113	0	54	0	0	write_iso_sources /home/kcw2/data/genome_db/GCF_004103575.1
3770	:	1770321258.905	     1.275	0	54	0	0	write_iso_sources /home/kcw2/data/genome_db/GCF_021655035.1
3783	:	1770321259.070	     1.121	0	54	0	0	write_iso_sources /home/kcw2/data/genome_db/GCF_034478925.1
3782	:	1770321259.058	     1.211	0	54	0	0	write_iso_sources /home/kcw2/data/genome_db/GCF_004119755.1
3784	:	1770321259.081	     1.205	0	54	0	0	write_iso_sources /home/kcw2/data/genome_db/GCF_036419095.1
3769	:	1770321258.878	     1.427	0	54	0	0	write_iso_sources /home/kcw2/data/genome_db/GCF_021655015.1
3771	:	1770321258.919	     1.388	0	54	0	0	write_iso_sources /home/kcw2/data/genome_db/GCF_024498915.1
3773	:	1770321258.946	     1.360	0	54	0	0	write_iso_sources /home/kcw2/data/genome_db/GCF_032145515.1
3779	:	1770321259.021	     1.287	0	54	0	0	write_iso_sources /home/kcw2/data/genome_db/GCF_044790175.1
3780	:	1770321259.033	     1.290	0	54	0	0	write_iso_sources /home/kcw2/data/genome_db/GCF_044793645.1
3767	:	1770321258.842	     1.556	0	54	0	0	write_iso_sources /home/kcw2/data/genome_db/GCF_013284505.2
3775	:	1770321258.971	     1.430	0	54	0	0	write_iso_sources /home/kcw2/data/genome_db/GCF_049902105.1
3772	:	1770321258.932	     1.494	0	54	0	0	write_iso_sources /home/kcw2/data/genome_db/GCF_024584625.1
3776	:	1770321258.983	     1.445	0	54	0	0	write_iso_sources /home/kcw2/data/genome_db/GCF_049902115.1
3788	:	1770321259.131	     1.299	0	54	0	0	write_iso_sources /home/kcw2/data/genome_db/GCF_029537115.1
3786	:	1770321259.102	     1.359	0	54	0	0	write_iso_sources /home/kcw2/data/genome_db/GCF_015582655.1
3774	:	1770321258.961	     1.536	0	54	0	0	write_iso_sources /home/kcw2/data/genome_db/GCF_032595315.1
3792	:	1770321259.208	     1.308	0	54	0	0	write_iso_sources /home/kcw2/data/genome_db/GCF_018739685.1
3791	:	1770321259.193	     1.342	0	54	0	0	write_iso_sources /home/kcw2/data/genome_db/GCF_018739665.1
3787	:	1770321259.119	     1.434	0	54	0	0	write_iso_sources /home/kcw2/data/genome_db/GCF_029536995.1
3790	:	1770321259.168	     1.413	0	54	0	0	write_iso_sources /home/kcw2/data/genome_db/GCF_050208505.1
3789	:	1770321259.143	     1.457	0	54	0	0	write_iso_sources /home/kcw2/data/genome_db/GCF_049532695.1
3785	:	1770321259.091	     1.528	0	54	0	0	write_iso_sources /home/kcw2/data/genome_db/GCF_013458535.1
3794	:	1770321259.352	     1.339	0	54	0	0	write_iso_sources /home/kcw2/data/genome_db/GCF_022532085.1
3800	:	1770321259.546	     1.148	0	54	0	0	write_iso_sources /home/kcw2/data/genome_db/GCF_030167015.1
3799	:	1770321259.483	     1.230	0	54	0	0	write_iso_sources /home/kcw2/data/genome_db/GCF_030122825.1
3796	:	1770321259.394	     1.373	0	54	0	0	write_iso_sources /home/kcw2/data/genome_db/GCF_014854715.1
3793	:	1770321259.328	     1.464	0	54	0	0	write_iso_sources /home/kcw2/data/genome_db/GCF_018751995.1
3795	:	1770321259.371	     1.468	0	54	0	0	write_iso_sources /home/kcw2/data/genome_db/GCF_006274405.1
3797	:	1770321259.410	     1.468	0	54	0	0	write_iso_sources /home/kcw2/data/genome_db/GCF_033439195.1
3801	:	1770321259.717	     1.282	0	54	0	0	write_iso_sources /home/kcw2/data/genome_db/GCF_001598075.1
3804	:	1770321259.982	     1.039	0	54	0	0	write_iso_sources /home/kcw2/data/genome_db/GCF_002216085.1
3806	:	1770321260.043	     1.003	0	54	0	0	write_iso_sources /home/kcw2/data/genome_db/GCF_004119555.1
3803	:	1770321259.909	     1.170	0	54	0	0	write_iso_sources /home/kcw2/data/genome_db/GCF_002202055.1
3798	:	1770321259.448	     1.644	0	54	0	0	write_iso_sources /home/kcw2/data/genome_db/GCF_034085295.1
3802	:	1770321259.894	     1.200	0	54	0	0	write_iso_sources /home/kcw2/data/genome_db/GCF_001629735.1
3807	:	1770321260.062	     1.149	0	54	0	0	write_iso_sources /home/kcw2/data/genome_db/GCF_009662155.1
3805	:	1770321260.029	     1.201	0	54	0	0	write_iso_sources /home/kcw2/data/genome_db/GCF_004119535.1
3808	:	1770321260.082	     1.150	0	54	0	0	write_iso_sources /home/kcw2/data/genome_db/GCF_009662175.1
3816	:	1770321260.212	     1.035	0	54	0	0	write_iso_sources /home/kcw2/data/genome_db/GCF_024917175.1
3809	:	1770321260.103	     1.176	0	54	0	0	write_iso_sources /home/kcw2/data/genome_db/GCF_009913535.1
3814	:	1770321260.191	     1.092	0	54	0	0	write_iso_sources /home/kcw2/data/genome_db/GCF_023369715.1
3817	:	1770321260.224	     1.082	0	54	0	0	write_iso_sources /home/kcw2/data/genome_db/GCF_029027845.1
3818	:	1770321260.234	     1.072	0	54	0	0	write_iso_sources /home/kcw2/data/genome_db/GCF_029536775.2
3810	:	1770321260.132	     1.203	0	54	0	0	write_iso_sources /home/kcw2/data/genome_db/GCF_009913555.1
3811	:	1770321260.155	     1.194	0	54	0	0	write_iso_sources /home/kcw2/data/genome_db/GCF_019704375.1
3812	:	1770321260.170	     1.181	0	54	0	0	write_iso_sources /home/kcw2/data/genome_db/GCF_019704395.1
3813	:	1770321260.180	     1.172	0	54	0	0	write_iso_sources /home/kcw2/data/genome_db/GCF_023078435.1
3819	:	1770321260.246	     1.108	0	54	0	0	write_iso_sources /home/kcw2/data/genome_db/GCF_030643765.1
3822	:	1770321260.305	     1.049	0	54	0	0	write_iso_sources /home/kcw2/data/genome_db/GCF_037201935.1
3820	:	1770321260.269	     1.118	0	54	0	0	write_iso_sources /home/kcw2/data/genome_db/GCF_030643845.1
3821	:	1770321260.286	     1.104	0	54	0	0	write_iso_sources /home/kcw2/data/genome_db/GCF_037201685.1
3830	:	1770321260.446	     0.944	0	54	0	0	write_iso_sources /home/kcw2/data/genome_db/GCF_022846475.1
3824	:	1770321260.341	     1.088	0	54	0	0	write_iso_sources /home/kcw2/data/genome_db/GCF_040616335.1
3815	:	1770321260.202	     1.267	0	54	0	0	write_iso_sources /home/kcw2/data/genome_db/GCF_024802585.1
3823	:	1770321260.323	     1.148	0	54	0	0	write_iso_sources /home/kcw2/data/genome_db/GCF_040571395.1
3826	:	1770321260.375	     1.096	0	54	0	0	write_iso_sources /home/kcw2/data/genome_db/GCF_046840395.1
3828	:	1770321260.412	     1.081	0	54	0	0	write_iso_sources /home/kcw2/data/genome_db/GCF_905311405.2
3829	:	1770321260.426	     1.081	0	54	0	0	write_iso_sources /home/kcw2/data/genome_db/GCF_001902495.1
3827	:	1770321260.399	     1.121	0	54	0	0	write_iso_sources /home/kcw2/data/genome_db/GCF_905311385.2
3838	:	1770321260.592	     1.003	0	54	0	0	write_iso_sources /home/kcw2/data/genome_db/GCF_018140555.1
3825	:	1770321260.358	     1.269	0	54	0	0	write_iso_sources /home/kcw2/data/genome_db/GCF_046529535.1
3836	:	1770321260.553	     1.130	0	54	0	0	write_iso_sources /home/kcw2/data/genome_db/GCF_046619515.1
3846	:	1770321260.853	     0.851	0	54	0	0	write_iso_sources /home/kcw2/data/genome_db/GCF_017100085.1
3837	:	1770321260.564	     1.164	0	54	0	0	write_iso_sources /home/kcw2/data/genome_db/GCF_002243495.1
3841	:	1770321260.712	     1.067	0	54	0	0	write_iso_sources /home/kcw2/data/genome_db/GCF_021391295.1
3844	:	1770321260.786	     1.009	0	54	0	0	write_iso_sources /home/kcw2/data/genome_db/GCF_002866045.1
3843	:	1770321260.750	     1.076	0	54	0	0	write_iso_sources /home/kcw2/data/genome_db/GCF_002865885.1
3831	:	1770321260.461	     1.384	0	54	0	0	write_iso_sources /home/kcw2/data/genome_db/GCF_002222555.1
3845	:	1770321260.806	     1.040	0	54	0	0	write_iso_sources /home/kcw2/data/genome_db/GCF_016838665.1
3839	:	1770321260.619	     1.342	0	54	0	0	write_iso_sources /home/kcw2/data/genome_db/GCF_033192675.1
3842	:	1770321260.730	     1.247	0	54	0	0	write_iso_sources /home/kcw2/data/genome_db/GCF_030122745.1
3832	:	1770321260.479	     1.536	0	54	0	0	write_iso_sources /home/kcw2/data/genome_db/GCF_003054785.2
3840	:	1770321260.631	     1.399	0	54	0	0	write_iso_sources /home/kcw2/data/genome_db/GCF_041529965.1
3849	:	1770321261.047	     1.045	0	54	0	0	write_iso_sources /home/kcw2/data/genome_db/GCF_002812645.1
3835	:	1770321260.528	     1.587	0	54	0	0	write_iso_sources /home/kcw2/data/genome_db/GCF_046619495.1
3833	:	1770321260.491	     1.657	0	54	0	0	write_iso_sources /home/kcw2/data/genome_db/GCF_020809205.1
3847	:	1770321260.895	     1.279	0	54	0	0	write_iso_sources /home/kcw2/data/genome_db/GCF_013112415.1
3851	:	1770321261.091	     1.107	0	54	0	0	write_iso_sources /home/kcw2/data/genome_db/GCF_003481905.1
3852	:	1770321261.111	     1.098	0	54	0	0	write_iso_sources /home/kcw2/data/genome_db/GCF_003481965.1
3850	:	1770321261.069	     1.174	0	54	0	0	write_iso_sources /home/kcw2/data/genome_db/GCF_002945415.1
3859	:	1770321261.335	     0.924	0	54	0	0	write_iso_sources /home/kcw2/data/genome_db/GCF_034272815.1
3855	:	1770321261.247	     1.016	0	54	0	0	write_iso_sources /home/kcw2/data/genome_db/GCF_018603475.1
3854	:	1770321261.230	     1.086	0	54	0	0	write_iso_sources /home/kcw2/data/genome_db/GCF_015351935.2
3834	:	1770321260.511	     1.808	0	54	0	0	write_iso_sources /home/kcw2/data/genome_db/GCF_020809245.1
3864	:	1770321261.429	     0.894	0	54	0	0	write_iso_sources /home/kcw2/data/genome_db/GCF_037931105.1
3853	:	1770321261.127	     1.237	0	54	0	0	write_iso_sources /home/kcw2/data/genome_db/GCF_015238635.1
3860	:	1770321261.350	     1.017	0	54	0	0	write_iso_sources /home/kcw2/data/genome_db/GCF_034273595.1
3861	:	1770321261.374	     0.993	0	54	0	0	write_iso_sources /home/kcw2/data/genome_db/GCF_037919795.1
3848	:	1770321261.022	     1.356	0	54	0	0	write_iso_sources /home/kcw2/data/genome_db/GCF_014131795.1
3865	:	1770321261.447	     0.960	0	54	0	0	write_iso_sources /home/kcw2/data/genome_db/GCF_048684825.1
3863	:	1770321261.407	     1.004	0	54	0	0	write_iso_sources /home/kcw2/data/genome_db/GCF_037930425.1
3858	:	1770321261.320	     1.101	0	54	0	0	write_iso_sources /home/kcw2/data/genome_db/GCF_022695655.1
3870	:	1770321261.537	     0.886	0	54	0	0	write_iso_sources /home/kcw2/data/genome_db/GCF_020138355.1
3856	:	1770321261.279	     1.157	0	54	0	0	write_iso_sources /home/kcw2/data/genome_db/GCF_018884605.1
3871	:	1770321261.564	     0.883	0	54	0	0	write_iso_sources /home/kcw2/data/genome_db/GCF_020138755.1
3869	:	1770321261.520	     0.950	0	54	0	0	write_iso_sources /home/kcw2/data/genome_db/GCF_020138335.1
3857	:	1770321261.305	     1.197	0	54	0	0	write_iso_sources /home/kcw2/data/genome_db/GCF_020097215.1
3862	:	1770321261.388	     1.117	0	54	0	0	write_iso_sources /home/kcw2/data/genome_db/GCF_037920055.1
3868	:	1770321261.507	     0.999	0	54	0	0	write_iso_sources /home/kcw2/data/genome_db/GCF_951803555.1
3881	:	1770321261.715	     0.792	0	54	0	0	write_iso_sources /home/kcw2/data/genome_db/GCF_029636225.1
3866	:	1770321261.469	     1.053	0	54	0	0	write_iso_sources /home/kcw2/data/genome_db/GCF_048684835.1
3872	:	1770321261.583	     0.942	0	54	0	0	write_iso_sources /home/kcw2/data/genome_db/GCF_020138775.1
3876	:	1770321261.642	     0.893	0	54	0	0	write_iso_sources /home/kcw2/data/genome_db/GCF_037499725.1
3889	:	1770321261.994	     0.544	0	54	0	0	write_iso_sources /home/kcw2/data/genome_db/GCF_002286215.1
3867	:	1770321261.493	     1.060	0	54	0	0	write_iso_sources /home/kcw2/data/genome_db/GCF_902386365.1
3879	:	1770321261.682	     0.873	0	54	0	0	write_iso_sources /home/kcw2/data/genome_db/GCF_030664715.1
3873	:	1770321261.595	     0.976	0	54	0	0	write_iso_sources /home/kcw2/data/genome_db/GCF_029541585.1
3890	:	1770321262.031	     0.541	0	54	0	0	write_iso_sources /home/kcw2/data/genome_db/GCF_003047065.1
3877	:	1770321261.652	     0.937	0	54	0	0	write_iso_sources /home/kcw2/data/genome_db/GCF_037518545.1
3874	:	1770321261.615	     0.976	0	54	0	0	write_iso_sources /home/kcw2/data/genome_db/GCF_029580675.1
3885	:	1770321261.845	     0.770	0	54	0	0	write_iso_sources /home/kcw2/data/genome_db/GCF_037477955.1
3880	:	1770321261.699	     0.928	0	54	0	0	write_iso_sources /home/kcw2/data/genome_db/GCF_002865995.1
3878	:	1770321261.668	     0.960	0	54	0	0	write_iso_sources /home/kcw2/data/genome_db/GCF_037520035.1
3882	:	1770321261.742	     0.886	0	54	0	0	write_iso_sources /home/kcw2/data/genome_db/GCF_033127885.1
3886	:	1770321261.863	     0.767	0	54	0	0	write_iso_sources /home/kcw2/data/genome_db/GCF_037477965.1
3883	:	1770321261.792	     0.846	0	54	0	0	write_iso_sources /home/kcw2/data/genome_db/GCF_047783195.1
3891	:	1770321262.045	     0.656	0	54	0	0	write_iso_sources /home/kcw2/data/genome_db/GCF_001676805.1
3892	:	1770321262.104	     0.625	0	54	0	0	write_iso_sources /home/kcw2/data/genome_db/GCF_002117325.1
3875	:	1770321261.627	     1.103	0	54	0	0	write_iso_sources /home/kcw2/data/genome_db/GCF_037498835.1
3897	:	1770321262.222	     0.539	0	54	0	0	write_iso_sources /home/kcw2/data/genome_db/GCF_024665995.1
3888	:	1770321261.978	     0.794	0	54	0	0	write_iso_sources /home/kcw2/data/genome_db/GCF_046603945.1
3896	:	1770321262.210	     0.562	0	54	0	0	write_iso_sources /home/kcw2/data/genome_db/GCF_004771295.1
3898	:	1770321262.260	     0.545	0	54	0	0	write_iso_sources /home/kcw2/data/genome_db/GCF_035757545.1
3887	:	1770321261.888	     0.944	0	54	0	0	write_iso_sources /home/kcw2/data/genome_db/GCF_042854125.1
3893	:	1770321262.135	     0.697	0	54	0	0	write_iso_sources /home/kcw2/data/genome_db/GCF_037201785.1
3895	:	1770321262.190	     0.644	0	54	0	0	write_iso_sources /home/kcw2/data/genome_db/GCF_004771075.1
3899	:	1770321262.279	     0.611	0	54	0	0	write_iso_sources /home/kcw2/data/genome_db/GCF_015709185.1
3894	:	1770321262.159	     0.759	0	54	0	0	write_iso_sources /home/kcw2/data/genome_db/GCF_039880275.1
3900	:	1770321262.313	     0.719	0	54	0	0	write_iso_sources /home/kcw2/data/genome_db/GCF_018408455.1
3906	:	1770321262.407	     0.804	0	54	0	0	write_iso_sources /home/kcw2/data/genome_db/GCF_002749655.1
3910	:	1770321262.459	     0.785	0	54	0	0	write_iso_sources /home/kcw2/data/genome_db/GCF_004328745.1
3911	:	1770321262.470	     0.793	0	54	0	0	write_iso_sources /home/kcw2/data/genome_db/GCF_009937825.1
3902	:	1770321262.355	     0.925	0	54	0	0	write_iso_sources /home/kcw2/data/genome_db/GCF_025398935.1
3907	:	1770321262.422	     0.875	0	54	0	0	write_iso_sources /home/kcw2/data/genome_db/GCF_003611015.1
3914	:	1770321262.535	     0.777	0	54	0	0	write_iso_sources /home/kcw2/data/genome_db/GCF_016775685.1
3901	:	1770321262.345	     0.986	0	54	0	0	write_iso_sources /home/kcw2/data/genome_db/GCF_023972895.1
3905	:	1770321262.395	     0.940	0	54	0	0	write_iso_sources /home/kcw2/data/genome_db/GCF_002576835.1
3908	:	1770321262.435	     0.911	0	54	0	0	write_iso_sources /home/kcw2/data/genome_db/GCF_003627335.1
3903	:	1770321262.365	     0.996	0	54	0	0	write_iso_sources /home/kcw2/data/genome_db/GCF_001704315.1
3904	:	1770321262.379	     1.000	0	54	0	0	write_iso_sources /home/kcw2/data/genome_db/GCF_001704335.1
3931	:	1770321262.760	     0.620	0	54	0	0	write_iso_sources /home/kcw2/data/genome_db/GCF_020995385.1
3912	:	1770321262.503	     0.902	0	54	0	0	write_iso_sources /home/kcw2/data/genome_db/GCF_010092485.1
3916	:	1770321262.571	     0.837	0	54	0	0	write_iso_sources /home/kcw2/data/genome_db/GCF_022810685.1
3909	:	1770321262.447	     0.994	0	54	0	0	write_iso_sources /home/kcw2/data/genome_db/GCF_004319665.1
3913	:	1770321262.523	     0.920	0	54	0	0	write_iso_sources /home/kcw2/data/genome_db/GCF_016598735.1
3926	:	1770321262.693	     0.750	0	54	0	0	write_iso_sources /home/kcw2/data/genome_db/GCF_040435965.1
3915	:	1770321262.554	     0.913	0	54	0	0	write_iso_sources /home/kcw2/data/genome_db/GCF_022558425.1
3884	:	1770321261.811	     1.658	0	54	0	0	write_iso_sources /home/kcw2/data/genome_db/GCF_000833105.2
3919	:	1770321262.615	     0.855	0	54	0	0	write_iso_sources /home/kcw2/data/genome_db/GCF_028869445.1
3932	:	1770321262.772	     0.699	0	54	0	0	write_iso_sources /home/kcw2/data/genome_db/GCF_029010235.1
3918	:	1770321262.604	     0.894	0	54	0	0	write_iso_sources /home/kcw2/data/genome_db/GCF_024970125.1
3920	:	1770321262.627	     0.925	0	54	0	0	write_iso_sources /home/kcw2/data/genome_db/GCF_029542245.1
3921	:	1770321262.639	     0.916	0	54	0	0	write_iso_sources /home/kcw2/data/genome_db/GCF_031596315.1
3925	:	1770321262.684	     0.872	0	54	0	0	write_iso_sources /home/kcw2/data/genome_db/GCF_040356725.1
3933	:	1770321262.785	     0.793	0	54	0	0	write_iso_sources /home/kcw2/data/genome_db/GCF_001514415.1
3937	:	1770321262.854	     0.725	0	54	0	0	write_iso_sources /home/kcw2/data/genome_db/GCF_032466015.1
3917	:	1770321262.589	     1.029	0	54	0	0	write_iso_sources /home/kcw2/data/genome_db/GCF_024969905.1
3927	:	1770321262.702	     0.921	0	54	0	0	write_iso_sources /home/kcw2/data/genome_db/GCF_045159745.1
3946	:	1770321262.991	     0.633	0	54	0	0	write_iso_sources /home/kcw2/data/genome_db/GCF_003627875.1
3922	:	1770321262.651	     0.990	0	54	0	0	write_iso_sources /home/kcw2/data/genome_db/GCF_031597175.1
3940	:	1770321262.891	     0.753	0	54	0	0	write_iso_sources /home/kcw2/data/genome_db/GCF_046581445.1
3923	:	1770321262.662	     0.998	0	54	0	0	write_iso_sources /home/kcw2/data/genome_db/GCF_036287535.1
3924	:	1770321262.676	     0.986	0	54	0	0	write_iso_sources /home/kcw2/data/genome_db/GCF_036321505.1
3935	:	1770321262.832	     0.832	0	54	0	0	write_iso_sources /home/kcw2/data/genome_db/GCF_015377585.1
3938	:	1770321262.867	     0.798	0	54	0	0	write_iso_sources /home/kcw2/data/genome_db/GCF_034079445.1
3941	:	1770321262.903	     0.763	0	54	0	0	write_iso_sources /home/kcw2/data/genome_db/GCF_013487925.1
3934	:	1770321262.805	     0.861	0	54	0	0	write_iso_sources /home/kcw2/data/genome_db/GCF_002079285.1
3943	:	1770321262.936	     0.731	0	54	0	0	write_iso_sources /home/kcw2/data/genome_db/GCF_033570435.1
3947	:	1770321263.052	     0.616	0	54	0	0	write_iso_sources /home/kcw2/data/genome_db/GCF_049942715.1
3942	:	1770321262.918	     0.750	0	54	0	0	write_iso_sources /home/kcw2/data/genome_db/GCF_013694365.1
3928	:	1770321262.710	     0.971	0	54	0	0	write_iso_sources /home/kcw2/data/genome_db/GCF_045348015.1
3930	:	1770321262.747	     0.936	0	54	0	0	write_iso_sources /home/kcw2/data/genome_db/GCF_049330845.1
3939	:	1770321262.879	     0.805	0	54	0	0	write_iso_sources /home/kcw2/data/genome_db/GCF_046581435.1
3929	:	1770321262.729	     0.962	0	54	0	0	write_iso_sources /home/kcw2/data/genome_db/GCF_049241955.1
3944	:	1770321262.960	     0.769	0	54	0	0	write_iso_sources /home/kcw2/data/genome_db/GCF_034259105.1
3945	:	1770321262.974	     0.756	0	54	0	0	write_iso_sources /home/kcw2/data/genome_db/GCF_003627315.1
3936	:	1770321262.844	     0.896	0	54	0	0	write_iso_sources /home/kcw2/data/genome_db/GCF_017638905.1
3948	:	1770321263.229	     0.550	0	54	0	0	write_iso_sources /home/kcw2/data/genome_db/GCF_900234345.1
3949	:	1770321263.258	     0.524	0	54	0	0	write_iso_sources /home/kcw2/data/genome_db/GCF_009933595.1
3951	:	1770321263.296	     0.529	0	54	0	0	write_iso_sources /home/kcw2/data/genome_db/GCF_004063635.1
3950	:	1770321263.280	     0.565	0	54	0	0	write_iso_sources /home/kcw2/data/genome_db/GCF_030062395.1
3953	:	1770321263.332	     0.514	0	54	0	0	write_iso_sources /home/kcw2/data/genome_db/GCF_024637935.1
3952	:	1770321263.306	     0.542	0	54	0	0	write_iso_sources /home/kcw2/data/genome_db/GCF_008802915.1
3955	:	1770321263.361	     0.487	0	54	0	0	write_iso_sources /home/kcw2/data/genome_db/GCF_035621415.1
3954	:	1770321263.346	     0.536	0	54	0	0	write_iso_sources /home/kcw2/data/genome_db/GCF_024665195.1
3956	:	1770321263.378	     0.509	0	54	0	0	write_iso_sources /home/kcw2/data/genome_db/GCF_036784755.1
3959	:	1770321263.441	     0.456	0	54	0	0	write_iso_sources /home/kcw2/data/genome_db/GCF_024466835.1
3962	:	1770321263.485	     0.450	0	54	0	0	write_iso_sources /home/kcw2/data/genome_db/GCF_900094615.1
3957	:	1770321263.406	     0.547	0	54	0	0	write_iso_sources /home/kcw2/data/genome_db/GCF_030295135.1
3961	:	1770321263.467	     0.532	0	54	0	0	write_iso_sources /home/kcw2/data/genome_db/GCF_049532915.1
3958	:	1770321263.425	     0.592	0	54	0	0	write_iso_sources /home/kcw2/data/genome_db/GCF_033405435.1
3960	:	1770321263.457	     0.605	0	54	0	0	write_iso_sources /home/kcw2/data/genome_db/GCF_024637975.1
3965	:	1770321263.543	     0.648	0	54	0	0	write_iso_sources /home/kcw2/data/genome_db/GCF_001027165.1
3963	:	1770321263.499	     0.698	0	54	0	0	write_iso_sources /home/kcw2/data/genome_db/GCF_045288005.1
3967	:	1770321263.567	     0.688	0	54	0	0	write_iso_sources /home/kcw2/data/genome_db/GCF_001889645.2
3964	:	1770321263.515	     0.742	0	54	0	0	write_iso_sources /home/kcw2/data/genome_db/GCF_000438585.1
3971	:	1770321263.642	     0.673	0	54	0	0	write_iso_sources /home/kcw2/data/genome_db/GCF_002969195.1
3975	:	1770321263.700	     0.629	0	54	0	0	write_iso_sources /home/kcw2/data/genome_db/GCF_009730635.1
3968	:	1770321263.579	     0.753	0	54	0	0	write_iso_sources /home/kcw2/data/genome_db/GCF_001908335.2
3973	:	1770321263.682	     0.654	0	54	0	0	write_iso_sources /home/kcw2/data/genome_db/GCF_004142705.1
3966	:	1770321263.553	     0.822	0	54	0	0	write_iso_sources /home/kcw2/data/genome_db/GCF_001027205.1
3970	:	1770321263.617	     0.773	0	54	0	0	write_iso_sources /home/kcw2/data/genome_db/GCF_002103235.2
3974	:	1770321263.692	     0.700	0	54	0	0	write_iso_sources /home/kcw2/data/genome_db/GCF_004768685.1
3969	:	1770321263.597	     0.817	0	54	0	0	write_iso_sources /home/kcw2/data/genome_db/GCF_002101275.1
3976	:	1770321263.708	     0.707	0	54	0	0	write_iso_sources /home/kcw2/data/genome_db/GCF_009866905.1
3977	:	1770321263.728	     0.755	0	54	0	0	write_iso_sources /home/kcw2/data/genome_db/GCF_015689035.1
3980	:	1770321263.768	     0.716	0	54	0	0	write_iso_sources /home/kcw2/data/genome_db/GCF_018604245.1
3972	:	1770321263.660	     0.846	0	54	0	0	write_iso_sources /home/kcw2/data/genome_db/GCF_003030165.1
3978	:	1770321263.741	     0.766	0	54	0	0	write_iso_sources /home/kcw2/data/genome_db/GCF_016728025.1
3979	:	1770321263.751	     0.822	0	54	0	0	write_iso_sources /home/kcw2/data/genome_db/GCF_018604225.1
3982	:	1770321263.792	     0.809	0	54	0	0	write_iso_sources /home/kcw2/data/genome_db/GCF_022682045.1
3983	:	1770321263.805	     0.800	0	54	0	0	write_iso_sources /home/kcw2/data/genome_db/GCF_029872195.2
3986	:	1770321263.862	     0.766	0	54	0	0	write_iso_sources /home/kcw2/data/genome_db/GCF_030168185.1
3988	:	1770321263.897	     0.767	0	54	0	0	write_iso_sources /home/kcw2/data/genome_db/GCF_038655475.1
3981	:	1770321263.780	     0.917	0	54	0	0	write_iso_sources /home/kcw2/data/genome_db/GCF_022220825.1
3984	:	1770321263.825	     0.876	0	54	0	0	write_iso_sources /home/kcw2/data/genome_db/GCF_029872215.2
3992	:	1770321263.943	     0.759	0	54	0	0	write_iso_sources /home/kcw2/data/genome_db/GCF_041764925.1
3987	:	1770321263.883	     0.851	0	54	0	0	write_iso_sources /home/kcw2/data/genome_db/GCF_038653055.1
3991	:	1770321263.935	     0.815	0	54	0	0	write_iso_sources /home/kcw2/data/genome_db/GCF_041764915.1
3990	:	1770321263.925	     0.840	0	54	0	0	write_iso_sources /home/kcw2/data/genome_db/GCF_041753985.1
3994	:	1770321263.965	     0.801	0	54	0	0	write_iso_sources /home/kcw2/data/genome_db/GCF_041765475.1
4006	:	1770321264.156	     0.611	0	54	0	0	write_iso_sources /home/kcw2/data/genome_db/GCF_003076315.1
4003	:	1770321264.107	     0.684	0	54	0	0	write_iso_sources /home/kcw2/data/genome_db/GCF_006384955.1
3989	:	1770321263.908	     0.884	0	54	0	0	write_iso_sources /home/kcw2/data/genome_db/GCF_041753975.1
4004	:	1770321264.118	     0.677	0	54	0	0	write_iso_sources /home/kcw2/data/genome_db/GCF_007725185.1
3993	:	1770321263.953	     0.850	0	54	0	0	write_iso_sources /home/kcw2/data/genome_db/GCF_041765465.1
3985	:	1770321263.846	     0.985	0	54	0	0	write_iso_sources /home/kcw2/data/genome_db/GCF_030168165.1
4005	:	1770321264.131	     0.701	0	54	0	0	write_iso_sources /home/kcw2/data/genome_db/GCF_003076295.1
4008	:	1770321264.191	     0.676	0	54	0	0	write_iso_sources /home/kcw2/data/genome_db/GCF_040580805.1
4007	:	1770321264.178	     0.713	0	54	0	0	write_iso_sources /home/kcw2/data/genome_db/GCF_038368375.1
4013	:	1770321264.300	     0.592	0	54	0	0	write_iso_sources /home/kcw2/data/genome_db/GCF_028743295.1
4011	:	1770321264.254	     0.640	0	54	0	0	write_iso_sources /home/kcw2/data/genome_db/GCF_015101725.1
3999	:	1770321264.052	     0.875	0	54	0	0	write_iso_sources /home/kcw2/data/genome_db/GCF_900187225.1
3998	:	1770321264.041	     0.905	0	54	0	0	write_iso_sources /home/kcw2/data/genome_db/GCF_048320325.1
3996	:	1770321263.999	     0.964	0	54	0	0	write_iso_sources /home/kcw2/data/genome_db/GCF_041799445.1
4002	:	1770321264.089	     0.875	0	54	0	0	write_iso_sources /home/kcw2/data/genome_db/GCF_018279565.1
4010	:	1770321264.237	     0.742	0	54	0	0	write_iso_sources /home/kcw2/data/genome_db/GCF_045277485.1
4001	:	1770321264.075	     0.907	0	54	0	0	write_iso_sources /home/kcw2/data/genome_db/GCF_018106325.1
3997	:	1770321264.018	     0.964	0	54	0	0	write_iso_sources /home/kcw2/data/genome_db/GCF_048320315.1
4012	:	1770321264.288	     0.709	0	54	0	0	write_iso_sources /home/kcw2/data/genome_db/GCF_017132775.1
4000	:	1770321264.063	     0.956	0	54	0	0	write_iso_sources /home/kcw2/data/genome_db/GCF_900231475.1
4020	:	1770321264.414	     0.618	0	54	0	0	write_iso_sources /home/kcw2/data/genome_db/GCF_002838405.1
4014	:	1770321264.312	     0.743	0	54	0	0	write_iso_sources /home/kcw2/data/genome_db/GCF_029855065.1
4018	:	1770321264.375	     0.684	0	54	0	0	write_iso_sources /home/kcw2/data/genome_db/GCF_026967535.1
4009	:	1770321264.218	     0.884	0	54	0	0	write_iso_sources /home/kcw2/data/genome_db/GCF_045277475.1
4015	:	1770321264.330	     0.774	0	54	0	0	write_iso_sources /home/kcw2/data/genome_db/GCF_902386775.1
4016	:	1770321264.349	     0.756	0	54	0	0	write_iso_sources /home/kcw2/data/genome_db/GCF_001051015.2
3995	:	1770321263.981	     1.148	0	54	0	0	write_iso_sources /home/kcw2/data/genome_db/GCF_041795475.1
4019	:	1770321264.390	     0.742	0	54	0	0	write_iso_sources /home/kcw2/data/genome_db/GCF_002838385.1
4017	:	1770321264.364	     0.794	0	54	0	0	write_iso_sources /home/kcw2/data/genome_db/GCF_024665655.1
4021	:	1770321264.430	     0.730	0	54	0	0	write_iso_sources /home/kcw2/data/genome_db/GCF_009498435.1
4024	:	1770321264.507	     0.654	0	54	0	0	write_iso_sources /home/kcw2/data/genome_db/GCF_050407895.1
4022	:	1770321264.443	     0.736	0	54	0	0	write_iso_sources /home/kcw2/data/genome_db/GCF_009931415.1
4023	:	1770321264.456	     0.786	0	54	0	0	write_iso_sources /home/kcw2/data/genome_db/GCF_050407885.1
4027	:	1770321264.555	     0.687	0	54	0	0	write_iso_sources /home/kcw2/data/genome_db/GCF_021560235.1
4025	:	1770321264.524	     0.764	0	54	0	0	write_iso_sources /home/kcw2/data/genome_db/GCF_001561975.1
4032	:	1770321264.697	     0.595	0	54	0	0	write_iso_sources /home/kcw2/data/genome_db/GCF_000972805.1
4034	:	1770321264.735	     0.558	0	54	0	0	write_iso_sources /home/kcw2/data/genome_db/GCF_001865765.1
4028	:	1770321264.601	     0.707	0	54	0	0	write_iso_sources /home/kcw2/data/genome_db/GCF_021560255.1
4035	:	1770321264.751	     0.572	0	54	0	0	write_iso_sources /home/kcw2/data/genome_db/GCF_001989595.1
4031	:	1770321264.665	     0.676	0	54	0	0	write_iso_sources /home/kcw2/data/genome_db/GCF_000814865.1
4026	:	1770321264.537	     0.818	0	54	0	0	write_iso_sources /home/kcw2/data/genome_db/GCF_001941345.1
4037	:	1770321264.780	     0.577	0	54	0	0	write_iso_sources /home/kcw2/data/genome_db/GCF_004332355.1
4029	:	1770321264.616	     0.753	0	54	0	0	write_iso_sources /home/kcw2/data/genome_db/GCF_001936195.1
4036	:	1770321264.765	     0.604	0	54	0	0	write_iso_sources /home/kcw2/data/genome_db/GCF_002009385.1
4030	:	1770321264.625	     0.769	0	54	0	0	write_iso_sources /home/kcw2/data/genome_db/GCF_002163915.1
4040	:	1770321264.818	     0.577	0	54	0	0	write_iso_sources /home/kcw2/data/genome_db/GCF_009762655.1
4042	:	1770321264.852	     0.543	0	54	0	0	write_iso_sources /home/kcw2/data/genome_db/GCF_026650305.1
4033	:	1770321264.716	     0.692	0	54	0	0	write_iso_sources /home/kcw2/data/genome_db/GCF_001682275.1
4039	:	1770321264.804	     0.607	0	54	0	0	write_iso_sources /home/kcw2/data/genome_db/GCF_009762635.1
4038	:	1770321264.791	     0.632	0	54	0	0	write_iso_sources /home/kcw2/data/genome_db/GCF_004332375.1
4041	:	1770321264.830	     0.616	0	54	0	0	write_iso_sources /home/kcw2/data/genome_db/GCF_026650285.1
4044	:	1770321264.891	     0.585	0	54	0	0	write_iso_sources /home/kcw2/data/genome_db/GCF_026650745.1
4043	:	1770321264.867	     0.633	0	54	0	0	write_iso_sources /home/kcw2/data/genome_db/GCF_026650725.1
4048	:	1770321264.963	     0.565	0	54	0	0	write_iso_sources /home/kcw2/data/genome_db/GCF_900087655.1
4050	:	1770321264.998	     0.560	0	54	0	0	write_iso_sources /home/kcw2/data/genome_db/GCF_029338475.1
4049	:	1770321264.979	     0.593	0	54	0	0	write_iso_sources /home/kcw2/data/genome_db/GCF_021010715.2
4047	:	1770321264.946	     0.649	0	54	0	0	write_iso_sources /home/kcw2/data/genome_db/GCF_900087375.1
4051	:	1770321265.018	     0.831	0	54	0	0	write_iso_sources /home/kcw2/data/genome_db/GCF_018128345.1
4045	:	1770321264.908	     1.065	0	54	0	0	write_iso_sources /home/kcw2/data/genome_db/GCF_000807675.2
4052	:	1770321265.056	     0.937	0	54	0	0	write_iso_sources /home/kcw2/data/genome_db/GCF_018128365.1
4046	:	1770321264.927	     1.157	0	54	0	0	write_iso_sources /home/kcw2/data/genome_db/GCF_023520755.1
4063	:	1770321265.241	     0.920	0	54	0	0	write_iso_sources /home/kcw2/data/genome_db/GCF_002446895.1
4053	:	1770321265.071	     1.109	0	54	0	0	write_iso_sources /home/kcw2/data/genome_db/GCF_028583205.1
4061	:	1770321265.215	     0.969	0	54	0	0	write_iso_sources /home/kcw2/data/genome_db/GCF_001895765.1
4054	:	1770321265.102	     1.144	0	54	0	0	write_iso_sources /home/kcw2/data/genome_db/GCF_028583225.1
4062	:	1770321265.227	     1.032	0	54	0	0	write_iso_sources /home/kcw2/data/genome_db/GCF_001895785.1
4064	:	1770321265.258	     1.042	0	54	0	0	write_iso_sources /home/kcw2/data/genome_db/GCF_002446915.1
4066	:	1770321265.288	     1.040	0	54	0	0	write_iso_sources /home/kcw2/data/genome_db/GCF_002447335.1
4068	:	1770321265.322	     1.086	0	54	0	0	write_iso_sources /home/kcw2/data/genome_db/GCF_002447755.1
4069	:	1770321265.340	     1.088	0	54	0	0	write_iso_sources /home/kcw2/data/genome_db/GCF_002448155.1
4058	:	1770321265.170	     1.276	0	54	0	0	write_iso_sources /home/kcw2/data/genome_db/GCF_003816035.1
4057	:	1770321265.158	     1.315	0	54	0	0	write_iso_sources /home/kcw2/data/genome_db/GCF_003815815.1
4071	:	1770321265.368	     1.131	0	54	0	0	write_iso_sources /home/kcw2/data/genome_db/GCF_003006135.1
4065	:	1770321265.276	     1.237	0	54	0	0	write_iso_sources /home/kcw2/data/genome_db/GCF_002447315.1
4055	:	1770321265.129	     1.387	0	54	0	0	write_iso_sources /home/kcw2/data/genome_db/GCF_016756175.1
4074	:	1770321265.423	     1.113	0	54	0	0	write_iso_sources /home/kcw2/data/genome_db/GCF_014899245.1
4070	:	1770321265.354	     1.187	0	54	0	0	write_iso_sources /home/kcw2/data/genome_db/GCF_002448175.1
4075	:	1770321265.436	     1.108	0	54	0	0	write_iso_sources /home/kcw2/data/genome_db/GCF_014899645.1
4080	:	1770321265.501	     1.046	0	54	0	0	write_iso_sources /home/kcw2/data/genome_db/GCF_014900555.1
4067	:	1770321265.308	     1.264	0	54	0	0	write_iso_sources /home/kcw2/data/genome_db/GCF_002447735.1
4072	:	1770321265.394	     1.180	0	54	0	0	write_iso_sources /home/kcw2/data/genome_db/GCF_003265005.1
4073	:	1770321265.409	     1.167	0	54	0	0	write_iso_sources /home/kcw2/data/genome_db/GCF_014899225.1
4076	:	1770321265.446	     1.130	0	54	0	0	write_iso_sources /home/kcw2/data/genome_db/GCF_014899665.1
4077	:	1770321265.460	     1.118	0	54	0	0	write_iso_sources /home/kcw2/data/genome_db/GCF_014900095.1
4081	:	1770321265.516	     1.062	0	54	0	0	write_iso_sources /home/kcw2/data/genome_db/GCF_014901095.1
4087	:	1770321265.596	     0.983	0	54	0	0	write_iso_sources /home/kcw2/data/genome_db/GCF_030574935.1
4056	:	1770321265.146	     1.470	0	54	0	0	write_iso_sources /home/kcw2/data/genome_db/GCF_016756195.1
4079	:	1770321265.487	     1.130	0	54	0	0	write_iso_sources /home/kcw2/data/genome_db/GCF_014900515.1
4078	:	1770321265.476	     1.154	0	54	0	0	write_iso_sources /home/kcw2/data/genome_db/GCF_014900115.1
4082	:	1770321265.528	     1.103	0	54	0	0	write_iso_sources /home/kcw2/data/genome_db/GCF_014901115.1
4085	:	1770321265.573	     1.059	0	54	0	0	write_iso_sources /home/kcw2/data/genome_db/GCF_029867085.1
4083	:	1770321265.539	     1.112	0	54	0	0	write_iso_sources /home/kcw2/data/genome_db/GCF_022870225.1
4084	:	1770321265.558	     1.095	0	54	0	0	write_iso_sources /home/kcw2/data/genome_db/GCF_022870245.1
4091	:	1770321265.664	     0.990	0	54	0	0	write_iso_sources /home/kcw2/data/genome_db/GCF_045345655.1
4092	:	1770321265.675	     0.980	0	54	0	0	write_iso_sources /home/kcw2/data/genome_db/GCF_045348055.1
4093	:	1770321265.686	     0.983	0	54	0	0	write_iso_sources /home/kcw2/data/genome_db/GCF_963993175.1
4088	:	1770321265.610	     1.088	0	54	0	0	write_iso_sources /home/kcw2/data/genome_db/GCF_030576595.1
4089	:	1770321265.628	     1.082	0	54	0	0	write_iso_sources /home/kcw2/data/genome_db/GCF_037942805.1
4090	:	1770321265.654	     1.070	0	54	0	0	write_iso_sources /home/kcw2/data/genome_db/GCF_038096075.2
4095	:	1770321265.712	     1.028	0	54	0	0	write_iso_sources /home/kcw2/data/genome_db/GCF_965124865.1
4059	:	1770321265.180	     1.570	0	54	0	0	write_iso_sources /home/kcw2/data/genome_db/GCF_022370395.1
4086	:	1770321265.585	     1.191	0	54	0	0	write_iso_sources /home/kcw2/data/genome_db/GCF_029867105.1
4094	:	1770321265.697	     1.114	0	54	0	0	write_iso_sources /home/kcw2/data/genome_db/GCF_963993185.1
4060	:	1770321265.192	     1.664	0	54	0	0	write_iso_sources /home/kcw2/data/genome_db/GCF_022370415.1
4096	:	1770321265.725	     1.133	0	54	0	0	write_iso_sources /home/kcw2/data/genome_db/GCF_016446355.1
4127	:	1770321266.739	     0.230	0	54	0	0	write_iso_sources /home/kcw2/data/genome_db/GCF_000759375.2
4126	:	1770321266.724	     0.262	0	54	0	0	write_iso_sources /home/kcw2/data/genome_db/GCF_004771115.1
4125	:	1770321266.711	     0.325	0	54	0	0	write_iso_sources /home/kcw2/data/genome_db/GCF_004771095.1
4128	:	1770321266.751	     0.300	0	54	0	0	write_iso_sources /home/kcw2/data/genome_db/GCF_000947915.1
4129	:	1770321266.760	     0.292	0	54	0	0	write_iso_sources /home/kcw2/data/genome_db/GCF_040026155.1
4130	:	1770321266.777	     0.330	0	54	0	0	write_iso_sources /home/kcw2/data/genome_db/GCF_040026965.1
4132	:	1770321266.801	     0.320	0	54	0	0	write_iso_sources /home/kcw2/data/genome_db/GCF_001554075.1
4134	:	1770321266.825	     0.316	0	54	0	0	write_iso_sources /home/kcw2/data/genome_db/GCF_002128105.1
4133	:	1770321266.811	     0.349	0	54	0	0	write_iso_sources /home/kcw2/data/genome_db/GCF_002128085.1
4135	:	1770321266.856	     0.307	0	54	0	0	write_iso_sources /home/kcw2/data/genome_db/GCF_009940965.1
4137	:	1770321266.881	     0.282	0	54	0	0	write_iso_sources /home/kcw2/data/genome_db/GCF_041931565.1
4136	:	1770321266.867	     0.305	0	54	0	0	write_iso_sources /home/kcw2/data/genome_db/GCF_009941325.1
4099	:	1770321266.022	     1.185	0	54	0	0	write_iso_sources /home/kcw2/data/genome_db/GCF_900638745.1
4131	:	1770321266.791	     0.418	0	54	0	0	write_iso_sources /home/kcw2/data/genome_db/GCF_001554055.1
4138	:	1770321266.900	     0.346	0	54	0	0	write_iso_sources /home/kcw2/data/genome_db/GCF_041931755.1
4142	:	1770321266.954	     0.332	0	54	0	0	write_iso_sources /home/kcw2/data/genome_db/GCF_036542405.1
4139	:	1770321266.914	     0.387	0	54	0	0	write_iso_sources /home/kcw2/data/genome_db/GCF_020276585.1
4141	:	1770321266.939	     0.364	0	54	0	0	write_iso_sources /home/kcw2/data/genome_db/GCF_024582795.1
4140	:	1770321266.925	     0.403	0	54	0	0	write_iso_sources /home/kcw2/data/genome_db/GCF_020276605.1
4147	:	1770321267.050	     0.285	0	54	0	0	write_iso_sources /home/kcw2/data/genome_db/GCF_035187685.1
4123	:	1770321266.688	     0.664	0	54	0	0	write_iso_sources /home/kcw2/data/genome_db/GCF_013267735.1
4098	:	1770321265.988	     1.384	0	54	0	0	write_iso_sources /home/kcw2/data/genome_db/GCF_900637205.1
4143	:	1770321266.969	     0.406	0	54	0	0	write_iso_sources /home/kcw2/data/genome_db/GCF_045277725.1
4124	:	1770321266.699	     0.702	0	54	0	0	write_iso_sources /home/kcw2/data/genome_db/GCF_019297775.1
4144	:	1770321266.986	     0.417	0	54	0	0	write_iso_sources /home/kcw2/data/genome_db/GCF_900660615.1
4097	:	1770321265.870	     1.601	0	54	0	0	write_iso_sources /home/kcw2/data/genome_db/GCF_010727725.1
4101	:	1770321266.180	     1.349	0	54	0	0	write_iso_sources /home/kcw2/data/genome_db/GCF_023278385.1
4145	:	1770321267.002	     0.546	0	54	0	0	write_iso_sources /home/kcw2/data/genome_db/GCF_029607405.2
4122	:	1770321266.679	     0.892	0	54	0	0	write_iso_sources /home/kcw2/data/genome_db/GCF_015034585.1
4146	:	1770321267.026	     0.579	0	54	0	0	write_iso_sources /home/kcw2/data/genome_db/GCF_029607425.2
4102	:	1770321266.196	     1.491	0	54	0	0	write_iso_sources /home/kcw2/data/genome_db/GCF_030490385.1
4148	:	1770321267.066	     0.678	0	54	0	0	write_iso_sources /home/kcw2/data/genome_db/GCF_000763575.1
4149	:	1770321267.090	     0.738	0	54	0	0	write_iso_sources /home/kcw2/data/genome_db/GCF_048564955.1
4159	:	1770321267.285	     0.573	0	54	0	0	write_iso_sources /home/kcw2/data/genome_db/GCF_003952825.1
4150	:	1770321267.121	     0.786	0	54	0	0	write_iso_sources /home/kcw2/data/genome_db/GCF_050157125.1
4106	:	1770321266.318	     1.610	0	54	0	0	write_iso_sources /home/kcw2/data/genome_db/GCF_045209685.1
4151	:	1770321267.135	     0.819	0	54	0	0	write_iso_sources /home/kcw2/data/genome_db/GCF_043179105.1
4152	:	1770321267.161	     0.796	0	54	0	0	write_iso_sources /home/kcw2/data/genome_db/GCF_900637305.1
4153	:	1770321267.173	     0.784	0	54	0	0	write_iso_sources /home/kcw2/data/genome_db/GCF_030503795.1
4154	:	1770321267.187	     0.789	0	54	0	0	write_iso_sources /home/kcw2/data/genome_db/GCF_900332045.1
4100	:	1770321266.119	     1.874	0	54	0	0	write_iso_sources /home/kcw2/data/genome_db/GCF_007362295.1
4105	:	1770321266.269	     1.724	0	54	0	0	write_iso_sources /home/kcw2/data/genome_db/GCF_045209585.1
4103	:	1770321266.213	     1.828	0	54	0	0	write_iso_sources /home/kcw2/data/genome_db/GCF_001577385.1
4104	:	1770321266.260	     1.786	0	54	0	0	write_iso_sources /home/kcw2/data/genome_db/GCF_013693715.1
4168	:	1770321267.451	     0.598	0	54	0	0	write_iso_sources /home/kcw2/data/genome_db/GCF_024172665.1
4165	:	1770321267.401	     0.668	0	54	0	0	write_iso_sources /home/kcw2/data/genome_db/GCF_965111695.1
4166	:	1770321267.419	     0.654	0	54	0	0	write_iso_sources /home/kcw2/data/genome_db/GCF_965111705.1
4167	:	1770321267.430	     0.658	0	54	0	0	write_iso_sources /home/kcw2/data/genome_db/GCF_024172645.1
4164	:	1770321267.388	     0.756	0	54	0	0	write_iso_sources /home/kcw2/data/genome_db/GCF_026427455.1
4163	:	1770321267.372	     0.796	0	54	0	0	write_iso_sources /home/kcw2/data/genome_db/GCF_026427435.1
4121	:	1770321266.670	     1.539	0	54	0	0	write_iso_sources /home/kcw2/data/genome_db/GCF_900638215.1
4160	:	1770321267.301	     0.910	0	54	0	0	write_iso_sources /home/kcw2/data/genome_db/GCF_017743235.1
4111	:	1770321266.500	     1.730	0	54	0	0	write_iso_sources /home/kcw2/data/genome_db/GCF_015767795.1
4107	:	1770321266.356	     1.900	0	54	0	0	write_iso_sources /home/kcw2/data/genome_db/GCF_036227645.1
4169	:	1770321267.468	     0.838	0	54	0	0	write_iso_sources /home/kcw2/data/genome_db/GCF_002119785.2
4117	:	1770321266.615	     1.703	0	54	0	0	write_iso_sources /home/kcw2/data/genome_db/GCF_034568915.1
4157	:	1770321267.247	     1.076	0	54	0	0	write_iso_sources /home/kcw2/data/genome_db/GCF_016028435.1
4158	:	1770321267.268	     1.143	0	54	0	0	write_iso_sources /home/kcw2/data/genome_db/GCF_016919545.1
4112	:	1770321266.514	     1.923	0	54	0	0	write_iso_sources /home/kcw2/data/genome_db/GCF_015767815.1
4113	:	1770321266.537	     1.942	0	54	0	0	write_iso_sources /home/kcw2/data/genome_db/GCF_045209855.1
4108	:	1770321266.428	     2.075	0	54	0	0	write_iso_sources /home/kcw2/data/genome_db/GCF_036232045.1
4162	:	1770321267.353	     1.183	0	54	0	0	write_iso_sources /home/kcw2/data/genome_db/GCF_050210815.1
4155	:	1770321267.208	     1.345	0	54	0	0	write_iso_sources /home/kcw2/data/genome_db/GCF_002345985.1
4170	:	1770321267.492	     1.074	0	54	0	0	write_iso_sources /home/kcw2/data/genome_db/GCF_004151415.2
4161	:	1770321267.328	     1.258	0	54	0	0	write_iso_sources /home/kcw2/data/genome_db/GCF_048319805.1
4114	:	1770321266.572	     2.035	0	54	0	0	write_iso_sources /home/kcw2/data/genome_db/GCF_022846675.1
4177	:	1770321267.852	     0.782	0	54	0	0	write_iso_sources /home/kcw2/data/genome_db/GCF_018128185.1
4179	:	1770321267.929	     0.728	0	54	0	0	write_iso_sources /home/kcw2/data/genome_db/GCF_018127965.1
4109	:	1770321266.445	     2.242	0	54	0	0	write_iso_sources /home/kcw2/data/genome_db/GCF_045208495.1
4191	:	1770321268.185	     0.522	0	54	0	0	write_iso_sources /home/kcw2/data/genome_db/GCF_025723245.1
4156	:	1770321267.233	     1.511	0	54	0	0	write_iso_sources /home/kcw2/data/genome_db/GCF_002346005.1
4178	:	1770321267.888	     0.858	0	54	0	0	write_iso_sources /home/kcw2/data/genome_db/GCF_018128205.1
4110	:	1770321266.472	     2.287	0	54	0	0	write_iso_sources /home/kcw2/data/genome_db/GCF_045208695.1
4118	:	1770321266.629	     2.167	0	54	0	0	write_iso_sources /home/kcw2/data/genome_db/GCF_036010625.1
4194	:	1770321268.229	     0.586	0	54	0	0	write_iso_sources /home/kcw2/data/genome_db/GCF_024205785.1
4192	:	1770321268.197	     0.632	0	54	0	0	write_iso_sources /home/kcw2/data/genome_db/GCF_003939045.1
4174	:	1770321267.627	     1.217	0	54	0	0	write_iso_sources /home/kcw2/data/genome_db/GCF_023805395.1
4193	:	1770321268.210	     0.635	0	54	0	0	write_iso_sources /home/kcw2/data/genome_db/GCF_024205745.1
4190	:	1770321268.167	     0.708	0	54	0	0	write_iso_sources /home/kcw2/data/genome_db/GCF_007005625.1
4120	:	1770321266.663	     2.233	0	54	0	0	write_iso_sources /home/kcw2/data/genome_db/GCF_044590815.1
4180	:	1770321267.953	     0.962	0	54	0	0	write_iso_sources /home/kcw2/data/genome_db/GCF_018128005.1
4119	:	1770321266.652	     2.292	0	54	0	0	write_iso_sources /home/kcw2/data/genome_db/GCF_008704495.1
4173	:	1770321267.605	     1.378	0	54	0	0	write_iso_sources /home/kcw2/data/genome_db/GCF_002849875.1
4189	:	1770321268.143	     0.921	0	54	0	0	write_iso_sources /home/kcw2/data/genome_db/GCF_002302475.1
4182	:	1770321267.992	     1.180	0	54	0	0	write_iso_sources /home/kcw2/data/genome_db/GCF_018884125.1
4188	:	1770321268.116	     1.098	0	54	0	0	write_iso_sources /home/kcw2/data/genome_db/GCF_022819405.1
4181	:	1770321267.976	     1.258	0	54	0	0	write_iso_sources /home/kcw2/data/genome_db/GCF_018884105.1
4184	:	1770321268.041	     1.282	0	54	0	0	write_iso_sources /home/kcw2/data/genome_db/GCF_028893035.1
4186	:	1770321268.089	     1.265	0	54	0	0	write_iso_sources /home/kcw2/data/genome_db/GCF_016454425.1
4227	:	1770321269.008	     0.364	0	54	0	0	write_iso_sources /home/kcw2/data/genome_db/GCF_001611865.1
4183	:	1770321268.004	     1.397	0	54	0	0	write_iso_sources /home/kcw2/data/genome_db/GCF_028893015.1
4228	:	1770321269.102	     0.326	0	54	0	0	write_iso_sources /home/kcw2/data/genome_db/GCF_001611895.1
4115	:	1770321266.595	     2.846	0	54	0	0	write_iso_sources /home/kcw2/data/genome_db/GCF_045039855.1
4175	:	1770321267.706	     1.736	0	54	0	0	write_iso_sources /home/kcw2/data/genome_db/GCF_007012325.1
4176	:	1770321267.771	     1.696	0	54	0	0	write_iso_sources /home/kcw2/data/genome_db/GCF_009734165.1
4116	:	1770321266.605	     2.935	0	54	0	0	write_iso_sources /home/kcw2/data/genome_db/GCF_045040175.1
4185	:	1770321268.069	     1.487	0	54	0	0	write_iso_sources /home/kcw2/data/genome_db/GCF_016452105.1
4229	:	1770321269.214	     0.344	0	54	0	0	write_iso_sources /home/kcw2/data/genome_db/GCF_016452225.2
4230	:	1770321269.235	     0.351	0	54	0	0	write_iso_sources /home/kcw2/data/genome_db/GCF_016452245.2
4231	:	1770321269.245	     0.356	0	54	0	0	write_iso_sources /home/kcw2/data/genome_db/GCF_029201205.1
4172	:	1770321267.561	     2.048	0	54	0	0	write_iso_sources /home/kcw2/data/genome_db/GCF_023658595.1
4171	:	1770321267.549	     2.075	0	54	0	0	write_iso_sources /home/kcw2/data/genome_db/GCF_016698705.1
4232	:	1770321269.353	     0.319	0	54	0	0	write_iso_sources /home/kcw2/data/genome_db/GCF_029536715.1
4205	:	1770321268.519	     1.171	0	54	0	0	write_iso_sources /home/kcw2/data/genome_db/GCF_002313085.1
4233	:	1770321269.372	     0.332	0	54	0	0	write_iso_sources /home/kcw2/data/genome_db/GCF_029855825.1
4234	:	1770321269.400	     0.330	0	54	0	0	write_iso_sources /home/kcw2/data/genome_db/GCF_029855845.1
4187	:	1770321268.102	     1.694	0	54	0	0	write_iso_sources /home/kcw2/data/genome_db/GCF_027924845.1
4206	:	1770321268.553	     1.296	0	54	0	0	write_iso_sources /home/kcw2/data/genome_db/GCF_002313105.1
4212	:	1770321268.686	     1.185	0	54	0	0	write_iso_sources /home/kcw2/data/genome_db/GCF_018311215.1
4208	:	1770321268.586	     1.302	0	54	0	0	write_iso_sources /home/kcw2/data/genome_db/GCF_003325155.1
4200	:	1770321268.347	     1.556	0	54	0	0	write_iso_sources /home/kcw2/data/genome_db/GCF_004842085.1
4209	:	1770321268.606	     1.318	0	54	0	0	write_iso_sources /home/kcw2/data/genome_db/GCF_009729895.1
4211	:	1770321268.656	     1.281	0	54	0	0	write_iso_sources /home/kcw2/data/genome_db/GCF_016889645.1
4199	:	1770321268.318	     1.652	0	54	0	0	write_iso_sources /home/kcw2/data/genome_db/GCF_004526325.1
4198	:	1770321268.304	     1.692	0	54	0	0	write_iso_sources /home/kcw2/data/genome_db/GCF_002111345.1
4201	:	1770321268.363	     1.649	0	54	0	0	write_iso_sources /home/kcw2/data/genome_db/GCF_018228585.1
4203	:	1770321268.450	     1.585	0	54	0	0	write_iso_sources /home/kcw2/data/genome_db/GCF_016725465.1
4214	:	1770321268.745	     1.313	0	54	0	0	write_iso_sources /home/kcw2/data/genome_db/GCF_022226915.1
4195	:	1770321268.255	     1.824	0	54	0	0	write_iso_sources /home/kcw2/data/genome_db/GCF_001887575.1
4207	:	1770321268.567	     1.515	0	54	0	0	write_iso_sources /home/kcw2/data/genome_db/GCF_003325135.1
4210	:	1770321268.619	     1.465	0	54	0	0	write_iso_sources /home/kcw2/data/genome_db/GCF_009729915.1
4213	:	1770321268.707	     1.378	0	54	0	0	write_iso_sources /home/kcw2/data/genome_db/GCF_021474345.1
4217	:	1770321268.787	     1.299	0	54	0	0	write_iso_sources /home/kcw2/data/genome_db/GCF_025259525.1
4220	:	1770321268.844	     1.241	0	54	0	0	write_iso_sources /home/kcw2/data/genome_db/GCF_026801955.1
4223	:	1770321268.897	     1.189	0	54	0	0	write_iso_sources /home/kcw2/data/genome_db/GCF_035658395.1
4224	:	1770321268.916	     1.187	0	54	0	0	write_iso_sources /home/kcw2/data/genome_db/GCF_037055435.1
4243	:	1770321269.598	     0.506	0	54	0	0	write_iso_sources /home/kcw2/data/genome_db/GCF_017655905.1
4196	:	1770321268.276	     1.845	0	54	0	0	write_iso_sources /home/kcw2/data/genome_db/GCF_001975065.1
4221	:	1770321268.854	     1.268	0	54	0	0	write_iso_sources /home/kcw2/data/genome_db/GCF_028743635.1
4202	:	1770321268.433	     1.707	0	54	0	0	write_iso_sources /home/kcw2/data/genome_db/GCF_018228605.1
4244	:	1770321269.610	     0.534	0	54	0	0	write_iso_sources /home/kcw2/data/genome_db/GCF_017655925.1
4197	:	1770321268.287	     1.874	0	54	0	0	write_iso_sources /home/kcw2/data/genome_db/GCF_002111325.1
4239	:	1770321269.479	     0.682	0	54	0	0	write_iso_sources /home/kcw2/data/genome_db/GCF_013341395.1
4204	:	1770321268.494	     1.677	0	54	0	0	write_iso_sources /home/kcw2/data/genome_db/GCF_016725865.1
4225	:	1770321268.931	     1.242	0	54	0	0	write_iso_sources /home/kcw2/data/genome_db/GCF_041930305.1
4216	:	1770321268.774	     1.412	0	54	0	0	write_iso_sources /home/kcw2/data/genome_db/GCF_023330825.1
4219	:	1770321268.830	     1.357	0	54	0	0	write_iso_sources /home/kcw2/data/genome_db/GCF_026801935.1
4242	:	1770321269.579	     0.622	0	54	0	0	write_iso_sources /home/kcw2/data/genome_db/GCF_036884305.1
4241	:	1770321269.569	     0.674	0	54	0	0	write_iso_sources /home/kcw2/data/genome_db/GCF_036420115.1
4215	:	1770321268.759	     1.497	0	54	0	0	write_iso_sources /home/kcw2/data/genome_db/GCF_023330805.1
4237	:	1770321269.454	     0.803	0	54	0	0	write_iso_sources /home/kcw2/data/genome_db/GCF_023614505.1
4238	:	1770321269.467	     0.792	0	54	0	0	write_iso_sources /home/kcw2/data/genome_db/GCF_025560845.1
4218	:	1770321268.811	     1.500	0	54	0	0	write_iso_sources /home/kcw2/data/genome_db/GCF_025310955.1
4222	:	1770321268.876	     1.437	0	54	0	0	write_iso_sources /home/kcw2/data/genome_db/GCF_029537315.1
4226	:	1770321268.982	     1.331	0	54	0	0	write_iso_sources /home/kcw2/data/genome_db/GCF_041930315.1
4240	:	1770321269.556	     0.799	0	54	0	0	write_iso_sources /home/kcw2/data/genome_db/GCF_013341415.1
4268	:	1770321270.185	     0.219	0	54	0	0	write_iso_sources /home/kcw2/data/genome_db/GCF_900660695.1
4236	:	1770321269.442	     1.003	0	54	0	0	write_iso_sources /home/kcw2/data/genome_db/GCF_002074155.1
4265	:	1770321270.140	     0.307	0	54	0	0	write_iso_sources /home/kcw2/data/genome_db/GCF_040732965.1
4245	:	1770321269.625	     0.848	0	54	0	0	write_iso_sources /home/kcw2/data/genome_db/GCF_009892285.1
4255	:	1770321269.923	     0.567	0	54	0	0	write_iso_sources /home/kcw2/data/genome_db/GCF_902810435.1
4266	:	1770321270.160	     0.332	0	54	0	0	write_iso_sources /home/kcw2/data/genome_db/GCF_040790705.1
4267	:	1770321270.170	     0.322	0	54	0	0	write_iso_sources /home/kcw2/data/genome_db/GCF_024297045.1
4269	:	1770321270.201	     0.292	0	54	0	0	write_iso_sources /home/kcw2/data/genome_db/GCF_038095715.1
4270	:	1770321270.215	     0.302	0	54	0	0	write_iso_sources /home/kcw2/data/genome_db/GCF_038095725.1
4271	:	1770321270.226	     0.340	0	54	0	0	write_iso_sources /home/kcw2/data/genome_db/GCF_038095925.1
4251	:	1770321269.820	     0.761	0	54	0	0	write_iso_sources /home/kcw2/data/genome_db/GCF_036320855.1
4272	:	1770321270.243	     0.338	0	54	0	0	write_iso_sources /home/kcw2/data/genome_db/GCF_038095935.1
4250	:	1770321269.751	     0.840	0	54	0	0	write_iso_sources /home/kcw2/data/genome_db/GCF_002192155.1
4246	:	1770321269.643	     0.950	0	54	0	0	write_iso_sources /home/kcw2/data/genome_db/GCF_009892305.1
4273	:	1770321270.257	     0.424	0	54	0	0	write_iso_sources /home/kcw2/data/genome_db/GCF_028868275.1
4249	:	1770321269.727	     0.987	0	54	0	0	write_iso_sources /home/kcw2/data/genome_db/GCF_002192095.1
4252	:	1770321269.871	     0.845	0	54	0	0	write_iso_sources /home/kcw2/data/genome_db/GCF_038420175.1
4253	:	1770321269.887	     0.829	0	54	0	0	write_iso_sources /home/kcw2/data/genome_db/GCF_900236525.1
4254	:	1770321269.903	     0.814	0	54	0	0	write_iso_sources /home/kcw2/data/genome_db/GCF_900236535.1
4276	:	1770321270.311	     0.455	0	54	0	0	write_iso_sources /home/kcw2/data/genome_db/GCF_029909575.1
4274	:	1770321270.274	     0.519	0	54	0	0	write_iso_sources /home/kcw2/data/genome_db/GCF_028868465.1
4275	:	1770321270.288	     0.507	0	54	0	0	write_iso_sources /home/kcw2/data/genome_db/GCF_029909555.1
4258	:	1770321269.995	     0.834	0	54	0	0	write_iso_sources /home/kcw2/data/genome_db/GCF_021399155.1
4235	:	1770321269.426	     1.445	0	54	0	0	write_iso_sources /home/kcw2/data/genome_db/GCF_000803665.1
4257	:	1770321269.965	     0.907	0	54	0	0	write_iso_sources /home/kcw2/data/genome_db/GCF_021399135.1
4259	:	1770321270.012	     0.915	0	54	0	0	write_iso_sources /home/kcw2/data/genome_db/GCF_026435295.1
4284	:	1770321270.417	     0.511	0	54	0	0	write_iso_sources /home/kcw2/data/genome_db/GCF_000835365.1
4285	:	1770321270.445	     0.485	0	54	0	0	write_iso_sources /home/kcw2/data/genome_db/GCF_013466235.1
4283	:	1770321270.404	     0.537	0	54	0	0	write_iso_sources /home/kcw2/data/genome_db/GCF_000835345.1
4286	:	1770321270.474	     0.492	0	54	0	0	write_iso_sources /home/kcw2/data/genome_db/GCF_017356925.1
4260	:	1770321270.036	     0.944	0	54	0	0	write_iso_sources /home/kcw2/data/genome_db/GCF_026435315.1
4256	:	1770321269.936	     1.054	0	54	0	0	write_iso_sources /home/kcw2/data/genome_db/GCF_040687965.1
4291	:	1770321270.580	     0.452	0	54	0	0	write_iso_sources /home/kcw2/data/genome_db/GCF_027475005.1
4280	:	1770321270.366	     0.723	0	54	0	0	write_iso_sources /home/kcw2/data/genome_db/GCF_050308265.1
4292	:	1770321270.591	     0.520	0	54	0	0	write_iso_sources /home/kcw2/data/genome_db/GCF_027475025.1
4279	:	1770321270.355	     0.792	0	54	0	0	write_iso_sources /home/kcw2/data/genome_db/GCF_050308255.1
4298	:	1770321270.667	     0.506	0	54	0	0	write_iso_sources /home/kcw2/data/genome_db/GCF_023920085.1
4261	:	1770321270.049	     1.148	0	54	0	0	write_iso_sources /home/kcw2/data/genome_db/GCF_009858135.1
4297	:	1770321270.656	     0.572	0	54	0	0	write_iso_sources /home/kcw2/data/genome_db/GCF_044582825.1
4287	:	1770321270.517	     0.742	0	54	0	0	write_iso_sources /home/kcw2/data/genome_db/GCF_016766735.1
4262	:	1770321270.080	     1.217	0	54	0	0	write_iso_sources /home/kcw2/data/genome_db/GCF_020683025.1
4263	:	1770321270.103	     1.210	0	54	0	0	write_iso_sources /home/kcw2/data/genome_db/GCF_022812045.1
4288	:	1770321270.534	     0.785	0	54	0	0	write_iso_sources /home/kcw2/data/genome_db/GCF_016766755.1
4264	:	1770321270.120	     1.216	0	54	0	0	write_iso_sources /home/kcw2/data/genome_db/GCF_022812155.1
4321	:	1770321271.079	     0.282	0	54	0	0	write_iso_sources /home/kcw2/data/genome_db/GCF_037482235.1
4309	:	1770321270.894	     0.481	0	54	0	0	write_iso_sources /home/kcw2/data/genome_db/GCF_001442475.1
4306	:	1770321270.846	     0.549	0	54	0	0	write_iso_sources /home/kcw2/data/genome_db/GCF_014841035.1
4305	:	1770321270.828	     0.569	0	54	0	0	write_iso_sources /home/kcw2/data/genome_db/GCF_014058685.1
4289	:	1770321270.551	     0.889	0	54	0	0	write_iso_sources /home/kcw2/data/genome_db/GCF_028622935.1
4296	:	1770321270.642	     0.819	0	54	0	0	write_iso_sources /home/kcw2/data/genome_db/GCF_964272175.1
4290	:	1770321270.566	     0.898	0	54	0	0	write_iso_sources /home/kcw2/data/genome_db/GCF_028623025.1
4308	:	1770321270.883	     0.596	0	54	0	0	write_iso_sources /home/kcw2/data/genome_db/GCF_001047695.1
4322	:	1770321271.090	     0.391	0	54	0	0	write_iso_sources /home/kcw2/data/genome_db/GCF_036352135.1
4294	:	1770321270.616	     0.927	0	54	0	0	write_iso_sources /home/kcw2/data/genome_db/GCF_964271955.1
4295	:	1770321270.628	     0.933	0	54	0	0	write_iso_sources /home/kcw2/data/genome_db/GCF_964272165.1
4307	:	1770321270.871	     0.708	0	54	0	0	write_iso_sources /home/kcw2/data/genome_db/GCF_049241365.1
4323	:	1770321271.111	     0.488	0	54	0	0	write_iso_sources /home/kcw2/data/genome_db/GCF_042757375.1
4324	:	1770321271.130	     0.471	0	54	0	0	write_iso_sources /home/kcw2/data/genome_db/GCF_042758515.1
4299	:	1770321270.682	     0.937	0	54	0	0	write_iso_sources /home/kcw2/data/genome_db/GCF_004011095.1
4316	:	1770321270.990	     0.664	0	54	0	0	write_iso_sources /home/kcw2/data/genome_db/GCF_019802725.1
4311	:	1770321270.927	     0.731	0	54	0	0	write_iso_sources /home/kcw2/data/genome_db/GCF_001553955.1
4317	:	1770321271.007	     0.664	0	54	0	0	write_iso_sources /home/kcw2/data/genome_db/GCF_040498315.1
4300	:	1770321270.714	     0.980	0	54	0	0	write_iso_sources /home/kcw2/data/genome_db/GCF_001641005.1
4315	:	1770321270.979	     0.715	0	54	0	0	write_iso_sources /home/kcw2/data/genome_db/GCF_019802705.1
4293	:	1770321270.604	     1.100	0	54	0	0	write_iso_sources /home/kcw2/data/genome_db/GCF_964271945.1
4302	:	1770321270.766	     0.943	0	54	0	0	write_iso_sources /home/kcw2/data/genome_db/GCF_029027945.1
4312	:	1770321270.942	     0.799	0	54	0	0	write_iso_sources /home/kcw2/data/genome_db/GCF_002752755.2
4247	:	1770321269.682	     2.100	0	54	0	0	write_iso_sources /home/kcw2/data/genome_db/GCF_030584725.1
4301	:	1770321270.742	     1.043	0	54	0	0	write_iso_sources /home/kcw2/data/genome_db/GCF_024362265.1
4318	:	1770321271.031	     0.777	0	54	0	0	write_iso_sources /home/kcw2/data/genome_db/GCF_042467385.1
4303	:	1770321270.794	     1.032	0	54	0	0	write_iso_sources /home/kcw2/data/genome_db/GCF_002072065.1
4248	:	1770321269.705	     2.131	0	54	0	0	write_iso_sources /home/kcw2/data/genome_db/GCF_030584765.1
4277	:	1770321270.330	     1.525	0	54	0	0	write_iso_sources /home/kcw2/data/genome_db/GCF_013372065.1
4310	:	1770321270.906	     0.951	0	54	0	0	write_iso_sources /home/kcw2/data/genome_db/GCF_002173515.1
4304	:	1770321270.810	     1.111	0	54	0	0	write_iso_sources /home/kcw2/data/genome_db/GCF_002119625.1
4278	:	1770321270.342	     1.675	0	54	0	0	write_iso_sources /home/kcw2/data/genome_db/GCF_034424625.1
4338	:	1770321271.432	     0.677	0	54	0	0	write_iso_sources /home/kcw2/data/genome_db/GCF_900638305.1
4325	:	1770321271.147	     0.983	0	54	0	0	write_iso_sources /home/kcw2/data/genome_db/GCF_009625815.1
4340	:	1770321271.479	     0.677	0	54	0	0	write_iso_sources /home/kcw2/data/genome_db/GCF_023509275.1
4281	:	1770321270.381	     1.790	0	54	0	0	write_iso_sources /home/kcw2/data/genome_db/GCF_029543025.1
4326	:	1770321271.164	     1.024	0	54	0	0	write_iso_sources /home/kcw2/data/genome_db/GCF_009625855.1
4327	:	1770321271.194	     0.996	0	54	0	0	write_iso_sources /home/kcw2/data/genome_db/GCF_009627275.1
4329	:	1770321271.253	     0.937	0	54	0	0	write_iso_sources /home/kcw2/data/genome_db/GCF_009627895.1
4339	:	1770321271.461	     0.795	0	54	0	0	write_iso_sources /home/kcw2/data/genome_db/GCF_023509255.1
4282	:	1770321270.391	     1.891	0	54	0	0	write_iso_sources /home/kcw2/data/genome_db/GCF_039565655.1
4345	:	1770321271.579	     0.704	0	54	0	0	write_iso_sources /home/kcw2/data/genome_db/GCF_016628735.2
4348	:	1770321271.639	     0.674	0	54	0	0	write_iso_sources /home/kcw2/data/genome_db/GCF_900637065.1
4328	:	1770321271.213	     1.121	0	54	0	0	write_iso_sources /home/kcw2/data/genome_db/GCF_009627295.1
4356	:	1770321271.764	     0.572	0	54	0	0	write_iso_sources /home/kcw2/data/genome_db/GCF_002082765.1
4330	:	1770321271.275	     1.082	0	54	0	0	write_iso_sources /home/kcw2/data/genome_db/GCF_009627915.1
4343	:	1770321271.530	     0.880	0	54	0	0	write_iso_sources /home/kcw2/data/genome_db/GCF_003687415.2
4347	:	1770321271.619	     0.805	0	54	0	0	write_iso_sources /home/kcw2/data/genome_db/GCF_900478045.1
4358	:	1770321271.808	     0.616	0	54	0	0	write_iso_sources /home/kcw2/data/genome_db/GCF_015767555.1
4346	:	1770321271.600	     0.840	0	54	0	0	write_iso_sources /home/kcw2/data/genome_db/GCF_016889465.1
4355	:	1770321271.752	     0.689	0	54	0	0	write_iso_sources /home/kcw2/data/genome_db/GCF_004786015.1
4320	:	1770321271.058	     1.393	0	54	0	0	write_iso_sources /home/kcw2/data/genome_db/GCF_001558935.2
4357	:	1770321271.782	     0.674	0	54	0	0	write_iso_sources /home/kcw2/data/genome_db/GCF_015767535.1
4341	:	1770321271.493	     1.003	0	54	0	0	write_iso_sources /home/kcw2/data/genome_db/GCF_047150035.1
4344	:	1770321271.561	     0.940	0	54	0	0	write_iso_sources /home/kcw2/data/genome_db/GCF_014672815.1
4342	:	1770321271.510	     1.019	0	54	0	0	write_iso_sources /home/kcw2/data/genome_db/GCF_047150065.1
4334	:	1770321271.361	     1.187	0	54	0	0	write_iso_sources /home/kcw2/data/genome_db/GCF_014843135.1
4353	:	1770321271.725	     0.879	0	54	0	0	write_iso_sources /home/kcw2/data/genome_db/GCF_020735745.1
4371	:	1770321272.214	     0.391	0	54	0	0	write_iso_sources /home/kcw2/data/genome_db/GCF_018389685.1
4333	:	1770321271.347	     1.274	0	54	0	0	write_iso_sources /home/kcw2/data/genome_db/GCF_010731915.1
4373	:	1770321272.256	     0.384	0	54	0	0	write_iso_sources /home/kcw2/data/genome_db/GCF_900489715.1
4374	:	1770321272.283	     0.358	0	54	0	0	write_iso_sources /home/kcw2/data/genome_db/GCF_900489725.1
4372	:	1770321272.235	     0.407	0	54	0	0	write_iso_sources /home/kcw2/data/genome_db/GCF_018389705.1
4354	:	1770321271.740	     0.921	0	54	0	0	write_iso_sources /home/kcw2/data/genome_db/GCF_025150245.1
4375	:	1770321272.297	     0.368	0	54	0	0	write_iso_sources /home/kcw2/data/genome_db/GCF_011464075.1
4376	:	1770321272.313	     0.352	0	54	0	0	write_iso_sources /home/kcw2/data/genome_db/GCF_011464195.1
4319	:	1770321271.044	     1.646	0	54	0	0	write_iso_sources /home/kcw2/data/genome_db/GCF_022759525.1
4331	:	1770321271.314	     1.377	0	54	0	0	write_iso_sources /home/kcw2/data/genome_db/GCF_001606235.1
4314	:	1770321270.965	     1.751	0	54	0	0	write_iso_sources /home/kcw2/data/genome_db/GCF_048307675.1
4337	:	1770321271.421	     1.296	0	54	0	0	write_iso_sources /home/kcw2/data/genome_db/GCF_021049305.1
4336	:	1770321271.395	     1.324	0	54	0	0	write_iso_sources /home/kcw2/data/genome_db/GCF_009914495.1
4361	:	1770321271.855	     0.920	0	54	0	0	write_iso_sources /home/kcw2/data/genome_db/GCF_002761875.1
4313	:	1770321270.956	     1.840	0	54	0	0	write_iso_sources /home/kcw2/data/genome_db/GCF_048307605.1
4362	:	1770321271.870	     0.928	0	54	0	0	write_iso_sources /home/kcw2/data/genome_db/GCF_003939335.2
4332	:	1770321271.336	     1.498	0	54	0	0	write_iso_sources /home/kcw2/data/genome_db/GCF_001606255.1
4351	:	1770321271.693	     1.199	0	54	0	0	write_iso_sources /home/kcw2/data/genome_db/GCF_044357765.1
4359	:	1770321271.826	     1.069	0	54	0	0	write_iso_sources /home/kcw2/data/genome_db/GCF_004337595.1
4350	:	1770321271.671	     1.285	0	54	0	0	write_iso_sources /home/kcw2/data/genome_db/GCF_009183365.2
4360	:	1770321271.837	     1.121	0	54	0	0	write_iso_sources /home/kcw2/data/genome_db/GCF_008180305.1
4352	:	1770321271.705	     1.276	0	54	0	0	write_iso_sources /home/kcw2/data/genome_db/GCF_048832875.1
4349	:	1770321271.654	     1.358	0	54	0	0	write_iso_sources /home/kcw2/data/genome_db/GCF_003721455.1
4363	:	1770321271.887	     1.138	0	54	0	0	write_iso_sources /home/kcw2/data/genome_db/GCF_001274595.1
4364	:	1770321271.905	     1.174	0	54	0	0	write_iso_sources /home/kcw2/data/genome_db/GCF_002025605.1
4386	:	1770321272.529	     0.552	0	54	0	0	write_iso_sources /home/kcw2/data/genome_db/GCF_002386365.1
4382	:	1770321272.439	     0.671	0	54	0	0	write_iso_sources /home/kcw2/data/genome_db/GCF_049943045.1
4385	:	1770321272.496	     0.651	0	54	0	0	write_iso_sources /home/kcw2/data/genome_db/GCF_001548235.1
4366	:	1770321272.038	     1.161	0	54	0	0	write_iso_sources /home/kcw2/data/genome_db/GCF_011386925.1
4377	:	1770321272.335	     0.868	0	54	0	0	write_iso_sources /home/kcw2/data/genome_db/GCF_041877115.1
4378	:	1770321272.357	     0.880	0	54	0	0	write_iso_sources /home/kcw2/data/genome_db/GCF_046529615.1
4365	:	1770321271.931	     1.326	0	54	0	0	write_iso_sources /home/kcw2/data/genome_db/GCF_009676605.1
4381	:	1770321272.423	     0.848	0	54	0	0	write_iso_sources /home/kcw2/data/genome_db/GCF_047715425.1
4389	:	1770321272.588	     0.685	0	54	0	0	write_iso_sources /home/kcw2/data/genome_db/GCF_030515735.1
4391	:	1770321272.620	     0.655	0	54	0	0	write_iso_sources /home/kcw2/data/genome_db/GCF_900474605.1
4405	:	1770321272.906	     0.383	0	54	0	0	write_iso_sources /home/kcw2/data/genome_db/GCF_009734045.1
4406	:	1770321272.925	     0.365	0	54	0	0	write_iso_sources /home/kcw2/data/genome_db/GCF_009734065.1
4369	:	1770321272.171	     1.135	0	54	0	0	write_iso_sources /home/kcw2/data/genome_db/GCF_041294685.1
4393	:	1770321272.661	     0.661	0	54	0	0	write_iso_sources /home/kcw2/data/genome_db/GCF_001670425.2
4370	:	1770321272.184	     1.151	0	54	0	0	write_iso_sources /home/kcw2/data/genome_db/GCF_041320575.1
4390	:	1770321272.604	     0.745	0	54	0	0	write_iso_sources /home/kcw2/data/genome_db/GCF_002156805.1
4408	:	1770321272.956	     0.414	0	54	0	0	write_iso_sources /home/kcw2/data/genome_db/GCF_027286145.1
4394	:	1770321272.689	     0.700	0	54	0	0	write_iso_sources /home/kcw2/data/genome_db/GCF_001670445.2
4335	:	1770321271.373	     2.044	0	54	0	0	write_iso_sources /home/kcw2/data/genome_db/GCF_035959875.1
4407	:	1770321272.943	     0.475	0	54	0	0	write_iso_sources /home/kcw2/data/genome_db/GCF_027286125.1
4392	:	1770321272.640	     0.779	0	54	0	0	write_iso_sources /home/kcw2/data/genome_db/GCF_947054945.1
4367	:	1770321272.125	     1.296	0	54	0	0	write_iso_sources /home/kcw2/data/genome_db/GCF_023702495.1
4368	:	1770321272.148	     1.296	0	54	0	0	write_iso_sources /home/kcw2/data/genome_db/GCF_024734725.1
4400	:	1770321272.834	     0.640	0	54	0	0	write_iso_sources /home/kcw2/data/genome_db/GCF_025558385.1
4396	:	1770321272.744	     0.752	0	54	0	0	write_iso_sources /home/kcw2/data/genome_db/GCF_030408575.1
4399	:	1770321272.797	     0.729	0	54	0	0	write_iso_sources /home/kcw2/data/genome_db/GCF_016725285.1
4383	:	1770321272.452	     1.180	0	54	0	0	write_iso_sources /home/kcw2/data/genome_db/GCF_020866885.1
4395	:	1770321272.716	     0.986	0	54	0	0	write_iso_sources /home/kcw2/data/genome_db/GCF_001553605.1
4409	:	1770321272.981	     0.743	0	54	0	0	write_iso_sources /home/kcw2/data/genome_db/GCF_021650835.1
4412	:	1770321273.038	     0.745	0	54	0	0	write_iso_sources /home/kcw2/data/genome_db/GCF_018286375.1
4419	:	1770321273.167	     0.618	0	54	0	0	write_iso_sources /home/kcw2/data/genome_db/GCF_020887095.1
4387	:	1770321272.549	     1.266	0	54	0	0	write_iso_sources /home/kcw2/data/genome_db/GCF_007197835.1
4415	:	1770321273.095	     0.721	0	54	0	0	write_iso_sources /home/kcw2/data/genome_db/GCF_043589385.1
4411	:	1770321273.012	     0.816	0	54	0	0	write_iso_sources /home/kcw2/data/genome_db/GCF_018228745.1
4410	:	1770321272.992	     0.859	0	54	0	0	write_iso_sources /home/kcw2/data/genome_db/GCF_024665815.1
4439	:	1770321273.511	     0.342	0	54	0	0	write_iso_sources /home/kcw2/data/genome_db/GCF_024918975.1
4388	:	1770321272.572	     1.299	0	54	0	0	write_iso_sources /home/kcw2/data/genome_db/GCF_016025875.1
4420	:	1770321273.200	     0.700	0	54	0	0	write_iso_sources /home/kcw2/data/genome_db/GCF_021278925.1
4413	:	1770321273.056	     0.904	0	54	0	0	write_iso_sources /home/kcw2/data/genome_db/GCF_031594435.1
4416	:	1770321273.110	     0.900	0	54	0	0	write_iso_sources /home/kcw2/data/genome_db/GCF_045061055.1
4414	:	1770321273.080	     0.948	0	54	0	0	write_iso_sources /home/kcw2/data/genome_db/GCF_032248855.1
4398	:	1770321272.775	     1.375	0	54	0	0	write_iso_sources /home/kcw2/data/genome_db/GCF_037997175.1
4397	:	1770321272.756	     1.408	0	54	0	0	write_iso_sources /home/kcw2/data/genome_db/GCF_036700025.1
4442	:	1770321273.560	     0.694	0	54	0	0	write_iso_sources /home/kcw2/data/genome_db/GCF_030168305.1
4379	:	1770321272.370	     1.897	0	54	0	0	write_iso_sources /home/kcw2/data/genome_db/GCF_002354875.1
4384	:	1770321272.479	     1.805	0	54	0	0	write_iso_sources /home/kcw2/data/genome_db/GCF_030272285.1
4443	:	1770321273.586	     0.773	0	54	0	0	write_iso_sources /home/kcw2/data/genome_db/GCF_018219245.1
4429	:	1770321273.349	     1.051	0	54	0	0	write_iso_sources /home/kcw2/data/genome_db/GCF_002999115.2
4403	:	1770321272.877	     1.547	0	54	0	0	write_iso_sources /home/kcw2/data/genome_db/GCF_041319315.1
4452	:	1770321273.884	     0.572	0	54	0	0	write_iso_sources /home/kcw2/data/genome_db/GCF_900638565.1
4430	:	1770321273.371	     1.102	0	54	0	0	write_iso_sources /home/kcw2/data/genome_db/GCF_002999215.3
4440	:	1770321273.526	     0.950	0	54	0	0	write_iso_sources /home/kcw2/data/genome_db/GCF_011765565.1
4444	:	1770321273.675	     0.802	0	54	0	0	write_iso_sources /home/kcw2/data/genome_db/GCF_025558745.1
4451	:	1770321273.869	     0.608	0	54	0	0	write_iso_sources /home/kcw2/data/genome_db/GCF_016726485.1
4446	:	1770321273.743	     0.736	0	54	0	0	write_iso_sources /home/kcw2/data/genome_db/GCF_049315135.1
4431	:	1770321273.389	     1.118	0	54	0	0	write_iso_sources /home/kcw2/data/genome_db/GCF_020544425.1
4433	:	1770321273.416	     1.106	0	54	0	0	write_iso_sources /home/kcw2/data/genome_db/GCF_034073245.1
4434	:	1770321273.433	     1.092	0	54	0	0	write_iso_sources /home/kcw2/data/genome_db/GCF_034424115.1
4432	:	1770321273.404	     1.154	0	54	0	0	write_iso_sources /home/kcw2/data/genome_db/GCF_023669645.2
4438	:	1770321273.495	     1.124	0	54	0	0	write_iso_sources /home/kcw2/data/genome_db/GCF_049563345.1
4441	:	1770321273.544	     1.090	0	54	0	0	write_iso_sources /home/kcw2/data/genome_db/GCF_044784395.1
4445	:	1770321273.724	     0.929	0	54	0	0	write_iso_sources /home/kcw2/data/genome_db/GCF_049315105.1
4435	:	1770321273.445	     1.219	0	54	0	0	write_iso_sources /home/kcw2/data/genome_db/GCF_048537465.1
4426	:	1770321273.306	     1.410	0	54	0	0	write_iso_sources /home/kcw2/data/genome_db/GCF_005489985.1
4404	:	1770321272.893	     1.857	0	54	0	0	write_iso_sources /home/kcw2/data/genome_db/GCF_050211585.1
4421	:	1770321273.223	     1.547	0	54	0	0	write_iso_sources /home/kcw2/data/genome_db/GCF_002007785.1
4436	:	1770321273.461	     1.314	0	54	0	0	write_iso_sources /home/kcw2/data/genome_db/GCF_048537505.1
4427	:	1770321273.321	     1.469	0	54	0	0	write_iso_sources /home/kcw2/data/genome_db/GCF_002875015.2
4449	:	1770321273.829	     0.964	0	54	0	0	write_iso_sources /home/kcw2/data/genome_db/GCF_033947525.1
4380	:	1770321272.403	     2.392	0	54	0	0	write_iso_sources /home/kcw2/data/genome_db/GCF_036873425.1
4425	:	1770321273.288	     1.520	0	54	0	0	write_iso_sources /home/kcw2/data/genome_db/GCF_002588845.1
4423	:	1770321273.258	     1.640	0	54	0	0	write_iso_sources /home/kcw2/data/genome_db/GCF_000968415.2
4428	:	1770321273.336	     1.565	0	54	0	0	write_iso_sources /home/kcw2/data/genome_db/GCF_002875465.2
4401	:	1770321272.850	     2.096	0	54	0	0	write_iso_sources /home/kcw2/data/genome_db/GCF_042751225.1
4422	:	1770321273.238	     1.738	0	54	0	0	write_iso_sources /home/kcw2/data/genome_db/GCF_006547025.1
4424	:	1770321273.272	     1.708	0	54	0	0	write_iso_sources /home/kcw2/data/genome_db/GCF_003851465.1
4450	:	1770321273.851	     1.283	0	54	0	0	write_iso_sources /home/kcw2/data/genome_db/GCF_046603775.1
4417	:	1770321273.132	     2.039	0	54	0	0	write_iso_sources /home/kcw2/data/genome_db/GCF_041434035.1
4457	:	1770321274.021	     1.203	0	54	0	0	write_iso_sources /home/kcw2/data/genome_db/GCF_039830165.1
4470	:	1770321274.521	     0.733	0	54	0	0	write_iso_sources /home/kcw2/data/genome_db/GCF_963662975.1
4459	:	1770321274.165	     1.115	0	54	0	0	write_iso_sources /home/kcw2/data/genome_db/GCF_019844095.1
4461	:	1770321274.265	     1.017	0	54	0	0	write_iso_sources /home/kcw2/data/genome_db/GCF_002291265.1
4455	:	1770321273.931	     1.355	0	54	0	0	write_iso_sources /home/kcw2/data/genome_db/GCF_038380145.1
4467	:	1770321274.473	     0.828	0	54	0	0	write_iso_sources /home/kcw2/data/genome_db/GCF_018363055.1
4437	:	1770321273.474	     1.848	0	54	0	0	write_iso_sources /home/kcw2/data/genome_db/GCF_025200715.1
4402	:	1770321272.864	     2.480	0	54	0	0	write_iso_sources /home/kcw2/data/genome_db/GCF_049674955.1
4468	:	1770321274.493	     0.878	0	54	0	0	write_iso_sources /home/kcw2/data/genome_db/GCF_900492555.1
4447	:	1770321273.799	     1.621	0	54	0	0	write_iso_sources /home/kcw2/data/genome_db/GCF_044499405.1
4448	:	1770321273.815	     1.622	0	54	0	0	write_iso_sources /home/kcw2/data/genome_db/GCF_001586155.1
4460	:	1770321274.177	     1.263	0	54	0	0	write_iso_sources /home/kcw2/data/genome_db/GCF_024397315.1
4418	:	1770321273.147	     2.307	0	54	0	0	write_iso_sources /home/kcw2/data/genome_db/GCF_014701115.1
4456	:	1770321273.984	     1.499	0	54	0	0	write_iso_sources /home/kcw2/data/genome_db/GCF_041002895.1
4463	:	1770321274.307	     1.177	0	54	0	0	write_iso_sources /home/kcw2/data/genome_db/GCF_040201965.2
4469	:	1770321274.508	     0.978	0	54	0	0	write_iso_sources /home/kcw2/data/genome_db/GCF_000800395.1
4454	:	1770321273.918	     1.617	0	54	0	0	write_iso_sources /home/kcw2/data/genome_db/GCF_014171135.1
4464	:	1770321274.380	     1.192	0	54	0	0	write_iso_sources /home/kcw2/data/genome_db/GCF_047777855.1
4453	:	1770321273.899	     1.697	0	54	0	0	write_iso_sources /home/kcw2/data/genome_db/GCF_014170855.1
4466	:	1770321274.442	     1.248	0	54	0	0	write_iso_sources /home/kcw2/data/genome_db/GCF_009769165.1
4462	:	1770321274.284	     1.417	0	54	0	0	write_iso_sources /home/kcw2/data/genome_db/GCF_002310335.1
4465	:	1770321274.421	     1.332	0	54	0	0	write_iso_sources /home/kcw2/data/genome_db/GCF_026651895.1
4471	:	1770321274.544	     1.266	0	54	0	0	write_iso_sources /home/kcw2/data/genome_db/GCF_029717885.1
4473	:	1770321274.577	     1.317	0	54	0	0	write_iso_sources /home/kcw2/data/genome_db/GCF_049803965.1
4503	:	1770321275.395	     0.500	0	54	0	0	write_iso_sources /home/kcw2/data/genome_db/GCF_047305225.1
4478	:	1770321274.664	     1.264	0	54	0	0	write_iso_sources /home/kcw2/data/genome_db/GCF_021496275.1
4477	:	1770321274.653	     1.296	0	54	0	0	write_iso_sources /home/kcw2/data/genome_db/GCF_021496255.1
4474	:	1770321274.602	     1.371	0	54	0	0	write_iso_sources /home/kcw2/data/genome_db/GCF_009667745.1
4472	:	1770321274.558	     1.454	0	54	0	0	write_iso_sources /home/kcw2/data/genome_db/GCF_029717925.1
4499	:	1770321275.322	     0.693	0	54	0	0	write_iso_sources /home/kcw2/data/genome_db/GCF_029866925.1
4509	:	1770321275.496	     0.519	0	54	0	0	write_iso_sources /home/kcw2/data/genome_db/GCF_002356375.1
4483	:	1770321274.791	     1.261	0	54	0	0	write_iso_sources /home/kcw2/data/genome_db/GCF_011466455.1
4510	:	1770321275.513	     0.553	0	54	0	0	write_iso_sources /home/kcw2/data/genome_db/GCF_004684285.1
4488	:	1770321274.856	     1.250	0	54	0	0	write_iso_sources /home/kcw2/data/genome_db/GCF_021545805.1
4476	:	1770321274.633	     1.485	0	54	0	0	write_iso_sources /home/kcw2/data/genome_db/GCF_011578485.1
4486	:	1770321274.832	     1.303	0	54	0	0	write_iso_sources /home/kcw2/data/genome_db/GCF_003068145.2
4484	:	1770321274.809	     1.346	0	54	0	0	write_iso_sources /home/kcw2/data/genome_db/GCF_011466595.1
4487	:	1770321274.844	     1.312	0	54	0	0	write_iso_sources /home/kcw2/data/genome_db/GCF_021545725.1
4493	:	1770321275.009	     1.148	0	54	0	0	write_iso_sources /home/kcw2/data/genome_db/GCF_040895795.1
4489	:	1770321274.924	     1.234	0	54	0	0	write_iso_sources /home/kcw2/data/genome_db/GCF_030439685.1
4458	:	1770321274.041	     2.150	0	54	0	0	write_iso_sources /home/kcw2/data/genome_db/GCF_001886595.1
4490	:	1770321274.946	     1.263	0	54	0	0	write_iso_sources /home/kcw2/data/genome_db/GCF_030517175.1
4504	:	1770321275.420	     0.789	0	54	0	0	write_iso_sources /home/kcw2/data/genome_db/GCF_004209775.1
4485	:	1770321274.820	     1.417	0	54	0	0	write_iso_sources /home/kcw2/data/genome_db/GCF_003068025.2
4475	:	1770321274.619	     1.653	0	54	0	0	write_iso_sources /home/kcw2/data/genome_db/GCF_003614835.1
4492	:	1770321274.995	     1.279	0	54	0	0	write_iso_sources /home/kcw2/data/genome_db/GCF_031039055.1
4494	:	1770321275.154	     1.184	0	54	0	0	write_iso_sources /home/kcw2/data/genome_db/GCF_040895825.1
4495	:	1770321275.198	     1.141	0	54	0	0	write_iso_sources /home/kcw2/data/genome_db/GCF_041411265.1
4500	:	1770321275.344	     1.021	0	54	0	0	write_iso_sources /home/kcw2/data/genome_db/GCF_000024665.1
4505	:	1770321275.438	     0.957	0	54	0	0	write_iso_sources /home/kcw2/data/genome_db/GCF_038592875.1
4479	:	1770321274.690	     1.740	0	54	0	0	write_iso_sources /home/kcw2/data/genome_db/GCF_018255875.1
4491	:	1770321274.976	     1.470	0	54	0	0	write_iso_sources /home/kcw2/data/genome_db/GCF_031039035.1
4496	:	1770321275.254	     1.217	0	54	0	0	write_iso_sources /home/kcw2/data/genome_db/GCF_041411275.1
4498	:	1770321275.302	     1.221	0	54	0	0	write_iso_sources /home/kcw2/data/genome_db/GCF_041412565.1
4501	:	1770321275.361	     1.236	0	54	0	0	write_iso_sources /home/kcw2/data/genome_db/GCF_025853815.1
4497	:	1770321275.280	     1.332	0	54	0	0	write_iso_sources /home/kcw2/data/genome_db/GCF_041412535.1
4511	:	1770321275.534	     1.129	0	54	0	0	write_iso_sources /home/kcw2/data/genome_db/GCF_015168595.1
4502	:	1770321275.371	     1.332	0	54	0	0	write_iso_sources /home/kcw2/data/genome_db/GCF_025919605.1
4507	:	1770321275.469	     1.256	0	54	0	0	write_iso_sources /home/kcw2/data/genome_db/GCF_002381305.1
4512	:	1770321275.546	     1.188	0	54	0	0	write_iso_sources /home/kcw2/data/genome_db/GCF_016027695.1
4508	:	1770321275.483	     1.284	0	54	0	0	write_iso_sources /home/kcw2/data/genome_db/GCF_002381325.1
4513	:	1770321275.597	     1.250	0	54	0	0	write_iso_sources /home/kcw2/data/genome_db/GCF_030406145.1
4482	:	1770321274.771	     2.142	0	54	0	0	write_iso_sources /home/kcw2/data/genome_db/GCF_035977975.1
4517	:	1770321275.770	     1.158	0	54	0	0	write_iso_sources /home/kcw2/data/genome_db/GCF_016026735.1
4481	:	1770321274.742	     2.191	0	54	0	0	write_iso_sources /home/kcw2/data/genome_db/GCF_049949105.1
4535	:	1770321276.221	     0.713	0	54	0	0	write_iso_sources /home/kcw2/data/genome_db/GCF_009002285.1
4536	:	1770321276.236	     0.700	0	54	0	0	write_iso_sources /home/kcw2/data/genome_db/GCF_009789155.1
4515	:	1770321275.702	     1.318	0	54	0	0	write_iso_sources /home/kcw2/data/genome_db/GCF_044344475.1
4516	:	1770321275.712	     1.310	0	54	0	0	write_iso_sources /home/kcw2/data/genome_db/GCF_045013525.1
4518	:	1770321275.833	     1.210	0	54	0	0	write_iso_sources /home/kcw2/data/genome_db/GCF_021498225.1
4514	:	1770321275.619	     1.480	0	54	0	0	write_iso_sources /home/kcw2/data/genome_db/GCF_030444535.1
4521	:	1770321275.950	     1.201	0	54	0	0	write_iso_sources /home/kcw2/data/genome_db/GCF_001928165.2
4519	:	1770321275.908	     1.269	0	54	0	0	write_iso_sources /home/kcw2/data/genome_db/GCF_965279505.1
4522	:	1770321275.963	     1.220	0	54	0	0	write_iso_sources /home/kcw2/data/genome_db/GCF_001928175.2
4523	:	1770321275.988	     1.196	0	54	0	0	write_iso_sources /home/kcw2/data/genome_db/GCF_001929235.2
4527	:	1770321276.067	     1.133	0	54	0	0	write_iso_sources /home/kcw2/data/genome_db/GCF_004355445.1
4528	:	1770321276.086	     1.134	0	54	0	0	write_iso_sources /home/kcw2/data/genome_db/GCF_004355465.1
4525	:	1770321276.038	     1.225	0	54	0	0	write_iso_sources /home/kcw2/data/genome_db/GCF_003382855.1
4480	:	1770321274.716	     2.588	0	54	0	0	write_iso_sources /home/kcw2/data/genome_db/GCF_035918175.1
4524	:	1770321276.026	     1.295	0	54	0	0	write_iso_sources /home/kcw2/data/genome_db/GCF_001929245.2
4529	:	1770321276.118	     1.214	0	54	0	0	write_iso_sources /home/kcw2/data/genome_db/GCF_011604745.1
4537	:	1770321276.253	     1.102	0	54	0	0	write_iso_sources /home/kcw2/data/genome_db/GCF_023195795.1
4538	:	1770321276.272	     1.086	0	54	0	0	write_iso_sources /home/kcw2/data/genome_db/GCF_029229465.1
4545	:	1770321276.421	     0.938	0	54	0	0	write_iso_sources /home/kcw2/data/genome_db/GCF_002076875.1
4526	:	1770321276.052	     1.322	0	54	0	0	write_iso_sources /home/kcw2/data/genome_db/GCF_003382875.1
4506	:	1770321275.455	     1.922	0	54	0	0	write_iso_sources /home/kcw2/data/genome_db/GCF_003330785.1
4547	:	1770321276.471	     0.909	0	54	0	0	write_iso_sources /home/kcw2/data/genome_db/GCF_042638125.1
4531	:	1770321276.155	     1.240	0	54	0	0	write_iso_sources /home/kcw2/data/genome_db/GCF_040202795.2
4532	:	1770321276.176	     1.250	0	54	0	0	write_iso_sources /home/kcw2/data/genome_db/GCF_042941305.1
4548	:	1770321276.490	     0.977	0	54	0	0	write_iso_sources /home/kcw2/data/genome_db/GCF_042638135.1
4530	:	1770321276.136	     1.346	0	54	0	0	write_iso_sources /home/kcw2/data/genome_db/GCF_011604765.1
4546	:	1770321276.446	     1.037	0	54	0	0	write_iso_sources /home/kcw2/data/genome_db/GCF_003054425.1
4520	:	1770321275.922	     1.582	0	54	0	0	write_iso_sources /home/kcw2/data/genome_db/GCF_000742855.1
4533	:	1770321276.191	     1.315	0	54	0	0	write_iso_sources /home/kcw2/data/genome_db/GCF_048294965.1
4534	:	1770321276.208	     1.302	0	54	0	0	write_iso_sources /home/kcw2/data/genome_db/GCF_048294985.1
4572	:	1770321277.259	     0.292	0	54	0	0	write_iso_sources /home/kcw2/data/genome_db/GCF_041729685.1
4571	:	1770321277.247	     0.318	0	54	0	0	write_iso_sources /home/kcw2/data/genome_db/GCF_041729675.1
4549	:	1770321276.534	     1.050	0	54	0	0	write_iso_sources /home/kcw2/data/genome_db/GCF_042638345.1
4550	:	1770321276.611	     1.000	0	54	0	0	write_iso_sources /home/kcw2/data/genome_db/GCF_042638355.1
4552	:	1770321276.680	     0.945	0	54	0	0	write_iso_sources /home/kcw2/data/genome_db/GCF_047783105.1
4551	:	1770321276.627	     1.237	0	54	0	0	write_iso_sources /home/kcw2/data/genome_db/GCF_044231285.1
4574	:	1770321277.321	     0.645	0	54	0	0	write_iso_sources /home/kcw2/data/genome_db/GCF_024205945.1
4573	:	1770321277.285	     0.728	0	54	0	0	write_iso_sources /home/kcw2/data/genome_db/GCF_040581435.1
4553	:	1770321276.725	     1.314	0	54	0	0	write_iso_sources /home/kcw2/data/genome_db/GCF_020271725.1
4561	:	1770321276.970	     1.154	0	54	0	0	write_iso_sources /home/kcw2/data/genome_db/GCF_036865745.1
4577	:	1770321277.375	     0.750	0	54	0	0	write_iso_sources /home/kcw2/data/genome_db/GCF_045207425.1
4540	:	1770321276.312	     1.846	0	54	0	0	write_iso_sources /home/kcw2/data/genome_db/GCF_035578105.1
4565	:	1770321277.059	     1.111	0	54	0	0	write_iso_sources /home/kcw2/data/genome_db/GCF_036866185.1
4570	:	1770321277.235	     0.948	0	54	0	0	write_iso_sources /home/kcw2/data/genome_db/GCF_025946765.1
4578	:	1770321277.395	     0.809	0	54	0	0	write_iso_sources /home/kcw2/data/genome_db/GCF_900637835.1
4556	:	1770321276.784	     1.463	0	54	0	0	write_iso_sources /home/kcw2/data/genome_db/GCF_020783535.1
4563	:	1770321277.032	     1.217	0	54	0	0	write_iso_sources /home/kcw2/data/genome_db/GCF_036865965.1
4541	:	1770321276.338	     1.940	0	54	0	0	write_iso_sources /home/kcw2/data/genome_db/GCF_006716135.1
4562	:	1770321276.988	     1.292	0	54	0	0	write_iso_sources /home/kcw2/data/genome_db/GCF_036865755.1
4568	:	1770321277.199	     1.083	0	54	0	0	write_iso_sources /home/kcw2/data/genome_db/GCF_036866405.1
4554	:	1770321276.735	     1.561	0	54	0	0	write_iso_sources /home/kcw2/data/genome_db/GCF_041319955.1
4567	:	1770321277.178	     1.124	0	54	0	0	write_iso_sources /home/kcw2/data/genome_db/GCF_036866395.1
4595	:	1770321277.680	     0.622	0	54	0	0	write_iso_sources /home/kcw2/data/genome_db/GCF_040737135.1
4543	:	1770321276.382	     1.934	0	54	0	0	write_iso_sources /home/kcw2/data/genome_db/GCF_016906185.1
4564	:	1770321277.042	     1.296	0	54	0	0	write_iso_sources /home/kcw2/data/genome_db/GCF_036865975.1
4566	:	1770321277.116	     1.223	0	54	0	0	write_iso_sources /home/kcw2/data/genome_db/GCF_036866195.1
4539	:	1770321276.294	     2.057	0	54	0	0	write_iso_sources /home/kcw2/data/genome_db/GCF_033109485.1
4555	:	1770321276.754	     1.598	0	54	0	0	write_iso_sources /home/kcw2/data/genome_db/GCF_020783515.1
4569	:	1770321277.220	     1.216	0	54	0	0	write_iso_sources /home/kcw2/data/genome_db/GCF_041464075.1
4544	:	1770321276.395	     2.064	0	54	0	0	write_iso_sources /home/kcw2/data/genome_db/GCF_016906205.1
4576	:	1770321277.356	     1.118	0	54	0	0	write_iso_sources /home/kcw2/data/genome_db/GCF_037818705.1
4579	:	1770321277.409	     1.154	0	54	0	0	write_iso_sources /home/kcw2/data/genome_db/GCF_001530015.1
4596	:	1770321277.878	     0.687	0	54	0	0	write_iso_sources /home/kcw2/data/genome_db/GCF_040739495.1
4597	:	1770321277.997	     0.588	0	54	0	0	write_iso_sources /home/kcw2/data/genome_db/GCF_000012645.1
4575	:	1770321277.333	     1.296	0	54	0	0	write_iso_sources /home/kcw2/data/genome_db/GCF_019468645.1
4542	:	1770321276.366	     2.284	0	54	0	0	write_iso_sources /home/kcw2/data/genome_db/GCF_027270315.1
4598	:	1770321278.039	     0.622	0	54	0	0	write_iso_sources /home/kcw2/data/genome_db/GCF_000011485.1
4599	:	1770321278.058	     0.734	0	54	0	0	write_iso_sources /home/kcw2/data/genome_db/GCF_040739255.1
4581	:	1770321277.442	     1.373	0	54	0	0	write_iso_sources /home/kcw2/data/genome_db/GCF_003037615.2
4582	:	1770321277.453	     1.393	0	54	0	0	write_iso_sources /home/kcw2/data/genome_db/GCF_003285145.1
4601	:	1770321278.159	     0.703	0	54	0	0	write_iso_sources /home/kcw2/data/genome_db/GCF_000963675.1
4603	:	1770321278.183	     0.707	0	54	0	0	write_iso_sources /home/kcw2/data/genome_db/GCF_007973825.1
4558	:	1770321276.928	     1.979	0	54	0	0	write_iso_sources /home/kcw2/data/genome_db/GCF_045161695.1
4604	:	1770321278.197	     0.723	0	54	0	0	write_iso_sources /home/kcw2/data/genome_db/GCF_007974025.1
4605	:	1770321278.216	     0.707	0	54	0	0	write_iso_sources /home/kcw2/data/genome_db/GCF_007976625.1
4583	:	1770321277.467	     1.470	0	54	0	0	write_iso_sources /home/kcw2/data/genome_db/GCF_018314145.1
4600	:	1770321278.141	     0.818	0	54	0	0	write_iso_sources /home/kcw2/data/genome_db/GCF_040739365.1
4602	:	1770321278.169	     0.791	0	54	0	0	write_iso_sources /home/kcw2/data/genome_db/GCF_002285575.1
4585	:	1770321277.503	     1.483	0	54	0	0	write_iso_sources /home/kcw2/data/genome_db/GCF_019317145.1
4586	:	1770321277.532	     1.457	0	54	0	0	write_iso_sources /home/kcw2/data/genome_db/GCF_019317165.1
4591	:	1770321277.626	     1.363	0	54	0	0	write_iso_sources /home/kcw2/data/genome_db/GCF_041213405.1
4580	:	1770321277.427	     1.582	0	54	0	0	write_iso_sources /home/kcw2/data/genome_db/GCF_001611055.1
4557	:	1770321276.864	     2.165	0	54	0	0	write_iso_sources /home/kcw2/data/genome_db/GCF_045161645.1
4589	:	1770321277.583	     1.447	0	54	0	0	write_iso_sources /home/kcw2/data/genome_db/GCF_027594925.1
4592	:	1770321277.637	     1.395	0	54	0	0	write_iso_sources /home/kcw2/data/genome_db/GCF_041213435.1
4611	:	1770321278.350	     0.696	0	54	0	0	write_iso_sources /home/kcw2/data/genome_db/GCF_030370355.1
4594	:	1770321277.667	     1.401	0	54	0	0	write_iso_sources /home/kcw2/data/genome_db/GCF_041221915.1
4593	:	1770321277.656	     1.414	0	54	0	0	write_iso_sources /home/kcw2/data/genome_db/GCF_041221905.1
4608	:	1770321278.315	     0.756	0	54	0	0	write_iso_sources /home/kcw2/data/genome_db/GCF_007980285.1
4584	:	1770321277.482	     1.600	0	54	0	0	write_iso_sources /home/kcw2/data/genome_db/GCF_018604765.1
4587	:	1770321277.551	     1.533	0	54	0	0	write_iso_sources /home/kcw2/data/genome_db/GCF_023066765.1
4610	:	1770321278.338	     0.747	0	54	0	0	write_iso_sources /home/kcw2/data/genome_db/GCF_023516315.1
4609	:	1770321278.325	     0.770	0	54	0	0	write_iso_sources /home/kcw2/data/genome_db/GCF_023516275.1
4612	:	1770321278.366	     0.741	0	54	0	0	write_iso_sources /home/kcw2/data/genome_db/GCF_030370375.1
4614	:	1770321278.406	     0.712	0	54	0	0	write_iso_sources /home/kcw2/data/genome_db/GCF_046115545.1
4607	:	1770321278.296	     0.857	0	54	0	0	write_iso_sources /home/kcw2/data/genome_db/GCF_007980145.1
4588	:	1770321277.565	     1.601	0	54	0	0	write_iso_sources /home/kcw2/data/genome_db/GCF_023066785.1
4613	:	1770321278.384	     0.783	0	54	0	0	write_iso_sources /home/kcw2/data/genome_db/GCF_046115535.1
4606	:	1770321278.279	     0.940	0	54	0	0	write_iso_sources /home/kcw2/data/genome_db/GCF_007976765.1
4622	:	1770321278.585	     0.635	0	54	0	0	write_iso_sources /home/kcw2/data/genome_db/GCF_024220095.1
4623	:	1770321278.605	     0.616	0	54	0	0	write_iso_sources /home/kcw2/data/genome_db/GCF_037905975.1
4627	:	1770321278.673	     0.548	0	54	0	0	write_iso_sources /home/kcw2/data/genome_db/GCF_037911845.1
4621	:	1770321278.564	     0.677	0	54	0	0	write_iso_sources /home/kcw2/data/genome_db/GCF_019552065.1
4590	:	1770321277.611	     1.659	0	54	0	0	write_iso_sources /home/kcw2/data/genome_db/GCF_027594945.1
4632	:	1770321278.907	     0.365	0	54	0	0	write_iso_sources /home/kcw2/data/genome_db/GCF_039540065.1
4625	:	1770321278.641	     0.661	0	54	0	0	write_iso_sources /home/kcw2/data/genome_db/GCF_037889045.1
4624	:	1770321278.626	     0.679	0	54	0	0	write_iso_sources /home/kcw2/data/genome_db/GCF_037906325.1
4560	:	1770321276.957	     2.375	0	54	0	0	write_iso_sources /home/kcw2/data/genome_db/GCF_045160795.1
4630	:	1770321278.863	     0.493	0	54	0	0	write_iso_sources /home/kcw2/data/genome_db/GCF_016725005.1
4626	:	1770321278.662	     0.709	0	54	0	0	write_iso_sources /home/kcw2/data/genome_db/GCF_037893335.1
4559	:	1770321276.945	     2.430	0	54	0	0	write_iso_sources /home/kcw2/data/genome_db/GCF_045160785.1
4628	:	1770321278.808	     0.599	0	54	0	0	write_iso_sources /home/kcw2/data/genome_db/GCF_037911855.1
4629	:	1770321278.829	     0.592	0	54	0	0	write_iso_sources /home/kcw2/data/genome_db/GCF_016127875.1
4615	:	1770321278.435	     1.081	0	54	0	0	write_iso_sources /home/kcw2/data/genome_db/GCF_017894365.1
4639	:	1770321279.057	     0.508	0	54	0	0	write_iso_sources /home/kcw2/data/genome_db/GCF_023299185.1
4631	:	1770321278.877	     0.724	0	54	0	0	write_iso_sources /home/kcw2/data/genome_db/GCF_044805175.1
4616	:	1770321278.458	     1.192	0	54	0	0	write_iso_sources /home/kcw2/data/genome_db/GCF_017894385.1
4640	:	1770321279.068	     0.615	0	54	0	0	write_iso_sources /home/kcw2/data/genome_db/GCF_023299345.1
4665	:	1770321279.422	     0.299	0	54	0	0	write_iso_sources /home/kcw2/data/genome_db/GCF_900002515.1
4635	:	1770321278.959	     0.782	0	54	0	0	write_iso_sources /home/kcw2/data/genome_db/GCF_002952315.1
4663	:	1770321279.393	     0.351	0	54	0	0	write_iso_sources /home/kcw2/data/genome_db/GCF_002844715.2
4617	:	1770321278.474	     1.319	0	54	0	0	write_iso_sources /home/kcw2/data/genome_db/GCF_002943995.1
4666	:	1770321279.438	     0.403	0	54	0	0	write_iso_sources /home/kcw2/data/genome_db/GCF_900416705.2
4641	:	1770321279.083	     0.789	0	54	0	0	write_iso_sources /home/kcw2/data/genome_db/GCF_026559675.1
4664	:	1770321279.408	     0.480	0	54	0	0	write_iso_sources /home/kcw2/data/genome_db/GCF_002844755.2
4668	:	1770321279.476	     0.424	0	54	0	0	write_iso_sources /home/kcw2/data/genome_db/GCF_000767445.1
4667	:	1770321279.452	     0.463	0	54	0	0	write_iso_sources /home/kcw2/data/genome_db/GCF_000767405.1
4618	:	1770321278.496	     1.453	0	54	0	0	write_iso_sources /home/kcw2/data/genome_db/GCF_003671975.1
4679	:	1770321279.756	     0.351	0	54	0	0	write_iso_sources /home/kcw2/data/genome_db/GCF_020459125.1
4619	:	1770321278.527	     1.598	0	54	0	0	write_iso_sources /home/kcw2/data/genome_db/GCF_004919535.4
4642	:	1770321279.096	     1.039	0	54	0	0	write_iso_sources /home/kcw2/data/genome_db/GCF_044499995.1
4680	:	1770321279.775	     0.422	0	54	0	0	write_iso_sources /home/kcw2/data/genome_db/GCF_020549965.1
4637	:	1770321279.010	     1.224	0	54	0	0	write_iso_sources /home/kcw2/data/genome_db/GCF_020783295.1
4634	:	1770321278.938	     1.299	0	54	0	0	write_iso_sources /home/kcw2/data/genome_db/GCF_045038035.1
4636	:	1770321278.987	     1.265	0	54	0	0	write_iso_sources /home/kcw2/data/genome_db/GCF_025158995.1
4648	:	1770321279.167	     1.089	0	54	0	0	write_iso_sources /home/kcw2/data/genome_db/GCF_001021005.2
4647	:	1770321279.153	     1.120	0	54	0	0	write_iso_sources /home/kcw2/data/genome_db/GCF_001020945.2
4643	:	1770321279.106	     1.203	0	54	0	0	write_iso_sources /home/kcw2/data/genome_db/GCF_001586165.1
4672	:	1770321279.583	     0.728	0	54	0	0	write_iso_sources /home/kcw2/data/genome_db/GCF_016747875.1
4644	:	1770321279.118	     1.194	0	54	0	0	write_iso_sources /home/kcw2/data/genome_db/GCF_001026985.1
4633	:	1770321278.920	     1.425	0	54	0	0	write_iso_sources /home/kcw2/data/genome_db/GCF_041459945.1
4646	:	1770321279.144	     1.203	0	54	0	0	write_iso_sources /home/kcw2/data/genome_db/GCF_014338485.1
4620	:	1770321278.544	     1.831	0	54	0	0	write_iso_sources /home/kcw2/data/genome_db/GCF_021233455.1
4638	:	1770321279.046	     1.332	0	54	0	0	write_iso_sources /home/kcw2/data/genome_db/GCF_022493915.1
4645	:	1770321279.131	     1.247	0	54	0	0	write_iso_sources /home/kcw2/data/genome_db/GCF_025140475.1
4685	:	1770321279.899	     0.481	0	54	0	0	write_iso_sources /home/kcw2/data/genome_db/GCF_900660505.1
4671	:	1770321279.565	     0.865	0	54	0	0	write_iso_sources /home/kcw2/data/genome_db/GCF_011065405.1
4673	:	1770321279.602	     0.859	0	54	0	0	write_iso_sources /home/kcw2/data/genome_db/GCF_001652465.1
4652	:	1770321279.219	     1.289	0	54	0	0	write_iso_sources /home/kcw2/data/genome_db/GCF_013167295.1
4649	:	1770321279.187	     1.345	0	54	0	0	write_iso_sources /home/kcw2/data/genome_db/GCF_001753505.1
4656	:	1770321279.271	     1.287	0	54	0	0	write_iso_sources /home/kcw2/data/genome_db/GCF_016458885.1
4654	:	1770321279.241	     1.337	0	54	0	0	write_iso_sources /home/kcw2/data/genome_db/GCF_013167735.1
4669	:	1770321279.516	     1.089	0	54	0	0	write_iso_sources /home/kcw2/data/genome_db/GCF_011387015.1
4650	:	1770321279.196	     1.422	0	54	0	0	write_iso_sources /home/kcw2/data/genome_db/GCF_001753525.1
4657	:	1770321279.285	     1.385	0	54	0	0	write_iso_sources /home/kcw2/data/genome_db/GCF_017165075.1
4659	:	1770321279.321	     1.384	0	54	0	0	write_iso_sources /home/kcw2/data/genome_db/GCF_020423185.1
4655	:	1770321279.254	     1.463	0	54	0	0	write_iso_sources /home/kcw2/data/genome_db/GCF_015353135.1
4693	:	1770321280.252	     0.486	0	54	0	0	write_iso_sources /home/kcw2/data/genome_db/GCF_048570965.1
4658	:	1770321279.302	     1.450	0	54	0	0	write_iso_sources /home/kcw2/data/genome_db/GCF_017165095.1
4660	:	1770321279.333	     1.434	0	54	0	0	write_iso_sources /home/kcw2/data/genome_db/GCF_020423205.1
4651	:	1770321279.207	     1.605	0	54	0	0	write_iso_sources /home/kcw2/data/genome_db/GCF_013167275.1
4675	:	1770321279.650	     1.172	0	54	0	0	write_iso_sources /home/kcw2/data/genome_db/GCF_021768305.1
4676	:	1770321279.683	     1.153	0	54	0	0	write_iso_sources /home/kcw2/data/genome_db/GCF_021768345.1
4686	:	1770321279.914	     0.937	0	54	0	0	write_iso_sources /home/kcw2/data/genome_db/GCF_020524035.2
4681	:	1770321279.792	     1.108	0	54	0	0	write_iso_sources /home/kcw2/data/genome_db/GCF_040285045.1
4670	:	1770321279.542	     1.388	0	54	0	0	write_iso_sources /home/kcw2/data/genome_db/GCF_020097395.1
4694	:	1770321280.274	     0.680	0	54	0	0	write_iso_sources /home/kcw2/data/genome_db/GCF_008151785.1
4674	:	1770321279.620	     1.350	0	54	0	0	write_iso_sources /home/kcw2/data/genome_db/GCF_001442535.1
4661	:	1770321279.355	     1.776	0	54	0	0	write_iso_sources /home/kcw2/data/genome_db/GCF_045276965.1
4682	:	1770321279.809	     1.361	0	54	0	0	write_iso_sources /home/kcw2/data/genome_db/GCF_040285055.1
4653	:	1770321279.231	     1.986	0	54	0	0	write_iso_sources /home/kcw2/data/genome_db/GCF_013167715.1
4662	:	1770321279.371	     1.927	0	54	0	0	write_iso_sources /home/kcw2/data/genome_db/GCF_045276995.1
4687	:	1770321279.930	     1.496	0	54	0	0	write_iso_sources /home/kcw2/data/genome_db/GCF_003812365.1
4698	:	1770321280.346	     1.113	0	54	0	0	write_iso_sources /home/kcw2/data/genome_db/GCF_003717135.1
4695	:	1770321280.290	     1.194	0	54	0	0	write_iso_sources /home/kcw2/data/genome_db/GCF_020691705.1
4699	:	1770321280.363	     1.124	0	54	0	0	write_iso_sources /home/kcw2/data/genome_db/GCF_003717795.1
4696	:	1770321280.308	     1.207	0	54	0	0	write_iso_sources /home/kcw2/data/genome_db/GCF_028893075.1
4688	:	1770321279.967	     1.575	0	54	0	0	write_iso_sources /home/kcw2/data/genome_db/GCF_003812585.1
4678	:	1770321279.742	     1.834	0	54	0	0	write_iso_sources /home/kcw2/data/genome_db/GCF_016728825.1
4700	:	1770321280.374	     1.203	0	54	0	0	write_iso_sources /home/kcw2/data/genome_db/GCF_003717815.1
4689	:	1770321280.118	     1.516	0	54	0	0	write_iso_sources /home/kcw2/data/genome_db/GCF_023374395.1
4701	:	1770321280.397	     1.240	0	54	0	0	write_iso_sources /home/kcw2/data/genome_db/GCF_003718235.1
4703	:	1770321280.430	     1.208	0	54	0	0	write_iso_sources /home/kcw2/data/genome_db/GCF_003719215.1
4708	:	1770321280.504	     1.137	0	54	0	0	write_iso_sources /home/kcw2/data/genome_db/GCF_900205275.1
4704	:	1770321280.448	     1.233	0	54	0	0	write_iso_sources /home/kcw2/data/genome_db/GCF_003719235.1
4683	:	1770321279.858	     1.825	0	54	0	0	write_iso_sources /home/kcw2/data/genome_db/GCF_003851345.1
4690	:	1770321280.135	     1.549	0	54	0	0	write_iso_sources /home/kcw2/data/genome_db/GCF_023374415.1
4677	:	1770321279.721	     2.013	0	54	0	0	write_iso_sources /home/kcw2/data/genome_db/GCF_016027035.1
4692	:	1770321280.221	     1.519	0	54	0	0	write_iso_sources /home/kcw2/data/genome_db/GCF_036352035.1
4697	:	1770321280.329	     1.413	0	54	0	0	write_iso_sources /home/kcw2/data/genome_db/GCF_003717115.1
4714	:	1770321280.632	     1.148	0	54	0	0	write_iso_sources /home/kcw2/data/genome_db/GCF_005885895.1
4706	:	1770321280.477	     1.374	0	54	0	0	write_iso_sources /home/kcw2/data/genome_db/GCF_030254765.1
4716	:	1770321280.717	     1.135	0	54	0	0	write_iso_sources /home/kcw2/data/genome_db/GCF_012530335.1
4702	:	1770321280.412	     1.442	0	54	0	0	write_iso_sources /home/kcw2/data/genome_db/GCF_003718255.1
4705	:	1770321280.461	     1.408	0	54	0	0	write_iso_sources /home/kcw2/data/genome_db/GCF_030254745.1
4707	:	1770321280.492	     1.379	0	54	0	0	write_iso_sources /home/kcw2/data/genome_db/GCF_900205265.1
4715	:	1770321280.686	     1.212	0	54	0	0	write_iso_sources /home/kcw2/data/genome_db/GCF_012530215.1
4722	:	1770321280.834	     1.080	0	54	0	0	write_iso_sources /home/kcw2/data/genome_db/GCF_028893355.1
4713	:	1770321280.618	     1.320	0	54	0	0	write_iso_sources /home/kcw2/data/genome_db/GCF_005885875.1
4730	:	1770321281.185	     0.756	0	54	0	0	write_iso_sources /home/kcw2/data/genome_db/GCF_003004115.1
4684	:	1770321279.887	     2.079	0	54	0	0	write_iso_sources /home/kcw2/data/genome_db/GCF_003851805.1
4719	:	1770321280.766	     1.217	0	54	0	0	write_iso_sources /home/kcw2/data/genome_db/GCF_023518155.1
4709	:	1770321280.526	     1.476	0	54	0	0	write_iso_sources /home/kcw2/data/genome_db/GCF_001756025.2
4710	:	1770321280.551	     1.467	0	54	0	0	write_iso_sources /home/kcw2/data/genome_db/GCF_001887015.1
4718	:	1770321280.752	     1.291	0	54	0	0	write_iso_sources /home/kcw2/data/genome_db/GCF_016454365.1
4720	:	1770321280.784	     1.262	0	54	0	0	write_iso_sources /home/kcw2/data/genome_db/GCF_023702165.1
4721	:	1770321280.823	     1.225	0	54	0	0	write_iso_sources /home/kcw2/data/genome_db/GCF_028893295.1
4729	:	1770321281.145	     0.903	0	54	0	0	write_iso_sources /home/kcw2/data/genome_db/GCF_001590695.1
4711	:	1770321280.578	     1.537	0	54	0	0	write_iso_sources /home/kcw2/data/genome_db/GCF_004194625.2
4723	:	1770321280.851	     1.266	0	54	0	0	write_iso_sources /home/kcw2/data/genome_db/GCF_037873485.1
4724	:	1770321280.864	     1.253	0	54	0	0	write_iso_sources /home/kcw2/data/genome_db/GCF_037875175.1
4752	:	1770321281.869	     0.250	0	54	0	0	write_iso_sources /home/kcw2/data/genome_db/GCF_003099975.1
4731	:	1770321281.242	     0.900	0	54	0	0	write_iso_sources /home/kcw2/data/genome_db/GCF_041902455.1
4751	:	1770321281.851	     0.293	0	54	0	0	write_iso_sources /home/kcw2/data/genome_db/GCF_049314985.1
4725	:	1770321280.914	     1.240	0	54	0	0	write_iso_sources /home/kcw2/data/genome_db/GCF_042183685.1
4717	:	1770321280.736	     1.434	0	54	0	0	write_iso_sources /home/kcw2/data/genome_db/GCF_016452165.1
4712	:	1770321280.598	     1.621	0	54	0	0	write_iso_sources /home/kcw2/data/genome_db/GCF_004323995.2
4691	:	1770321280.153	     2.102	0	54	0	0	write_iso_sources /home/kcw2/data/genome_db/GCF_025643555.1
4732	:	1770321281.316	     0.969	0	54	0	0	write_iso_sources /home/kcw2/data/genome_db/GCF_048595975.1
4726	:	1770321280.943	     1.356	0	54	0	0	write_iso_sources /home/kcw2/data/genome_db/GCF_042184335.1
4727	:	1770321280.969	     1.332	0	54	0	0	write_iso_sources /home/kcw2/data/genome_db/GCF_900166885.1
4754	:	1770321281.899	     0.404	0	54	0	0	write_iso_sources /home/kcw2/data/genome_db/GCF_032595895.2
4753	:	1770321281.887	     0.432	0	54	0	0	write_iso_sources /home/kcw2/data/genome_db/GCF_030440365.2
4748	:	1770321281.779	     0.585	0	54	0	0	write_iso_sources /home/kcw2/data/genome_db/GCF_002951955.2
4728	:	1770321280.980	     1.421	0	54	0	0	write_iso_sources /home/kcw2/data/genome_db/GCF_900184385.1
4755	:	1770321281.915	     0.489	0	54	0	0	write_iso_sources /home/kcw2/data/genome_db/GCF_900478295.1
4745	:	1770321281.719	     0.740	0	54	0	0	write_iso_sources /home/kcw2/data/genome_db/GCF_046605425.1
4756	:	1770321281.939	     0.525	0	54	0	0	write_iso_sources /home/kcw2/data/genome_db/GCF_016127275.1
4746	:	1770321281.734	     0.750	0	54	0	0	write_iso_sources /home/kcw2/data/genome_db/GCF_046605435.1
4733	:	1770321281.459	     1.129	0	54	0	0	write_iso_sources /home/kcw2/data/genome_db/GCF_032164335.1
4783	:	1770321282.484	     0.140	0	54	0	0	write_iso_sources /home/kcw2/data/genome_db/GCF_029910635.1
4784	:	1770321282.510	     0.132	0	54	0	0	write_iso_sources /home/kcw2/data/genome_db/GCF_045343835.1
4739	:	1770321281.612	     1.164	0	54	0	0	write_iso_sources /home/kcw2/data/genome_db/GCF_014495725.1
4740	:	1770321281.635	     1.168	0	54	0	0	write_iso_sources /home/kcw2/data/genome_db/GCF_025490555.1
4747	:	1770321281.762	     1.046	0	54	0	0	write_iso_sources /home/kcw2/data/genome_db/GCF_001922305.1
4778	:	1770321282.379	     0.430	0	54	0	0	write_iso_sources /home/kcw2/data/genome_db/GCF_042999335.1
4737	:	1770321281.559	     1.250	0	54	0	0	write_iso_sources /home/kcw2/data/genome_db/GCF_000767615.3
4787	:	1770321282.575	     0.236	0	54	0	0	write_iso_sources /home/kcw2/data/genome_db/GCF_001648115.1
4788	:	1770321282.588	     0.223	0	54	0	0	write_iso_sources /home/kcw2/data/genome_db/GCF_011035165.1
4735	:	1770321281.515	     1.310	0	54	0	0	write_iso_sources /home/kcw2/data/genome_db/GCF_047126875.1
4777	:	1770321282.363	     0.498	0	54	0	0	write_iso_sources /home/kcw2/data/genome_db/GCF_042997765.1
4772	:	1770321282.256	     0.658	0	54	0	0	write_iso_sources /home/kcw2/data/genome_db/GCF_045582975.1
4769	:	1770321282.201	     0.729	0	54	0	0	write_iso_sources /home/kcw2/data/genome_db/GCF_045571635.1
4763	:	1770321282.088	     0.883	0	54	0	0	write_iso_sources /home/kcw2/data/genome_db/GCF_000143085.1
4749	:	1770321281.797	     1.213	0	54	0	0	write_iso_sources /home/kcw2/data/genome_db/GCF_028893215.1
4738	:	1770321281.577	     1.450	0	54	0	0	write_iso_sources /home/kcw2/data/genome_db/GCF_001636275.1
4761	:	1770321282.043	     0.999	0	54	0	0	write_iso_sources /home/kcw2/data/genome_db/GCF_027941795.1
4770	:	1770321282.219	     0.825	0	54	0	0	write_iso_sources /home/kcw2/data/genome_db/GCF_045571645.1
4764	:	1770321282.115	     0.953	0	54	0	0	write_iso_sources /home/kcw2/data/genome_db/GCF_965284425.1
4762	:	1770321282.062	     1.056	0	54	0	0	write_iso_sources /home/kcw2/data/genome_db/GCF_965227915.1
4744	:	1770321281.703	     1.434	0	54	0	0	write_iso_sources /home/kcw2/data/genome_db/GCF_016894365.1
4782	:	1770321282.458	     0.682	0	54	0	0	write_iso_sources /home/kcw2/data/genome_db/GCF_015476195.1
4750	:	1770321281.829	     1.335	0	54	0	0	write_iso_sources /home/kcw2/data/genome_db/GCF_028893255.1
4757	:	1770321281.955	     1.210	0	54	0	0	write_iso_sources /home/kcw2/data/genome_db/GCF_003288095.1
4775	:	1770321282.320	     0.864	0	54	0	0	write_iso_sources /home/kcw2/data/genome_db/GCF_016726345.1
4768	:	1770321282.182	     1.044	0	54	0	0	write_iso_sources /home/kcw2/data/genome_db/GCF_008086325.1
4771	:	1770321282.236	     0.991	0	54	0	0	write_iso_sources /home/kcw2/data/genome_db/GCF_045582955.1
4791	:	1770321282.642	     0.587	0	54	0	0	write_iso_sources /home/kcw2/data/genome_db/GCF_000833495.1
4792	:	1770321282.661	     0.568	0	54	0	0	write_iso_sources /home/kcw2/data/genome_db/GCF_000833515.1
4789	:	1770321282.607	     0.637	0	54	0	0	write_iso_sources /home/kcw2/data/genome_db/GCF_029234155.1
4736	:	1770321281.543	     1.703	0	54	0	0	write_iso_sources /home/kcw2/data/genome_db/GCF_044865155.1
4759	:	1770321281.982	     1.309	0	54	0	0	write_iso_sources /home/kcw2/data/genome_db/GCF_006770365.1
4790	:	1770321282.619	     0.674	0	54	0	0	write_iso_sources /home/kcw2/data/genome_db/GCF_029234175.1
4743	:	1770321281.680	     1.636	0	54	0	0	write_iso_sources /home/kcw2/data/genome_db/GCF_008807855.1
4767	:	1770321282.170	     1.148	0	54	0	0	write_iso_sources /home/kcw2/data/genome_db/GCF_004792395.1
4741	:	1770321281.655	     1.753	0	54	0	0	write_iso_sources /home/kcw2/data/genome_db/GCF_014357995.1
4760	:	1770321282.002	     1.407	0	54	0	0	write_iso_sources /home/kcw2/data/genome_db/GCF_006770385.1
4795	:	1770321282.847	     0.564	0	54	0	0	write_iso_sources /home/kcw2/data/genome_db/GCF_000021565.1
4776	:	1770321282.340	     1.100	0	54	0	0	write_iso_sources /home/kcw2/data/genome_db/GCF_025723105.1
4781	:	1770321282.438	     1.003	0	54	0	0	write_iso_sources /home/kcw2/data/genome_db/GCF_015476175.1
4794	:	1770321282.826	     0.641	0	54	0	0	write_iso_sources /home/kcw2/data/genome_db/GCF_002158845.1
4799	:	1770321282.895	     0.575	0	54	0	0	write_iso_sources /home/kcw2/data/genome_db/GCF_001543245.1
4779	:	1770321282.401	     1.096	0	54	0	0	write_iso_sources /home/kcw2/data/genome_db/GCF_050632195.1
4793	:	1770321282.804	     0.695	0	54	0	0	write_iso_sources /home/kcw2/data/genome_db/GCF_900637915.1
4780	:	1770321282.422	     1.094	0	54	0	0	write_iso_sources /home/kcw2/data/genome_db/GCF_009834205.1
4742	:	1770321281.667	     1.917	0	54	0	0	write_iso_sources /home/kcw2/data/genome_db/GCF_018223765.1
4773	:	1770321282.284	     1.305	0	54	0	0	write_iso_sources /home/kcw2/data/genome_db/GCF_001890445.1
4774	:	1770321282.300	     1.289	0	54	0	0	write_iso_sources /home/kcw2/data/genome_db/GCF_001922165.1
4785	:	1770321282.538	     1.063	0	54	0	0	write_iso_sources /home/kcw2/data/genome_db/GCF_050259585.1
4796	:	1770321282.861	     0.743	0	54	0	0	write_iso_sources /home/kcw2/data/genome_db/GCF_041897555.1
4758	:	1770321281.967	     1.680	0	54	0	0	write_iso_sources /home/kcw2/data/genome_db/GCF_005944105.1
4786	:	1770321282.558	     1.277	0	54	0	0	write_iso_sources /home/kcw2/data/genome_db/GCF_003073595.1
4815	:	1770321283.244	     0.663	0	54	0	0	write_iso_sources /home/kcw2/data/genome_db/GCF_003010455.1
4828	:	1770321283.467	     0.440	0	54	0	0	write_iso_sources /home/kcw2/data/genome_db/GCF_019576055.1
4813	:	1770321283.199	     0.735	0	54	0	0	write_iso_sources /home/kcw2/data/genome_db/GCF_024584785.1
4816	:	1770321283.259	     0.679	0	54	0	0	write_iso_sources /home/kcw2/data/genome_db/GCF_003076495.1
4734	:	1770321281.485	     2.481	0	54	0	0	write_iso_sources /home/kcw2/data/genome_db/GCF_002591335.1
4821	:	1770321283.338	     0.629	0	54	0	0	write_iso_sources /home/kcw2/data/genome_db/GCF_030408375.1
4827	:	1770321283.451	     0.518	0	54	0	0	write_iso_sources /home/kcw2/data/genome_db/GCF_019575995.1
4823	:	1770321283.367	     0.626	0	54	0	0	write_iso_sources /home/kcw2/data/genome_db/GCF_001586235.1
4765	:	1770321282.142	     1.878	0	54	0	0	write_iso_sources /home/kcw2/data/genome_db/GCF_023821965.1
4797	:	1770321282.871	     1.161	0	54	0	0	write_iso_sources /home/kcw2/data/genome_db/GCF_915401745.1
4801	:	1770321282.930	     1.103	0	54	0	0	write_iso_sources /home/kcw2/data/genome_db/GCF_022406815.1
4766	:	1770321282.155	     1.904	0	54	0	0	write_iso_sources /home/kcw2/data/genome_db/GCF_024380055.1
4802	:	1770321282.944	     1.115	0	54	0	0	write_iso_sources /home/kcw2/data/genome_db/GCF_022751255.1
4811	:	1770321283.164	     0.917	0	54	0	0	write_iso_sources /home/kcw2/data/genome_db/GCF_028541545.1
4798	:	1770321282.882	     1.256	0	54	0	0	write_iso_sources /home/kcw2/data/genome_db/GCF_915401765.1
4812	:	1770321283.183	     0.987	0	54	0	0	write_iso_sources /home/kcw2/data/genome_db/GCF_028541565.1
4818	:	1770321283.292	     0.909	0	54	0	0	write_iso_sources /home/kcw2/data/genome_db/GCF_009363215.3
4810	:	1770321283.138	     1.098	0	54	0	0	write_iso_sources /home/kcw2/data/genome_db/GCF_003665235.1
4824	:	1770321283.390	     0.848	0	54	0	0	write_iso_sources /home/kcw2/data/genome_db/GCF_037852285.1
4820	:	1770321283.316	     0.941	0	54	0	0	write_iso_sources /home/kcw2/data/genome_db/GCF_034479555.1
4814	:	1770321283.224	     1.079	0	54	0	0	write_iso_sources /home/kcw2/data/genome_db/GCF_044799465.1
4808	:	1770321283.094	     1.228	0	54	0	0	write_iso_sources /home/kcw2/data/genome_db/GCF_017301695.1
4809	:	1770321283.118	     1.227	0	54	0	0	write_iso_sources /home/kcw2/data/genome_db/GCF_003665215.1
4807	:	1770321283.069	     1.375	0	54	0	0	write_iso_sources /home/kcw2/data/genome_db/GCF_017301675.1
4826	:	1770321283.440	     1.049	0	54	0	0	write_iso_sources /home/kcw2/data/genome_db/GCF_003612915.1
4803	:	1770321282.967	     1.563	0	54	0	0	write_iso_sources /home/kcw2/data/genome_db/GCF_047049285.1
4800	:	1770321282.915	     1.646	0	54	0	0	write_iso_sources /home/kcw2/data/genome_db/GCF_002905685.2
4831	:	1770321283.516	     1.095	0	54	0	0	write_iso_sources /home/kcw2/data/genome_db/GCF_000750295.1
4825	:	1770321283.407	     1.236	0	54	0	0	write_iso_sources /home/kcw2/data/genome_db/GCF_002749495.1
4854	:	1770321284.138	     0.526	0	54	0	0	write_iso_sources /home/kcw2/data/genome_db/GCF_049668835.1
4855	:	1770321284.152	     0.513	0	54	0	0	write_iso_sources /home/kcw2/data/genome_db/GCF_028750975.1
4830	:	1770321283.497	     1.190	0	54	0	0	write_iso_sources /home/kcw2/data/genome_db/GCF_034493545.1
4833	:	1770321283.549	     1.158	0	54	0	0	write_iso_sources /home/kcw2/data/genome_db/GCF_002128385.1
4856	:	1770321284.171	     0.539	0	54	0	0	write_iso_sources /home/kcw2/data/genome_db/GCF_028750995.1
4853	:	1770321284.115	     0.611	0	54	0	0	write_iso_sources /home/kcw2/data/genome_db/GCF_001761545.1
4832	:	1770321283.533	     1.230	0	54	0	0	write_iso_sources /home/kcw2/data/genome_db/GCF_000750335.1
4835	:	1770321283.583	     1.180	0	54	0	0	write_iso_sources /home/kcw2/data/genome_db/GCF_003184325.1
4839	:	1770321283.646	     1.123	0	54	0	0	write_iso_sources /home/kcw2/data/genome_db/GCF_020715385.1
4841	:	1770321283.683	     1.088	0	54	0	0	write_iso_sources /home/kcw2/data/genome_db/GCF_031184215.1
4829	:	1770321283.483	     1.320	0	54	0	0	write_iso_sources /home/kcw2/data/genome_db/GCF_034491365.1
4849	:	1770321284.059	     0.746	0	54	0	0	write_iso_sources /home/kcw2/data/genome_db/GCF_013046825.1
4838	:	1770321283.632	     1.187	0	54	0	0	write_iso_sources /home/kcw2/data/genome_db/GCF_015240995.1
4837	:	1770321283.620	     1.214	0	54	0	0	write_iso_sources /home/kcw2/data/genome_db/GCF_015240855.1
4819	:	1770321283.304	     1.551	0	54	0	0	write_iso_sources /home/kcw2/data/genome_db/GCF_022374895.2
4836	:	1770321283.602	     1.295	0	54	0	0	write_iso_sources /home/kcw2/data/genome_db/GCF_003312565.1
4817	:	1770321283.281	     1.642	0	54	0	0	write_iso_sources /home/kcw2/data/genome_db/GCF_000010045.1
4850	:	1770321284.070	     0.883	0	54	0	0	write_iso_sources /home/kcw2/data/genome_db/GCF_025137635.1
4804	:	1770321282.993	     1.996	0	54	0	0	write_iso_sources /home/kcw2/data/genome_db/GCF_008704395.1
4834	:	1770321283.569	     1.482	0	54	0	0	write_iso_sources /home/kcw2/data/genome_db/GCF_002220345.1
4822	:	1770321283.352	     1.717	0	54	0	0	write_iso_sources /home/kcw2/data/genome_db/GCF_022179545.1
4845	:	1770321283.982	     1.125	0	54	0	0	write_iso_sources /home/kcw2/data/genome_db/GCF_021906995.1
4842	:	1770321283.854	     1.265	0	54	0	0	write_iso_sources /home/kcw2/data/genome_db/GCF_031184795.1
4805	:	1770321283.027	     2.115	0	54	0	0	write_iso_sources /home/kcw2/data/genome_db/GCF_024072715.1
4843	:	1770321283.934	     1.309	0	54	0	0	write_iso_sources /home/kcw2/data/genome_db/GCF_049810345.1
4844	:	1770321283.966	     1.299	0	54	0	0	write_iso_sources /home/kcw2/data/genome_db/GCF_012848175.1
4806	:	1770321283.042	     2.251	0	54	0	0	write_iso_sources /home/kcw2/data/genome_db/GCF_024123895.1
4846	:	1770321283.993	     1.328	0	54	0	0	write_iso_sources /home/kcw2/data/genome_db/GCF_003667825.1
4840	:	1770321283.668	     1.766	0	54	0	0	write_iso_sources /home/kcw2/data/genome_db/GCF_020715405.1
4859	:	1770321284.235	     1.261	0	54	0	0	write_iso_sources /home/kcw2/data/genome_db/GCF_003408555.1
4858	:	1770321284.201	     1.329	0	54	0	0	write_iso_sources /home/kcw2/data/genome_db/GCF_013201545.1
4863	:	1770321284.322	     1.243	0	54	0	0	write_iso_sources /home/kcw2/data/genome_db/GCF_013635495.1
4852	:	1770321284.093	     1.501	0	54	0	0	write_iso_sources /home/kcw2/data/genome_db/GCF_030167055.1
4860	:	1770321284.258	     1.361	0	54	0	0	write_iso_sources /home/kcw2/data/genome_db/GCF_003408575.1
4861	:	1770321284.272	     1.348	0	54	0	0	write_iso_sources /home/kcw2/data/genome_db/GCF_009738085.1
4865	:	1770321284.360	     1.284	0	54	0	0	write_iso_sources /home/kcw2/data/genome_db/GCF_015535055.1
4851	:	1770321284.080	     1.587	0	54	0	0	write_iso_sources /home/kcw2/data/genome_db/GCF_030167035.1
4857	:	1770321284.187	     1.483	0	54	0	0	write_iso_sources /home/kcw2/data/genome_db/GCF_030369695.1
4899	:	1770321285.338	     0.332	0	54	0	0	write_iso_sources /home/kcw2/data/genome_db/GCF_003226755.1
4862	:	1770321284.304	     1.391	0	54	0	0	write_iso_sources /home/kcw2/data/genome_db/GCF_009905155.1
4900	:	1770321285.457	     0.240	0	54	0	0	write_iso_sources /home/kcw2/data/genome_db/GCF_003226775.1
4848	:	1770321284.045	     1.674	0	54	0	0	write_iso_sources /home/kcw2/data/genome_db/GCF_003813045.1
4895	:	1770321285.156	     0.564	0	54	0	0	write_iso_sources /home/kcw2/data/genome_db/GCF_000009385.1
4864	:	1770321284.346	     1.417	0	54	0	0	write_iso_sources /home/kcw2/data/genome_db/GCF_013726395.1
4867	:	1770321284.511	     1.253	0	54	0	0	write_iso_sources /home/kcw2/data/genome_db/GCF_017161765.1
4870	:	1770321284.624	     1.171	0	54	0	0	write_iso_sources /home/kcw2/data/genome_db/GCF_020695605.1
4866	:	1770321284.458	     1.384	0	54	0	0	write_iso_sources /home/kcw2/data/genome_db/GCF_015910205.1
4868	:	1770321284.561	     1.304	0	54	0	0	write_iso_sources /home/kcw2/data/genome_db/GCF_017161785.1
4869	:	1770321284.581	     1.289	0	54	0	0	write_iso_sources /home/kcw2/data/genome_db/GCF_020695585.1
4874	:	1770321284.708	     1.200	0	54	0	0	write_iso_sources /home/kcw2/data/genome_db/GCF_023735395.1
4872	:	1770321284.675	     1.243	0	54	0	0	write_iso_sources /home/kcw2/data/genome_db/GCF_023734895.1
4847	:	1770321284.020	     1.916	0	54	0	0	write_iso_sources /home/kcw2/data/genome_db/GCF_049913365.1
4871	:	1770321284.664	     1.355	0	54	0	0	write_iso_sources /home/kcw2/data/genome_db/GCF_023734875.1
4893	:	1770321285.120	     0.901	0	54	0	0	write_iso_sources /home/kcw2/data/genome_db/GCF_029590435.1
4879	:	1770321284.803	     1.236	0	54	0	0	write_iso_sources /home/kcw2/data/genome_db/GCF_030413825.1
4873	:	1770321284.685	     1.398	0	54	0	0	write_iso_sources /home/kcw2/data/genome_db/GCF_023735375.1
4896	:	1770321285.255	     0.845	0	54	0	0	write_iso_sources /home/kcw2/data/genome_db/GCF_000006725.1
4877	:	1770321284.763	     1.367	0	54	0	0	write_iso_sources /home/kcw2/data/genome_db/GCF_027886505.1
4881	:	1770321284.834	     1.297	0	54	0	0	write_iso_sources /home/kcw2/data/genome_db/GCF_030848045.1
4887	:	1770321284.953	     1.178	0	54	0	0	write_iso_sources /home/kcw2/data/genome_db/GCF_043973395.1
4894	:	1770321285.132	     1.000	0	54	0	0	write_iso_sources /home/kcw2/data/genome_db/GCF_030406105.1
4886	:	1770321284.935	     1.238	0	54	0	0	write_iso_sources /home/kcw2/data/genome_db/GCF_040437135.1
4878	:	1770321284.787	     1.409	0	54	0	0	write_iso_sources /home/kcw2/data/genome_db/GCF_027886525.1
4883	:	1770321284.876	     1.321	0	54	0	0	write_iso_sources /home/kcw2/data/genome_db/GCF_032202685.1
4890	:	1770321285.010	     1.187	0	54	0	0	write_iso_sources /home/kcw2/data/genome_db/GCF_050157145.1
4897	:	1770321285.293	     0.905	0	54	0	0	write_iso_sources /home/kcw2/data/genome_db/GCF_014725715.1
4884	:	1770321284.897	     1.303	0	54	0	0	write_iso_sources /home/kcw2/data/genome_db/GCF_032202905.1
4902	:	1770321285.544	     0.657	0	54	0	0	write_iso_sources /home/kcw2/data/genome_db/GCF_047302785.1
4882	:	1770321284.854	     1.359	0	54	0	0	write_iso_sources /home/kcw2/data/genome_db/GCF_030848065.1
4901	:	1770321285.528	     0.686	0	54	0	0	write_iso_sources /home/kcw2/data/genome_db/GCF_000161795.2
4876	:	1770321284.738	     1.493	0	54	0	0	write_iso_sources /home/kcw2/data/genome_db/GCF_023735975.1
4875	:	1770321284.726	     1.519	0	54	0	0	write_iso_sources /home/kcw2/data/genome_db/GCF_023735955.1
4880	:	1770321284.819	     1.427	0	54	0	0	write_iso_sources /home/kcw2/data/genome_db/GCF_030717405.1
4885	:	1770321284.923	     1.323	0	54	0	0	write_iso_sources /home/kcw2/data/genome_db/GCF_039906065.1
4898	:	1770321285.321	     0.926	0	54	0	0	write_iso_sources /home/kcw2/data/genome_db/GCF_016919305.1
4888	:	1770321284.971	     1.278	0	54	0	0	write_iso_sources /home/kcw2/data/genome_db/GCF_044095145.1
4908	:	1770321285.694	     0.555	0	54	0	0	write_iso_sources /home/kcw2/data/genome_db/GCF_000007045.1
4891	:	1770321285.069	     1.244	0	54	0	0	write_iso_sources /home/kcw2/data/genome_db/GCF_050245015.1
4889	:	1770321284.988	     1.361	0	54	0	0	write_iso_sources /home/kcw2/data/genome_db/GCF_049668135.1
4892	:	1770321285.085	     1.269	0	54	0	0	write_iso_sources /home/kcw2/data/genome_db/GCF_050245065.1
4914	:	1770321285.814	     0.541	0	54	0	0	write_iso_sources /home/kcw2/data/genome_db/GCF_000833535.1
4913	:	1770321285.795	     0.601	0	54	0	0	write_iso_sources /home/kcw2/data/genome_db/GCF_000008985.1
4920	:	1770321285.919	     0.671	0	54	0	0	write_iso_sources /home/kcw2/data/genome_db/GCF_048319855.1
4919	:	1770321285.907	     0.704	0	54	0	0	write_iso_sources /home/kcw2/data/genome_db/GCF_002285495.1
4926	:	1770321286.083	     0.529	0	54	0	0	write_iso_sources /home/kcw2/data/genome_db/GCF_000147095.1
4903	:	1770321285.594	     1.099	0	54	0	0	write_iso_sources /home/kcw2/data/genome_db/GCF_050516545.1
4904	:	1770321285.619	     1.100	0	54	0	0	write_iso_sources /home/kcw2/data/genome_db/GCF_965117075.1
4924	:	1770321286.040	     0.683	0	54	0	0	write_iso_sources /home/kcw2/data/genome_db/GCF_025144545.1
4921	:	1770321285.936	     0.836	0	54	0	0	write_iso_sources /home/kcw2/data/genome_db/GCF_001858005.1
4911	:	1770321285.763	     1.032	0	54	0	0	write_iso_sources /home/kcw2/data/genome_db/GCF_029277485.1
4922	:	1770321285.959	     0.858	0	54	0	0	write_iso_sources /home/kcw2/data/genome_db/GCF_018336415.1
4912	:	1770321285.778	     1.078	0	54	0	0	write_iso_sources /home/kcw2/data/genome_db/GCF_029873335.1
4905	:	1770321285.643	     1.240	0	54	0	0	write_iso_sources /home/kcw2/data/genome_db/GCF_002003325.1
4906	:	1770321285.667	     1.218	0	54	0	0	write_iso_sources /home/kcw2/data/genome_db/GCF_002003365.1
4907	:	1770321285.681	     1.283	0	54	0	0	write_iso_sources /home/kcw2/data/genome_db/GCF_046532705.1
4909	:	1770321285.719	     1.422	0	54	0	0	write_iso_sources /home/kcw2/data/genome_db/GCF_041468155.1
4910	:	1770321285.738	     1.453	0	54	0	0	write_iso_sources /home/kcw2/data/genome_db/GCF_041470125.1
4942	:	1770321286.375	     0.838	0	54	0	0	write_iso_sources /home/kcw2/data/genome_db/GCF_000011305.1
4925	:	1770321286.064	     1.177	0	54	0	0	write_iso_sources /home/kcw2/data/genome_db/GCF_030388705.1
4917	:	1770321285.881	     1.401	0	54	0	0	write_iso_sources /home/kcw2/data/genome_db/GCF_016944275.1
4918	:	1770321285.895	     1.391	0	54	0	0	write_iso_sources /home/kcw2/data/genome_db/GCF_016944295.1
4954	:	1770321286.612	     0.677	0	54	0	0	write_iso_sources /home/kcw2/data/genome_db/GCF_029773705.1
4930	:	1770321286.157	     1.142	0	54	0	0	write_iso_sources /home/kcw2/data/genome_db/GCF_025452235.1
4953	:	1770321286.560	     0.751	0	54	0	0	write_iso_sources /home/kcw2/data/genome_db/GCF_029773665.1
4934	:	1770321286.230	     1.155	0	54	0	0	write_iso_sources /home/kcw2/data/genome_db/GCF_016454165.1
4932	:	1770321286.196	     1.190	0	54	0	0	write_iso_sources /home/kcw2/data/genome_db/GCF_008727615.1
4952	:	1770321286.542	     0.894	0	54	0	0	write_iso_sources /home/kcw2/data/genome_db/GCF_044793965.1
4915	:	1770321285.841	     1.621	0	54	0	0	write_iso_sources /home/kcw2/data/genome_db/GCF_029814915.1
4940	:	1770321286.332	     1.131	0	54	0	0	write_iso_sources /home/kcw2/data/genome_db/GCF_020405345.1
4931	:	1770321286.172	     1.310	0	54	0	0	write_iso_sources /home/kcw2/data/genome_db/GCF_004194615.2
4955	:	1770321286.642	     0.842	0	54	0	0	write_iso_sources /home/kcw2/data/genome_db/GCF_017498625.1
4928	:	1770321286.129	     1.373	0	54	0	0	write_iso_sources /home/kcw2/data/genome_db/GCF_000763535.1
4929	:	1770321286.144	     1.359	0	54	0	0	write_iso_sources /home/kcw2/data/genome_db/GCF_045516015.1
4935	:	1770321286.245	     1.276	0	54	0	0	write_iso_sources /home/kcw2/data/genome_db/GCF_024442275.1
4916	:	1770321285.866	     1.674	0	54	0	0	write_iso_sources /home/kcw2/data/genome_db/GCF_034554595.1
4923	:	1770321285.969	     1.571	0	54	0	0	write_iso_sources /home/kcw2/data/genome_db/GCF_030384605.1
4936	:	1770321286.265	     1.276	0	54	0	0	write_iso_sources /home/kcw2/data/genome_db/GCF_024722255.1
4939	:	1770321286.314	     1.229	0	54	0	0	write_iso_sources /home/kcw2/data/genome_db/GCF_020405305.1
4951	:	1770321286.522	     1.021	0	54	0	0	write_iso_sources /home/kcw2/data/genome_db/GCF_044791675.1
4943	:	1770321286.396	     1.175	0	54	0	0	write_iso_sources /home/kcw2/data/genome_db/GCF_031233635.1
4956	:	1770321286.665	     0.907	0	54	0	0	write_iso_sources /home/kcw2/data/genome_db/GCF_021432045.1
4933	:	1770321286.214	     1.400	0	54	0	0	write_iso_sources /home/kcw2/data/genome_db/GCF_013376955.1
4927	:	1770321286.100	     1.539	0	54	0	0	write_iso_sources /home/kcw2/data/genome_db/GCF_050627405.1
4941	:	1770321286.349	     1.314	0	54	0	0	write_iso_sources /home/kcw2/data/genome_db/GCF_000015265.1
4944	:	1770321286.418	     1.354	0	54	0	0	write_iso_sources /home/kcw2/data/genome_db/GCF_000007845.1
4945	:	1770321286.437	     1.345	0	54	0	0	write_iso_sources /home/kcw2/data/genome_db/GCF_000007445.1
4949	:	1770321286.492	     1.329	0	54	0	0	write_iso_sources /home/kcw2/data/genome_db/GCF_036865335.1
4950	:	1770321286.503	     1.329	0	54	0	0	write_iso_sources /home/kcw2/data/genome_db/GCF_036865345.1
4959	:	1770321286.759	     1.077	0	54	0	0	write_iso_sources /home/kcw2/data/genome_db/GCF_020406575.2
4982	:	1770321287.539	     0.299	0	54	0	0	write_iso_sources /home/kcw2/data/genome_db/GCF_002804005.1
4961	:	1770321286.806	     1.065	0	54	0	0	write_iso_sources /home/kcw2/data/genome_db/GCF_004551665.1
4962	:	1770321286.836	     1.036	0	54	0	0	write_iso_sources /home/kcw2/data/genome_db/GCF_048595715.1
4946	:	1770321286.448	     1.440	0	54	0	0	write_iso_sources /home/kcw2/data/genome_db/GCF_014262945.1
4948	:	1770321286.473	     1.417	0	54	0	0	write_iso_sources /home/kcw2/data/genome_db/GCF_036865145.1
4947	:	1770321286.461	     1.450	0	54	0	0	write_iso_sources /home/kcw2/data/genome_db/GCF_036865135.1
4958	:	1770321286.741	     1.173	0	54	0	0	write_iso_sources /home/kcw2/data/genome_db/GCF_003403135.1
4938	:	1770321286.297	     1.634	0	54	0	0	write_iso_sources /home/kcw2/data/genome_db/GCF_001889105.1
4960	:	1770321286.795	     1.182	0	54	0	0	write_iso_sources /home/kcw2/data/genome_db/GCF_020520245.1
4987	:	1770321287.614	     0.388	0	54	0	0	write_iso_sources /home/kcw2/data/genome_db/GCF_003363775.1
4988	:	1770321287.628	     0.437	0	54	0	0	write_iso_sources /home/kcw2/data/genome_db/GCF_008086545.1
4957	:	1770321286.719	     1.358	0	54	0	0	write_iso_sources /home/kcw2/data/genome_db/GCF_030168535.1
4964	:	1770321286.898	     1.279	0	54	0	0	write_iso_sources /home/kcw2/data/genome_db/GCF_025758125.1
4985	:	1770321287.591	     0.609	0	54	0	0	write_iso_sources /home/kcw2/data/genome_db/GCF_017743175.1
4963	:	1770321286.883	     1.338	0	54	0	0	write_iso_sources /home/kcw2/data/genome_db/GCF_021172805.1
4966	:	1770321286.983	     1.240	0	54	0	0	write_iso_sources /home/kcw2/data/genome_db/GCF_023558885.1
5008	:	1770321288.033	     0.263	0	54	0	0	write_iso_sources /home/kcw2/data/genome_db/GCF_900343015.1
4937	:	1770321286.285	     2.046	0	54	0	0	write_iso_sources /home/kcw2/data/genome_db/GCF_027947575.1
4981	:	1770321287.520	     0.842	0	54	0	0	write_iso_sources /home/kcw2/data/genome_db/GCF_034063025.1
4986	:	1770321287.602	     0.780	0	54	0	0	write_iso_sources /home/kcw2/data/genome_db/GCF_018141585.1
4965	:	1770321286.924	     1.463	0	54	0	0	write_iso_sources /home/kcw2/data/genome_db/GCF_023547315.1
4969	:	1770321287.241	     1.164	0	54	0	0	write_iso_sources /home/kcw2/data/genome_db/GCF_003860365.1
4973	:	1770321287.325	     1.082	0	54	0	0	write_iso_sources /home/kcw2/data/genome_db/GCF_028622315.1
4991	:	1770321287.680	     0.771	0	54	0	0	write_iso_sources /home/kcw2/data/genome_db/GCF_000755145.1
4971	:	1770321287.299	     1.190	0	54	0	0	write_iso_sources /home/kcw2/data/genome_db/GCF_024532175.1
4992	:	1770321287.694	     0.809	0	54	0	0	write_iso_sources /home/kcw2/data/genome_db/GCF_024400855.1
4972	:	1770321287.311	     1.220	0	54	0	0	write_iso_sources /home/kcw2/data/genome_db/GCF_024532195.1
4977	:	1770321287.426	     1.125	0	54	0	0	write_iso_sources /home/kcw2/data/genome_db/GCF_049957005.1
5009	:	1770321288.049	     0.503	0	54	0	0	write_iso_sources /home/kcw2/data/genome_db/GCF_007989425.1
5007	:	1770321288.003	     0.595	0	54	0	0	write_iso_sources /home/kcw2/data/genome_db/GCF_000007905.1
4974	:	1770321287.338	     1.282	0	54	0	0	write_iso_sources /home/kcw2/data/genome_db/GCF_028622335.1
4983	:	1770321287.556	     1.068	0	54	0	0	write_iso_sources /home/kcw2/data/genome_db/GCF_001704155.1
4970	:	1770321287.282	     1.378	0	54	0	0	write_iso_sources /home/kcw2/data/genome_db/GCF_003860385.1
4978	:	1770321287.463	     1.200	0	54	0	0	write_iso_sources /home/kcw2/data/genome_db/GCF_049954495.1
4980	:	1770321287.502	     1.186	0	54	0	0	write_iso_sources /home/kcw2/data/genome_db/GCF_000009065.1
4975	:	1770321287.350	     1.366	0	54	0	0	write_iso_sources /home/kcw2/data/genome_db/GCF_035658295.1
4993	:	1770321287.703	     1.024	0	54	0	0	write_iso_sources /home/kcw2/data/genome_db/GCF_002892005.1
4996	:	1770321287.783	     0.970	0	54	0	0	write_iso_sources /home/kcw2/data/genome_db/GCF_025142795.1
4990	:	1770321287.663	     1.102	0	54	0	0	write_iso_sources /home/kcw2/data/genome_db/GCF_009858215.1
4976	:	1770321287.403	     1.377	0	54	0	0	write_iso_sources /home/kcw2/data/genome_db/GCF_040114625.1
5021	:	1770321288.423	     0.362	0	54	0	0	write_iso_sources /home/kcw2/data/genome_db/GCF_002998115.1
5022	:	1770321288.435	     0.351	0	54	0	0	write_iso_sources /home/kcw2/data/genome_db/GCF_002998175.1
5011	:	1770321288.077	     0.721	0	54	0	0	write_iso_sources /home/kcw2/data/genome_db/GCF_004015045.1
4995	:	1770321287.747	     1.072	0	54	0	0	write_iso_sources /home/kcw2/data/genome_db/GCF_025142775.1
4984	:	1770321287.570	     1.261	0	54	0	0	write_iso_sources /home/kcw2/data/genome_db/GCF_005233605.2
5006	:	1770321287.978	     0.865	0	54	0	0	write_iso_sources /home/kcw2/data/genome_db/GCF_013394005.1
5012	:	1770321288.100	     0.745	0	54	0	0	write_iso_sources /home/kcw2/data/genome_db/GCF_004015065.1
4994	:	1770321287.731	     1.141	0	54	0	0	write_iso_sources /home/kcw2/data/genome_db/GCF_002892025.1
4999	:	1770321287.853	     1.092	0	54	0	0	write_iso_sources /home/kcw2/data/genome_db/GCF_037414465.1
5016	:	1770321288.251	     0.720	0	54	0	0	write_iso_sources /home/kcw2/data/genome_db/GCF_017570525.1
5003	:	1770321287.931	     1.052	0	54	0	0	write_iso_sources /home/kcw2/data/genome_db/GCF_012225885.1
5018	:	1770321288.348	     0.638	0	54	0	0	write_iso_sources /home/kcw2/data/genome_db/GCF_018847575.1
5013	:	1770321288.195	     0.792	0	54	0	0	write_iso_sources /home/kcw2/data/genome_db/GCF_010223135.1
5014	:	1770321288.221	     0.815	0	54	0	0	write_iso_sources /home/kcw2/data/genome_db/GCF_010223155.1
4979	:	1770321287.481	     1.558	0	54	0	0	write_iso_sources /home/kcw2/data/genome_db/GCF_003945305.1
5023	:	1770321288.450	     0.588	0	54	0	0	write_iso_sources /home/kcw2/data/genome_db/GCF_000008545.1
5001	:	1770321287.889	     1.174	0	54	0	0	write_iso_sources /home/kcw2/data/genome_db/GCF_027595065.1
5015	:	1770321288.235	     0.830	0	54	0	0	write_iso_sources /home/kcw2/data/genome_db/GCF_017570505.1
5002	:	1770321287.911	     1.165	0	54	0	0	write_iso_sources /home/kcw2/data/genome_db/GCF_903815275.1
5024	:	1770321288.464	     0.615	0	54	0	0	write_iso_sources /home/kcw2/data/genome_db/GCF_000230655.2
4989	:	1770321287.638	     1.470	0	54	0	0	write_iso_sources /home/kcw2/data/genome_db/GCF_000021905.1
5036	:	1770321288.728	     0.389	0	54	0	0	write_iso_sources /home/kcw2/data/genome_db/GCF_000015345.1
5017	:	1770321288.317	     0.884	0	54	0	0	write_iso_sources /home/kcw2/data/genome_db/GCF_018847535.1
5020	:	1770321288.405	     0.888	0	54	0	0	write_iso_sources /home/kcw2/data/genome_db/GCF_001702195.1
5000	:	1770321287.872	     1.440	0	54	0	0	write_iso_sources /home/kcw2/data/genome_db/GCF_964017255.1
4967	:	1770321287.154	     2.185	0	54	0	0	write_iso_sources /home/kcw2/data/genome_db/GCF_042258325.1
5035	:	1770321288.708	     0.664	0	54	0	0	write_iso_sources /home/kcw2/data/genome_db/GCF_000012865.1
4997	:	1770321287.822	     1.631	0	54	0	0	write_iso_sources /home/kcw2/data/genome_db/GCF_009664715.1
5019	:	1770321288.382	     1.112	0	54	0	0	write_iso_sources /home/kcw2/data/genome_db/GCF_001702175.1
4998	:	1770321287.833	     1.664	0	54	0	0	write_iso_sources /home/kcw2/data/genome_db/GCF_020412405.1
5038	:	1770321288.765	     0.777	0	54	0	0	write_iso_sources /home/kcw2/data/genome_db/GCF_044501765.1
5046	:	1770321288.885	     0.664	0	54	0	0	write_iso_sources /home/kcw2/data/genome_db/GCF_000195815.1
5043	:	1770321288.843	     0.735	0	54	0	0	write_iso_sources /home/kcw2/data/genome_db/GCF_902459475.1
4968	:	1770321287.212	     2.370	0	54	0	0	write_iso_sources /home/kcw2/data/genome_db/GCF_042258615.1
5010	:	1770321288.065	     1.578	0	54	0	0	write_iso_sources /home/kcw2/data/genome_db/GCF_026650905.1
5005	:	1770321287.963	     1.713	0	54	0	0	write_iso_sources /home/kcw2/data/genome_db/GCF_000264665.3
5037	:	1770321288.752	     0.941	0	54	0	0	write_iso_sources /home/kcw2/data/genome_db/GCF_041753635.1
5044	:	1770321288.856	     0.870	0	54	0	0	write_iso_sources /home/kcw2/data/genome_db/GCF_902459485.1
5063	:	1770321289.219	     0.546	0	54	0	0	write_iso_sources /home/kcw2/data/genome_db/GCF_000006825.1
5053	:	1770321289.051	     0.751	0	54	0	0	write_iso_sources /home/kcw2/data/genome_db/GCF_003054575.1
5058	:	1770321289.117	     0.714	0	54	0	0	write_iso_sources /home/kcw2/data/genome_db/GCF_900183405.1
5057	:	1770321289.108	     0.819	0	54	0	0	write_iso_sources /home/kcw2/data/genome_db/GCF_014055025.1
5028	:	1770321288.579	     1.365	0	54	0	0	write_iso_sources /home/kcw2/data/genome_db/GCF_015285645.1
5025	:	1770321288.504	     1.463	0	54	0	0	write_iso_sources /home/kcw2/data/genome_db/GCF_000828055.2
5055	:	1770321289.077	     0.894	0	54	0	0	write_iso_sources /home/kcw2/data/genome_db/GCF_003546645.1
5029	:	1770321288.598	     1.430	0	54	0	0	write_iso_sources /home/kcw2/data/genome_db/GCF_023588825.1
5030	:	1770321288.621	     1.412	0	54	0	0	write_iso_sources /home/kcw2/data/genome_db/GCF_023703815.1
5047	:	1770321288.899	     1.136	0	54	0	0	write_iso_sources /home/kcw2/data/genome_db/GCF_024266605.1
5051	:	1770321289.010	     1.026	0	54	0	0	write_iso_sources /home/kcw2/data/genome_db/GCF_003721155.3
5040	:	1770321288.798	     1.289	0	54	0	0	write_iso_sources /home/kcw2/data/genome_db/GCF_030553095.1
5059	:	1770321289.138	     0.951	0	54	0	0	write_iso_sources /home/kcw2/data/genome_db/GCF_019930545.1
5033	:	1770321288.675	     1.456	0	54	0	0	write_iso_sources /home/kcw2/data/genome_db/GCF_047947005.1
5067	:	1770321289.388	     0.743	0	54	0	0	write_iso_sources /home/kcw2/data/genome_db/GCF_002355395.1
5048	:	1770321288.922	     1.223	0	54	0	0	write_iso_sources /home/kcw2/data/genome_db/GCF_024266645.1
5066	:	1770321289.354	     0.791	0	54	0	0	write_iso_sources /home/kcw2/data/genome_db/GCF_028747625.1
5032	:	1770321288.661	     1.500	0	54	0	0	write_iso_sources /home/kcw2/data/genome_db/GCF_033970445.1
5045	:	1770321288.873	     1.322	0	54	0	0	write_iso_sources /home/kcw2/data/genome_db/GCF_007923045.3
5026	:	1770321288.532	     1.691	0	54	0	0	write_iso_sources /home/kcw2/data/genome_db/GCF_001969305.1
5060	:	1770321289.159	     1.065	0	54	0	0	write_iso_sources /home/kcw2/data/genome_db/GCF_000013085.1
5070	:	1770321289.543	     0.683	0	54	0	0	write_iso_sources /home/kcw2/data/genome_db/GCF_000011525.1
5071	:	1770321289.578	     0.648	0	54	0	0	write_iso_sources /home/kcw2/data/genome_db/GCF_009184825.1
5049	:	1770321288.957	     1.293	0	54	0	0	write_iso_sources /home/kcw2/data/genome_db/GCF_024266185.1
5050	:	1770321288.984	     1.272	0	54	0	0	write_iso_sources /home/kcw2/data/genome_db/GCF_024266205.1
5056	:	1770321289.095	     1.164	0	54	0	0	write_iso_sources /home/kcw2/data/genome_db/GCF_004348195.1
5061	:	1770321289.174	     1.085	0	54	0	0	write_iso_sources /home/kcw2/data/genome_db/GCF_000008765.1
5074	:	1770321289.640	     0.620	0	54	0	0	write_iso_sources /home/kcw2/data/genome_db/GCF_016455245.1
5031	:	1770321288.641	     1.621	0	54	0	0	write_iso_sources /home/kcw2/data/genome_db/GCF_032146325.1
5072	:	1770321289.601	     0.661	0	54	0	0	write_iso_sources /home/kcw2/data/genome_db/GCF_014353035.1
5027	:	1770321288.552	     1.736	0	54	0	0	write_iso_sources /home/kcw2/data/genome_db/GCF_015284185.1
5069	:	1770321289.509	     0.781	0	54	0	0	write_iso_sources /home/kcw2/data/genome_db/GCF_000011505.1
5004	:	1770321287.944	     2.375	0	54	0	0	write_iso_sources /home/kcw2/data/genome_db/GCF_000009765.2
5062	:	1770321289.187	     1.134	0	54	0	0	write_iso_sources /home/kcw2/data/genome_db/GCF_000009205.2
5064	:	1770321289.307	     1.015	0	54	0	0	write_iso_sources /home/kcw2/data/genome_db/GCF_000021865.1
5073	:	1770321289.626	     0.699	0	54	0	0	write_iso_sources /home/kcw2/data/genome_db/GCF_016455225.1
5042	:	1770321288.831	     1.506	0	54	0	0	write_iso_sources /home/kcw2/data/genome_db/GCF_900235905.1
5075	:	1770321289.657	     0.690	0	54	0	0	write_iso_sources /home/kcw2/data/genome_db/GCF_034021935.1
5076	:	1770321289.693	     0.667	0	54	0	0	write_iso_sources /home/kcw2/data/genome_db/GCF_034025355.1
5052	:	1770321289.036	     1.338	0	54	0	0	write_iso_sources /home/kcw2/data/genome_db/GCF_000007865.1
5068	:	1770321289.470	     0.924	0	54	0	0	write_iso_sources /home/kcw2/data/genome_db/GCF_024582815.1
5077	:	1770321289.726	     0.671	0	54	0	0	write_iso_sources /home/kcw2/data/genome_db/GCF_045009155.1
5078	:	1770321289.765	     0.661	0	54	0	0	write_iso_sources /home/kcw2/data/genome_db/GCF_045009165.1
5039	:	1770321288.781	     1.682	0	54	0	0	write_iso_sources /home/kcw2/data/genome_db/GCF_048288275.1
5041	:	1770321288.819	     1.664	0	54	0	0	write_iso_sources /home/kcw2/data/genome_db/GCF_022557235.1
5065	:	1770321289.333	     1.153	0	54	0	0	write_iso_sources /home/kcw2/data/genome_db/GCF_000513215.1
5084	:	1770321290.000	     0.525	0	54	0	0	write_iso_sources /home/kcw2/data/genome_db/GCF_039555295.1
5034	:	1770321288.688	     1.854	0	54	0	0	write_iso_sources /home/kcw2/data/genome_db/GCF_049200665.1
5054	:	1770321289.063	     1.480	0	54	0	0	write_iso_sources /home/kcw2/data/genome_db/GCF_900235885.1
5097	:	1770321290.251	     0.437	0	54	0	0	write_iso_sources /home/kcw2/data/genome_db/GCF_008330345.1
5098	:	1770321290.277	     0.489	0	54	0	0	write_iso_sources /home/kcw2/data/genome_db/GCF_008330365.1
5088	:	1770321290.087	     0.755	0	54	0	0	write_iso_sources /home/kcw2/data/genome_db/GCF_000012745.1
5111	:	1770321290.463	     0.480	0	54	0	0	write_iso_sources /home/kcw2/data/genome_db/GCF_030758575.1
5092	:	1770321290.144	     0.815	0	54	0	0	write_iso_sources /home/kcw2/data/genome_db/GCF_024380035.1
5109	:	1770321290.443	     0.536	0	54	0	0	write_iso_sources /home/kcw2/data/genome_db/GCF_034561975.1
5089	:	1770321290.102	     0.915	0	54	0	0	write_iso_sources /home/kcw2/data/genome_db/GCF_001908475.1
5094	:	1770321290.181	     0.842	0	54	0	0	write_iso_sources /home/kcw2/data/genome_db/GCF_047555135.1
5081	:	1770321289.854	     1.189	0	54	0	0	write_iso_sources /home/kcw2/data/genome_db/GCF_008330205.1
5083	:	1770321289.967	     1.108	0	54	0	0	write_iso_sources /home/kcw2/data/genome_db/GCF_045278915.1
5110	:	1770321290.453	     0.623	0	54	0	0	write_iso_sources /home/kcw2/data/genome_db/GCF_036923305.1
5082	:	1770321289.944	     1.164	0	54	0	0	write_iso_sources /home/kcw2/data/genome_db/GCF_012052085.1
5090	:	1770321290.116	     1.016	0	54	0	0	write_iso_sources /home/kcw2/data/genome_db/GCF_002443015.2
5087	:	1770321290.062	     1.086	0	54	0	0	write_iso_sources /home/kcw2/data/genome_db/GCF_000014065.1
5093	:	1770321290.161	     0.989	0	54	0	0	write_iso_sources /home/kcw2/data/genome_db/GCF_045925835.1
5085	:	1770321290.028	     1.162	0	54	0	0	write_iso_sources /home/kcw2/data/genome_db/GCF_000014925.1
5091	:	1770321290.130	     1.082	0	54	0	0	write_iso_sources /home/kcw2/data/genome_db/GCF_024362715.1
5131	:	1770321290.958	     0.258	0	54	0	0	write_iso_sources /home/kcw2/data/genome_db/GCF_000815025.1
5086	:	1770321290.047	     1.196	0	54	0	0	write_iso_sources /home/kcw2/data/genome_db/GCF_000013385.1
5107	:	1770321290.417	     0.886	0	54	0	0	write_iso_sources /home/kcw2/data/genome_db/GCF_028743455.1
5108	:	1770321290.426	     0.878	0	54	0	0	write_iso_sources /home/kcw2/data/genome_db/GCF_902387955.1
5096	:	1770321290.223	     1.139	0	54	0	0	write_iso_sources /home/kcw2/data/genome_db/GCF_004135975.1
5102	:	1770321290.348	     1.043	0	54	0	0	write_iso_sources /home/kcw2/data/genome_db/GCF_029718255.1
5142	:	1770321291.227	     0.180	0	54	0	0	write_iso_sources /home/kcw2/data/genome_db/GCF_003213475.1
5141	:	1770321291.213	     0.197	0	54	0	0	write_iso_sources /home/kcw2/data/genome_db/GCF_003213395.1
5105	:	1770321290.394	     1.034	0	54	0	0	write_iso_sources /home/kcw2/data/genome_db/GCF_043292325.1
5113	:	1770321290.484	     0.946	0	54	0	0	write_iso_sources /home/kcw2/data/genome_db/GCF_048595595.1
5143	:	1770321291.242	     0.188	0	54	0	0	write_iso_sources /home/kcw2/data/genome_db/GCF_014211855.1
5144	:	1770321291.259	     0.172	0	54	0	0	write_iso_sources /home/kcw2/data/genome_db/GCF_016888765.1
5145	:	1770321291.279	     0.164	0	54	0	0	write_iso_sources /home/kcw2/data/genome_db/GCF_024817475.1
5146	:	1770321291.304	     0.154	0	54	0	0	write_iso_sources /home/kcw2/data/genome_db/GCF_024817655.1
5112	:	1770321290.473	     1.001	0	54	0	0	write_iso_sources /home/kcw2/data/genome_db/GCF_008694105.1
5114	:	1770321290.499	     0.993	0	54	0	0	write_iso_sources /home/kcw2/data/genome_db/GCF_900078365.1
5099	:	1770321290.289	     1.244	0	54	0	0	write_iso_sources /home/kcw2/data/genome_db/GCF_025311555.1
5123	:	1770321290.670	     0.865	0	54	0	0	write_iso_sources /home/kcw2/data/genome_db/GCF_002005485.1
5136	:	1770321291.109	     0.427	0	54	0	0	write_iso_sources /home/kcw2/data/genome_db/GCF_000204135.1
5106	:	1770321290.408	     1.141	0	54	0	0	write_iso_sources /home/kcw2/data/genome_db/GCF_043293055.1
5100	:	1770321290.318	     1.257	0	54	0	0	write_iso_sources /home/kcw2/data/genome_db/GCF_025311595.1
5103	:	1770321290.360	     1.230	0	54	0	0	write_iso_sources /home/kcw2/data/genome_db/GCF_049959435.1
5095	:	1770321290.195	     1.456	0	54	0	0	write_iso_sources /home/kcw2/data/genome_db/GCF_000013865.1
5117	:	1770321290.568	     1.119	0	54	0	0	write_iso_sources /home/kcw2/data/genome_db/GCF_002310815.1
5101	:	1770321290.337	     1.398	0	54	0	0	write_iso_sources /home/kcw2/data/genome_db/GCF_028198205.1
5104	:	1770321290.375	     1.378	0	54	0	0	write_iso_sources /home/kcw2/data/genome_db/GCF_050626905.1
5079	:	1770321289.787	     2.074	0	54	0	0	write_iso_sources /home/kcw2/data/genome_db/GCF_036178885.1
5122	:	1770321290.650	     1.227	0	54	0	0	write_iso_sources /home/kcw2/data/genome_db/GCF_003999545.1
5121	:	1770321290.628	     1.269	0	54	0	0	write_iso_sources /home/kcw2/data/genome_db/GCF_003999445.1
5080	:	1770321289.829	     2.098	0	54	0	0	write_iso_sources /home/kcw2/data/genome_db/GCF_036226425.1
5120	:	1770321290.607	     1.336	0	54	0	0	write_iso_sources /home/kcw2/data/genome_db/GCF_000013365.1
5118	:	1770321290.586	     1.375	0	54	0	0	write_iso_sources /home/kcw2/data/genome_db/GCF_003568825.1
5133	:	1770321290.999	     0.963	0	54	0	0	write_iso_sources /home/kcw2/data/genome_db/GCF_028622095.1
5115	:	1770321290.525	     1.468	0	54	0	0	write_iso_sources /home/kcw2/data/genome_db/GCF_018417595.1
5119	:	1770321290.595	     1.414	0	54	0	0	write_iso_sources /home/kcw2/data/genome_db/GCF_000013745.1
5116	:	1770321290.541	     1.480	0	54	0	0	write_iso_sources /home/kcw2/data/genome_db/GCF_023277925.1
5158	:	1770321291.533	     0.556	0	54	0	0	write_iso_sources /home/kcw2/data/genome_db/GCF_000026405.1
5127	:	1770321290.750	     1.404	0	54	0	0	write_iso_sources /home/kcw2/data/genome_db/GCF_000963495.1
5129	:	1770321290.783	     1.400	0	54	0	0	write_iso_sources /home/kcw2/data/genome_db/GCF_036687365.1
5137	:	1770321291.132	     1.085	0	54	0	0	write_iso_sources /home/kcw2/data/genome_db/GCF_900475855.1
5147	:	1770321291.331	     0.886	0	54	0	0	write_iso_sources /home/kcw2/data/genome_db/GCF_005576935.1
5148	:	1770321291.347	     0.900	0	54	0	0	write_iso_sources /home/kcw2/data/genome_db/GCF_013256965.1
5181	:	1770321292.107	     0.160	0	54	0	0	write_iso_sources /home/kcw2/data/genome_db/GCF_000090965.1
5132	:	1770321290.979	     1.300	0	54	0	0	write_iso_sources /home/kcw2/data/genome_db/GCF_003015715.1
5126	:	1770321290.733	     1.549	0	54	0	0	write_iso_sources /home/kcw2/data/genome_db/GCF_000015905.1
5128	:	1770321290.760	     1.538	0	54	0	0	write_iso_sources /home/kcw2/data/genome_db/GCF_016134935.2
5159	:	1770321291.550	     0.761	0	54	0	0	write_iso_sources /home/kcw2/data/genome_db/GCF_000015025.1
5130	:	1770321290.858	     1.483	0	54	0	0	write_iso_sources /home/kcw2/data/genome_db/GCF_036687375.1
5138	:	1770321291.149	     1.194	0	54	0	0	write_iso_sources /home/kcw2/data/genome_db/GCF_010748935.1
5163	:	1770321291.630	     0.713	0	54	0	0	write_iso_sources /home/kcw2/data/genome_db/GCF_044052405.1
5157	:	1770321291.517	     0.867	0	54	0	0	write_iso_sources /home/kcw2/data/genome_db/GCF_000348745.1
5164	:	1770321291.651	     0.734	0	54	0	0	write_iso_sources /home/kcw2/data/genome_db/GCF_044053125.1
5165	:	1770321291.687	     0.806	0	54	0	0	write_iso_sources /home/kcw2/data/genome_db/GCF_049315145.1
5125	:	1770321290.710	     1.802	0	54	0	0	write_iso_sources /home/kcw2/data/genome_db/GCF_000012785.1
5155	:	1770321291.493	     1.105	0	54	0	0	write_iso_sources /home/kcw2/data/genome_db/GCF_017948345.1
5156	:	1770321291.506	     1.109	0	54	0	0	write_iso_sources /home/kcw2/data/genome_db/GCF_000016245.1
5134	:	1770321291.044	     1.575	0	54	0	0	write_iso_sources /home/kcw2/data/genome_db/GCF_017873595.1
5161	:	1770321291.590	     1.031	0	54	0	0	write_iso_sources /home/kcw2/data/genome_db/GCF_000013965.1
5152	:	1770321291.443	     1.194	0	54	0	0	write_iso_sources /home/kcw2/data/genome_db/GCF_030505775.1
5151	:	1770321291.429	     1.228	0	54	0	0	write_iso_sources /home/kcw2/data/genome_db/GCF_030505755.1
5149	:	1770321291.391	     1.296	0	54	0	0	write_iso_sources /home/kcw2/data/genome_db/GCF_000013605.1
5166	:	1770321291.702	     0.992	0	54	0	0	write_iso_sources /home/kcw2/data/genome_db/GCF_049315165.1
5140	:	1770321291.190	     1.526	0	54	0	0	write_iso_sources /home/kcw2/data/genome_db/GCF_037463925.1
5171	:	1770321291.877	     0.843	0	54	0	0	write_iso_sources /home/kcw2/data/genome_db/GCF_000054005.1
5154	:	1770321291.474	     1.269	0	54	0	0	write_iso_sources /home/kcw2/data/genome_db/GCF_000010025.1
5139	:	1770321291.173	     1.573	0	54	0	0	write_iso_sources /home/kcw2/data/genome_db/GCF_032936355.1
5173	:	1770321291.913	     0.843	0	54	0	0	write_iso_sources /home/kcw2/data/genome_db/GCF_001281485.1
5172	:	1770321291.888	     0.911	0	54	0	0	write_iso_sources /home/kcw2/data/genome_db/GCF_000016805.1
5150	:	1770321291.407	     1.411	0	54	0	0	write_iso_sources /home/kcw2/data/genome_db/GCF_017742995.1
5186	:	1770321292.266	     0.553	0	54	0	0	write_iso_sources /home/kcw2/data/genome_db/GCF_000009245.1
5162	:	1770321291.607	     1.245	0	54	0	0	write_iso_sources /home/kcw2/data/genome_db/GCF_000017605.1
5124	:	1770321290.689	     2.177	0	54	0	0	write_iso_sources /home/kcw2/data/genome_db/GCF_021052245.1
5169	:	1770321291.753	     1.115	0	54	0	0	write_iso_sources /home/kcw2/data/genome_db/GCF_045717265.1
5160	:	1770321291.576	     1.296	0	54	0	0	write_iso_sources /home/kcw2/data/genome_db/GCF_049949245.1
5135	:	1770321291.075	     1.815	0	54	0	0	write_iso_sources /home/kcw2/data/genome_db/GCF_000203955.1
5168	:	1770321291.733	     1.157	0	54	0	0	write_iso_sources /home/kcw2/data/genome_db/GCF_045708065.1
5196	:	1770321292.415	     0.503	0	54	0	0	write_iso_sources /home/kcw2/data/genome_db/GCF_005843985.1
5153	:	1770321291.458	     1.473	0	54	0	0	write_iso_sources /home/kcw2/data/genome_db/GCF_000009985.1
5192	:	1770321292.355	     0.639	0	54	0	0	write_iso_sources /home/kcw2/data/genome_db/GCF_000299965.1
5167	:	1770321291.715	     1.328	0	54	0	0	write_iso_sources /home/kcw2/data/genome_db/GCF_045707245.1
5170	:	1770321291.775	     1.269	0	54	0	0	write_iso_sources /home/kcw2/data/genome_db/GCF_045717875.1
5203	:	1770321292.717	     0.328	0	54	0	0	write_iso_sources /home/kcw2/data/genome_db/GCF_026821955.1
5174	:	1770321291.944	     1.170	0	54	0	0	write_iso_sources /home/kcw2/data/genome_db/GCF_000725365.1
5185	:	1770321292.246	     0.884	0	54	0	0	write_iso_sources /home/kcw2/data/genome_db/GCF_021391355.1
5197	:	1770321292.506	     0.680	0	54	0	0	write_iso_sources /home/kcw2/data/genome_db/GCF_963227645.1
5177	:	1770321292.008	     1.276	0	54	0	0	write_iso_sources /home/kcw2/data/genome_db/GCF_003999505.1
5176	:	1770321291.991	     1.350	0	54	0	0	write_iso_sources /home/kcw2/data/genome_db/GCF_050310035.1
5175	:	1770321291.962	     1.398	0	54	0	0	write_iso_sources /home/kcw2/data/genome_db/GCF_041879305.1
5180	:	1770321292.090	     1.271	0	54	0	0	write_iso_sources /home/kcw2/data/genome_db/GCF_000016425.1
5202	:	1770321292.687	     0.698	0	54	0	0	write_iso_sources /home/kcw2/data/genome_db/GCF_014705925.2
5187	:	1770321292.280	     1.121	0	54	0	0	write_iso_sources /home/kcw2/data/genome_db/GCF_020080045.1
5199	:	1770321292.616	     0.789	0	54	0	0	write_iso_sources /home/kcw2/data/genome_db/GCF_016865385.1
5178	:	1770321292.041	     1.415	0	54	0	0	write_iso_sources /home/kcw2/data/genome_db/GCF_004000475.1
5184	:	1770321292.231	     1.226	0	54	0	0	write_iso_sources /home/kcw2/data/genome_db/GCF_002240135.1
5195	:	1770321292.401	     1.056	0	54	0	0	write_iso_sources /home/kcw2/data/genome_db/GCF_963681195.1
5206	:	1770321292.769	     0.688	0	54	0	0	write_iso_sources /home/kcw2/data/genome_db/GCF_000747315.1
5183	:	1770321292.216	     1.264	0	54	0	0	write_iso_sources /home/kcw2/data/genome_db/GCF_002240115.1
5194	:	1770321292.384	     1.111	0	54	0	0	write_iso_sources /home/kcw2/data/genome_db/GCF_020735865.1
5207	:	1770321292.784	     0.756	0	54	0	0	write_iso_sources /home/kcw2/data/genome_db/GCF_000019765.1
5182	:	1770321292.183	     1.416	0	54	0	0	write_iso_sources /home/kcw2/data/genome_db/GCF_005037805.1
5200	:	1770321292.638	     0.981	0	54	0	0	write_iso_sources /home/kcw2/data/genome_db/GCF_000022065.1
5201	:	1770321292.656	     0.986	0	54	0	0	write_iso_sources /home/kcw2/data/genome_db/GCF_000021745.1
5210	:	1770321292.831	     0.829	0	54	0	0	write_iso_sources /home/kcw2/data/genome_db/GCF_015219785.1
5179	:	1770321292.068	     1.608	0	54	0	0	write_iso_sources /home/kcw2/data/genome_db/GCF_002327145.1
5211	:	1770321292.841	     0.837	0	54	0	0	write_iso_sources /home/kcw2/data/genome_db/GCF_010509075.1
5204	:	1770321292.743	     1.022	0	54	0	0	write_iso_sources /home/kcw2/data/genome_db/GCF_025960285.1
5226	:	1770321293.096	     0.670	0	54	0	0	write_iso_sources /home/kcw2/data/genome_db/GCF_000010505.1
5191	:	1770321292.341	     1.455	0	54	0	0	write_iso_sources /home/kcw2/data/genome_db/GCF_000026105.1
5193	:	1770321292.374	     1.424	0	54	0	0	write_iso_sources /home/kcw2/data/genome_db/GCF_036492425.1
5209	:	1770321292.818	     1.043	0	54	0	0	write_iso_sources /home/kcw2/data/genome_db/GCF_030718995.1
5190	:	1770321292.326	     1.558	0	54	0	0	write_iso_sources /home/kcw2/data/genome_db/GCF_040214205.1
5219	:	1770321292.963	     0.921	0	54	0	0	write_iso_sources /home/kcw2/data/genome_db/GCF_037478035.1
5205	:	1770321292.757	     1.186	0	54	0	0	write_iso_sources /home/kcw2/data/genome_db/GCF_003955735.1
5198	:	1770321292.534	     1.440	0	54	0	0	write_iso_sources /home/kcw2/data/genome_db/GCF_000019525.1
5220	:	1770321292.977	     0.999	0	54	0	0	write_iso_sources /home/kcw2/data/genome_db/GCF_037478075.1
5188	:	1770321292.298	     1.702	0	54	0	0	write_iso_sources /home/kcw2/data/genome_db/GCF_002006545.1
5230	:	1770321293.311	     0.733	0	54	0	0	write_iso_sources /home/kcw2/data/genome_db/GCF_033126985.1
5215	:	1770321292.900	     1.179	0	54	0	0	write_iso_sources /home/kcw2/data/genome_db/GCF_032598745.1
5221	:	1770321292.994	     1.087	0	54	0	0	write_iso_sources /home/kcw2/data/genome_db/GCF_013466785.1
5189	:	1770321292.310	     1.775	0	54	0	0	write_iso_sources /home/kcw2/data/genome_db/GCF_035756385.1
5217	:	1770321292.930	     1.169	0	54	0	0	write_iso_sources /home/kcw2/data/genome_db/GCF_000017985.1
5208	:	1770321292.799	     1.342	0	54	0	0	write_iso_sources /home/kcw2/data/genome_db/GCF_000021305.1
5214	:	1770321292.889	     1.256	0	54	0	0	write_iso_sources /home/kcw2/data/genome_db/GCF_047946955.1
5218	:	1770321292.945	     1.294	0	54	0	0	write_iso_sources /home/kcw2/data/genome_db/GCF_000063585.1
5241	:	1770321293.561	     0.681	0	54	0	0	write_iso_sources /home/kcw2/data/genome_db/GCF_000255135.1
5224	:	1770321293.057	     1.243	0	54	0	0	write_iso_sources /home/kcw2/data/genome_db/GCF_904066025.1
5223	:	1770321293.043	     1.285	0	54	0	0	write_iso_sources /home/kcw2/data/genome_db/GCF_016598675.1
5213	:	1770321292.866	     1.476	0	54	0	0	write_iso_sources /home/kcw2/data/genome_db/GCF_043522765.1
5216	:	1770321292.918	     1.474	0	54	0	0	write_iso_sources /home/kcw2/data/genome_db/GCF_041222905.1
5225	:	1770321293.073	     1.341	0	54	0	0	write_iso_sources /home/kcw2/data/genome_db/GCF_000010485.1
5232	:	1770321293.385	     1.161	0	54	0	0	write_iso_sources /home/kcw2/data/genome_db/GCF_964205035.1
5212	:	1770321292.853	     1.713	0	54	0	0	write_iso_sources /home/kcw2/data/genome_db/GCF_002142475.1
5242	:	1770321293.585	     0.981	0	54	0	0	write_iso_sources /home/kcw2/data/genome_db/GCF_000063485.1
5233	:	1770321293.402	     1.206	0	54	0	0	write_iso_sources /home/kcw2/data/genome_db/GCF_019670265.1
5257	:	1770321293.955	     0.654	0	54	0	0	write_iso_sources /home/kcw2/data/genome_db/GCF_002850035.1
5267	:	1770321294.205	     0.425	0	54	0	0	write_iso_sources /home/kcw2/data/genome_db/GCF_032595855.2
5222	:	1770321293.009	     1.633	0	54	0	0	write_iso_sources /home/kcw2/data/genome_db/GCF_000018845.1
5231	:	1770321293.359	     1.286	0	54	0	0	write_iso_sources /home/kcw2/data/genome_db/GCF_041082025.1
5248	:	1770321293.693	     0.952	0	54	0	0	write_iso_sources /home/kcw2/data/genome_db/GCF_029393075.1
5238	:	1770321293.515	     1.140	0	54	0	0	write_iso_sources /home/kcw2/data/genome_db/GCF_045344015.1
5228	:	1770321293.149	     1.547	0	54	0	0	write_iso_sources /home/kcw2/data/genome_db/GCF_018732085.1
5229	:	1770321293.203	     1.493	0	54	0	0	write_iso_sources /home/kcw2/data/genome_db/GCF_000010525.1
5234	:	1770321293.426	     1.272	0	54	0	0	write_iso_sources /home/kcw2/data/genome_db/GCF_019670285.1
5244	:	1770321293.616	     1.128	0	54	0	0	write_iso_sources /home/kcw2/data/genome_db/GCF_000024925.1
5269	:	1770321294.269	     0.475	0	54	0	0	write_iso_sources /home/kcw2/data/genome_db/GCF_000283995.1
5236	:	1770321293.480	     1.287	0	54	0	0	write_iso_sources /home/kcw2/data/genome_db/GCF_037829915.1
5256	:	1770321293.914	     0.855	0	54	0	0	write_iso_sources /home/kcw2/data/genome_db/GCF_030644185.1
5239	:	1770321293.529	     1.287	0	54	0	0	write_iso_sources /home/kcw2/data/genome_db/GCF_050263195.1
5262	:	1770321294.099	     0.719	0	54	0	0	write_iso_sources /home/kcw2/data/genome_db/GCF_900070355.1
5227	:	1770321293.130	     1.723	0	54	0	0	write_iso_sources /home/kcw2/data/genome_db/GCF_014779555.2
5237	:	1770321293.495	     1.361	0	54	0	0	write_iso_sources /home/kcw2/data/genome_db/GCF_045344005.1
5259	:	1770321294.045	     0.860	0	54	0	0	write_iso_sources /home/kcw2/data/genome_db/GCF_018128125.1
5235	:	1770321293.455	     1.491	0	54	0	0	write_iso_sources /home/kcw2/data/genome_db/GCF_037828885.1
5251	:	1770321293.797	     1.196	0	54	0	0	write_iso_sources /home/kcw2/data/genome_db/GCF_042638415.1
5249	:	1770321293.707	     1.312	0	54	0	0	write_iso_sources /home/kcw2/data/genome_db/GCF_033441885.1
5250	:	1770321293.782	     1.271	0	54	0	0	write_iso_sources /home/kcw2/data/genome_db/GCF_033441905.1
5245	:	1770321293.633	     1.511	0	54	0	0	write_iso_sources /home/kcw2/data/genome_db/GCF_022394675.1
5261	:	1770321294.079	     1.101	0	54	0	0	write_iso_sources /home/kcw2/data/genome_db/GCF_048320125.1
5240	:	1770321293.541	     1.664	0	54	0	0	write_iso_sources /home/kcw2/data/genome_db/GCF_000959265.1
5252	:	1770321293.811	     1.396	0	54	0	0	write_iso_sources /home/kcw2/data/genome_db/GCF_045799005.1
5243	:	1770321293.600	     1.653	0	54	0	0	write_iso_sources /home/kcw2/data/genome_db/GCF_000092985.1
5247	:	1770321293.675	     1.595	0	54	0	0	write_iso_sources /home/kcw2/data/genome_db/GCF_000832865.1
5258	:	1770321294.001	     1.271	0	54	0	0	write_iso_sources /home/kcw2/data/genome_db/GCF_045784255.1
5270	:	1770321294.328	     0.944	0	54	0	0	write_iso_sources /home/kcw2/data/genome_db/GCF_002173735.1
5286	:	1770321294.744	     0.529	0	54	0	0	write_iso_sources /home/kcw2/data/genome_db/GCF_008245025.1
5246	:	1770321293.660	     1.651	0	54	0	0	write_iso_sources /home/kcw2/data/genome_db/GCF_023823915.1
5288	:	1770321294.785	     0.528	0	54	0	0	write_iso_sources /home/kcw2/data/genome_db/GCF_019357475.1
5255	:	1770321293.897	     1.419	0	54	0	0	write_iso_sources /home/kcw2/data/genome_db/GCF_046603895.1
5260	:	1770321294.069	     1.306	0	54	0	0	write_iso_sources /home/kcw2/data/genome_db/GCF_026104315.1
5264	:	1770321294.142	     1.236	0	54	0	0	write_iso_sources /home/kcw2/data/genome_db/GCF_007723825.1
5272	:	1770321294.362	     1.018	0	54	0	0	write_iso_sources /home/kcw2/data/genome_db/GCF_000827125.1
5287	:	1770321294.767	     0.644	0	54	0	0	write_iso_sources /home/kcw2/data/genome_db/GCF_000196295.1
5268	:	1770321294.256	     1.180	0	54	0	0	write_iso_sources /home/kcw2/data/genome_db/GCF_000154585.2
5263	:	1770321294.118	     1.343	0	54	0	0	write_iso_sources /home/kcw2/data/genome_db/GCF_007567665.1
5266	:	1770321294.184	     1.342	0	54	0	0	write_iso_sources /home/kcw2/data/genome_db/GCF_002218245.1
5285	:	1770321294.725	     0.883	0	54	0	0	write_iso_sources /home/kcw2/data/genome_db/GCF_000024465.1
5265	:	1770321294.160	     1.468	0	54	0	0	write_iso_sources /home/kcw2/data/genome_db/GCF_002759415.2
5254	:	1770321293.883	     1.775	0	54	0	0	write_iso_sources /home/kcw2/data/genome_db/GCF_000739105.1
5290	:	1770321294.816	     0.871	0	54	0	0	write_iso_sources /home/kcw2/data/genome_db/GCF_001723585.1
5281	:	1770321294.667	     1.042	0	54	0	0	write_iso_sources /home/kcw2/data/genome_db/GCF_001021935.1
5253	:	1770321293.842	     1.882	0	54	0	0	write_iso_sources /home/kcw2/data/genome_db/GCF_003711105.1
5278	:	1770321294.629	     1.148	0	54	0	0	write_iso_sources /home/kcw2/data/genome_db/GCF_041481705.1
5271	:	1770321294.342	     1.453	0	54	0	0	write_iso_sources /home/kcw2/data/genome_db/GCF_003574835.2
5275	:	1770321294.565	     1.230	0	54	0	0	write_iso_sources /home/kcw2/data/genome_db/GCF_016452045.1
5279	:	1770321294.643	     1.193	0	54	0	0	write_iso_sources /home/kcw2/data/genome_db/GCF_041228085.2
5292	:	1770321294.854	     0.998	0	54	0	0	write_iso_sources /home/kcw2/data/genome_db/GCF_002763675.1
5293	:	1770321294.875	     1.002	0	54	0	0	write_iso_sources /home/kcw2/data/genome_db/GCF_003390415.1
5276	:	1770321294.580	     1.308	0	54	0	0	write_iso_sources /home/kcw2/data/genome_db/GCF_016454525.1
5289	:	1770321294.802	     1.086	0	54	0	0	write_iso_sources /home/kcw2/data/genome_db/GCF_001687745.1
5274	:	1770321294.434	     1.473	0	54	0	0	write_iso_sources /home/kcw2/data/genome_db/GCF_028657945.1
5282	:	1770321294.679	     1.258	0	54	0	0	write_iso_sources /home/kcw2/data/genome_db/GCF_003050685.1
5297	:	1770321294.961	     0.989	0	54	0	0	write_iso_sources /home/kcw2/data/genome_db/GCF_009914135.1
5294	:	1770321294.906	     1.058	0	54	0	0	write_iso_sources /home/kcw2/data/genome_db/GCF_003431885.1
5298	:	1770321295.007	     0.983	0	54	0	0	write_iso_sources /home/kcw2/data/genome_db/GCF_009914175.1
5280	:	1770321294.656	     1.346	0	54	0	0	write_iso_sources /home/kcw2/data/genome_db/GCF_905220715.1
5277	:	1770321294.604	     1.405	0	54	0	0	write_iso_sources /home/kcw2/data/genome_db/GCF_023278525.2
5296	:	1770321294.945	     1.164	0	54	0	0	write_iso_sources /home/kcw2/data/genome_db/GCF_006965525.1
5299	:	1770321295.043	     1.091	0	54	0	0	write_iso_sources /home/kcw2/data/genome_db/GCF_014048285.1
5273	:	1770321294.406	     1.749	0	54	0	0	write_iso_sources /home/kcw2/data/genome_db/GCF_000948975.2
5291	:	1770321294.827	     1.331	0	54	0	0	write_iso_sources /home/kcw2/data/genome_db/GCF_002761535.1
5295	:	1770321294.930	     1.248	0	54	0	0	write_iso_sources /home/kcw2/data/genome_db/GCF_006489275.1
5301	:	1770321295.157	     1.079	0	54	0	0	write_iso_sources /home/kcw2/data/genome_db/GCF_016859395.1
5300	:	1770321295.068	     1.187	0	54	0	0	write_iso_sources /home/kcw2/data/genome_db/GCF_014048385.1
5340	:	1770321296.035	     0.236	0	54	0	0	write_iso_sources /home/kcw2/data/genome_db/GCF_000093065.1
5305	:	1770321295.287	     1.006	0	54	0	0	write_iso_sources /home/kcw2/data/genome_db/GCF_022344025.1
5304	:	1770321295.253	     1.062	0	54	0	0	write_iso_sources /home/kcw2/data/genome_db/GCF_019551675.1
5332	:	1770321295.907	     0.411	0	54	0	0	write_iso_sources /home/kcw2/data/genome_db/GCF_030438365.2
5307	:	1770321295.328	     1.039	0	54	0	0	write_iso_sources /home/kcw2/data/genome_db/GCF_023573245.1
5308	:	1770321295.340	     1.047	0	54	0	0	write_iso_sources /home/kcw2/data/genome_db/GCF_023573265.1
5310	:	1770321295.376	     1.012	0	54	0	0	write_iso_sources /home/kcw2/data/genome_db/GCF_024800625.1
5303	:	1770321295.225	     1.203	0	54	0	0	write_iso_sources /home/kcw2/data/genome_db/GCF_019464595.1
5302	:	1770321295.204	     1.244	0	54	0	0	write_iso_sources /home/kcw2/data/genome_db/GCF_016888865.1
5309	:	1770321295.361	     1.115	0	54	0	0	write_iso_sources /home/kcw2/data/genome_db/GCF_024734625.1
5341	:	1770321296.133	     0.347	0	54	0	0	write_iso_sources /home/kcw2/data/genome_db/GCF_007858515.1
5342	:	1770321296.155	     0.325	0	54	0	0	write_iso_sources /home/kcw2/data/genome_db/GCF_007859615.1
5306	:	1770321295.312	     1.243	0	54	0	0	write_iso_sources /home/kcw2/data/genome_db/GCF_022370935.1
5312	:	1770321295.402	     1.174	0	54	0	0	write_iso_sources /home/kcw2/data/genome_db/GCF_028891425.1
5313	:	1770321295.412	     1.164	0	54	0	0	write_iso_sources /home/kcw2/data/genome_db/GCF_029857175.2
5315	:	1770321295.462	     1.117	0	54	0	0	write_iso_sources /home/kcw2/data/genome_db/GCF_030506345.1
5316	:	1770321295.490	     1.089	0	54	0	0	write_iso_sources /home/kcw2/data/genome_db/GCF_030516885.1
5335	:	1770321295.950	     0.631	0	54	0	0	write_iso_sources /home/kcw2/data/genome_db/GCF_000175295.2
5336	:	1770321295.964	     0.618	0	54	0	0	write_iso_sources /home/kcw2/data/genome_db/GCF_000023305.1
5321	:	1770321295.651	     0.953	0	54	0	0	write_iso_sources /home/kcw2/data/genome_db/GCF_040712135.1
5337	:	1770321295.975	     0.632	0	54	0	0	write_iso_sources /home/kcw2/data/genome_db/GCF_000211375.1
5284	:	1770321294.713	     1.908	0	54	0	0	write_iso_sources /home/kcw2/data/genome_db/GCF_003704285.1
5311	:	1770321295.391	     1.231	0	54	0	0	write_iso_sources /home/kcw2/data/genome_db/GCF_028885375.1
5338	:	1770321296.002	     0.631	0	54	0	0	write_iso_sources /home/kcw2/data/genome_db/GCF_000091645.1
5319	:	1770321295.558	     1.088	0	54	0	0	write_iso_sources /home/kcw2/data/genome_db/GCF_037914905.1
5318	:	1770321295.525	     1.145	0	54	0	0	write_iso_sources /home/kcw2/data/genome_db/GCF_034060585.1
5317	:	1770321295.506	     1.205	0	54	0	0	write_iso_sources /home/kcw2/data/genome_db/GCF_033809795.1
5323	:	1770321295.709	     1.004	0	54	0	0	write_iso_sources /home/kcw2/data/genome_db/GCF_041950415.1
5314	:	1770321295.436	     1.291	0	54	0	0	write_iso_sources /home/kcw2/data/genome_db/GCF_029866825.1
5320	:	1770321295.628	     1.101	0	54	0	0	write_iso_sources /home/kcw2/data/genome_db/GCF_038020425.1
5334	:	1770321295.931	     0.826	0	54	0	0	write_iso_sources /home/kcw2/data/genome_db/GCF_003544855.1
5350	:	1770321296.336	     0.423	0	54	0	0	write_iso_sources /home/kcw2/data/genome_db/GCF_001854225.1
5355	:	1770321296.449	     0.370	0	54	0	0	write_iso_sources /home/kcw2/data/genome_db/GCF_017896265.1
5325	:	1770321295.755	     1.077	0	54	0	0	write_iso_sources /home/kcw2/data/genome_db/GCF_045291045.1
5283	:	1770321294.695	     2.157	0	54	0	0	write_iso_sources /home/kcw2/data/genome_db/GCF_001029145.1
5324	:	1770321295.724	     1.131	0	54	0	0	write_iso_sources /home/kcw2/data/genome_db/GCF_041950455.1
5327	:	1770321295.819	     1.036	0	54	0	0	write_iso_sources /home/kcw2/data/genome_db/GCF_048164455.1
5356	:	1770321296.475	     0.382	0	54	0	0	write_iso_sources /home/kcw2/data/genome_db/GCF_017896285.1
5346	:	1770321296.253	     0.651	0	54	0	0	write_iso_sources /home/kcw2/data/genome_db/GCF_003019785.1
5330	:	1770321295.876	     1.032	0	54	0	0	write_iso_sources /home/kcw2/data/genome_db/GCF_049810385.1
5322	:	1770321295.677	     1.231	0	54	0	0	write_iso_sources /home/kcw2/data/genome_db/GCF_040712145.1
5329	:	1770321295.852	     1.088	0	54	0	0	write_iso_sources /home/kcw2/data/genome_db/GCF_049810375.1
5331	:	1770321295.887	     1.053	0	54	0	0	write_iso_sources /home/kcw2/data/genome_db/GCF_002079225.1
5344	:	1770321296.200	     0.741	0	54	0	0	write_iso_sources /home/kcw2/data/genome_db/GCF_000023285.1
5328	:	1770321295.836	     1.133	0	54	0	0	write_iso_sources /home/kcw2/data/genome_db/GCF_048288325.1
5326	:	1770321295.793	     1.194	0	54	0	0	write_iso_sources /home/kcw2/data/genome_db/GCF_045344285.1
5351	:	1770321296.347	     0.641	0	54	0	0	write_iso_sources /home/kcw2/data/genome_db/GCF_000349975.1
5373	:	1770321296.757	     0.311	0	54	0	0	write_iso_sources /home/kcw2/data/genome_db/GCF_000021265.1
5333	:	1770321295.921	     1.174	0	54	0	0	write_iso_sources /home/kcw2/data/genome_db/GCF_000218565.1
5352	:	1770321296.387	     0.726	0	54	0	0	write_iso_sources /home/kcw2/data/genome_db/GCF_000155515.2
5339	:	1770321296.024	     1.105	0	54	0	0	write_iso_sources /home/kcw2/data/genome_db/GCF_034421375.1
5364	:	1770321296.634	     0.496	0	54	0	0	write_iso_sources /home/kcw2/data/genome_db/GCF_028751035.1
5349	:	1770321296.316	     0.852	0	54	0	0	write_iso_sources /home/kcw2/data/genome_db/GCF_000022305.1
5362	:	1770321296.605	     0.611	0	54	0	0	write_iso_sources /home/kcw2/data/genome_db/GCF_902810445.1
5371	:	1770321296.728	     0.519	0	54	0	0	write_iso_sources /home/kcw2/data/genome_db/GCF_000021165.1
5368	:	1770321296.683	     0.638	0	54	0	0	write_iso_sources /home/kcw2/data/genome_db/GCF_045348045.1
5343	:	1770321296.178	     1.177	0	54	0	0	write_iso_sources /home/kcw2/data/genome_db/GCF_000092225.1
5365	:	1770321296.646	     0.773	0	54	0	0	write_iso_sources /home/kcw2/data/genome_db/GCF_000767055.1
5359	:	1770321296.543	     0.895	0	54	0	0	write_iso_sources /home/kcw2/data/genome_db/GCF_000174795.2
5358	:	1770321296.512	     0.941	0	54	0	0	write_iso_sources /home/kcw2/data/genome_db/GCF_000020685.1
5374	:	1770321296.776	     0.756	0	54	0	0	write_iso_sources /home/kcw2/data/genome_db/GCF_002814115.1
5348	:	1770321296.294	     1.265	0	54	0	0	write_iso_sources /home/kcw2/data/genome_db/GCF_000385905.1
5367	:	1770321296.671	     0.928	0	54	0	0	write_iso_sources /home/kcw2/data/genome_db/GCF_024296825.1
5370	:	1770321296.712	     0.914	0	54	0	0	write_iso_sources /home/kcw2/data/genome_db/GCF_030122965.1
5383	:	1770321296.923	     0.705	0	54	0	0	write_iso_sources /home/kcw2/data/genome_db/GCF_018687575.1
5389	:	1770321297.036	     0.619	0	54	0	0	write_iso_sources /home/kcw2/data/genome_db/GCF_049262885.1
5396	:	1770321297.159	     0.498	0	54	0	0	write_iso_sources /home/kcw2/data/genome_db/GCA_041545695.1
5399	:	1770321297.202	     0.456	0	54	0	0	write_iso_sources /home/kcw2/data/genome_db/GCA_024348245.1
5381	:	1770321296.887	     0.797	0	54	0	0	write_iso_sources /home/kcw2/data/genome_db/GCF_044789835.1
5357	:	1770321296.493	     1.195	0	54	0	0	write_iso_sources /home/kcw2/data/genome_db/GCF_949789945.1
5361	:	1770321296.593	     1.111	0	54	0	0	write_iso_sources /home/kcw2/data/genome_db/GCF_008281175.1
5397	:	1770321297.169	     0.538	0	54	0	0	write_iso_sources /home/kcw2/data/genome_db/GCA_005006335.2
5398	:	1770321297.186	     0.520	0	54	0	0	write_iso_sources /home/kcw2/data/genome_db/GCA_012923665.1
5345	:	1770321296.221	     1.498	0	54	0	0	write_iso_sources /home/kcw2/data/genome_db/GCF_025643595.1
5390	:	1770321297.051	     0.671	0	54	0	0	write_iso_sources /home/kcw2/data/genome_db/GCF_024453835.1
5395	:	1770321297.146	     0.580	0	54	0	0	write_iso_sources /home/kcw2/data/genome_db/GCA_032628645.2
5405	:	1770321297.439	     0.301	0	54	0	0	write_iso_sources /home/kcw2/data/genome_db/GCA_021729565.1
5369	:	1770321296.694	     1.046	0	54	0	0	write_iso_sources /home/kcw2/data/genome_db/GCF_029762335.1
5353	:	1770321296.399	     1.377	0	54	0	0	write_iso_sources /home/kcw2/data/genome_db/GCF_965216435.1
5360	:	1770321296.576	     1.200	0	54	0	0	write_iso_sources /home/kcw2/data/genome_db/GCF_030544485.1
5401	:	1770321297.228	     0.550	0	54	0	0	write_iso_sources /home/kcw2/data/genome_db/GCA_030719885.1
5372	:	1770321296.742	     1.083	0	54	0	0	write_iso_sources /home/kcw2/data/genome_db/GCF_002843505.1
5382	:	1770321296.903	     0.924	0	54	0	0	write_iso_sources /home/kcw2/data/genome_db/GCF_033107565.1
5402	:	1770321297.266	     0.562	0	54	0	0	write_iso_sources /home/kcw2/data/genome_db/GCA_030720305.1
5400	:	1770321297.216	     0.616	0	54	0	0	write_iso_sources /home/kcw2/data/genome_db/GCA_030719385.1
5406	:	1770321297.453	     0.379	0	54	0	0	write_iso_sources /home/kcw2/data/genome_db/GCA_034680705.1
5403	:	1770321297.354	     0.488	0	54	0	0	write_iso_sources /home/kcw2/data/genome_db/GCA_032629165.2
5347	:	1770321296.266	     1.615	0	54	0	0	write_iso_sources /home/kcw2/data/genome_db/GCF_000172715.2
5380	:	1770321296.870	     1.057	0	54	0	0	write_iso_sources /home/kcw2/data/genome_db/GCF_000175215.2
5407	:	1770321297.486	     0.441	0	54	0	0	write_iso_sources /home/kcw2/data/genome_db/GCA_034705995.1
5404	:	1770321297.376	     0.565	0	54	0	0	write_iso_sources /home/kcw2/data/genome_db/GCA_045344315.1
5408	:	1770321297.550	     0.424	0	54	0	0	write_iso_sources /home/kcw2/data/genome_db/GCA_034741135.1
5387	:	1770321296.987	     1.005	0	54	0	0	write_iso_sources /home/kcw2/data/genome_db/GCF_000143145.1
5409	:	1770321297.573	     0.420	0	54	0	0	write_iso_sources /home/kcw2/data/genome_db/GCA_034753215.1
5410	:	1770321297.621	     0.381	0	54	0	0	write_iso_sources /home/kcw2/data/genome_db/GCA_034773915.1
5354	:	1770321296.413	     1.610	0	54	0	0	write_iso_sources /home/kcw2/data/genome_db/GCF_000193355.1
5388	:	1770321297.008	     1.017	0	54	0	0	write_iso_sources /home/kcw2/data/genome_db/GCF_031582865.1
5394	:	1770321297.129	     0.897	0	54	0	0	write_iso_sources /home/kcw2/data/genome_db/GCA_023158875.1
5386	:	1770321296.969	     1.085	0	54	0	0	write_iso_sources /home/kcw2/data/genome_db/GCF_002250965.2
5412	:	1770321297.655	     0.404	0	54	0	0	write_iso_sources /home/kcw2/data/genome_db/GCA_034809485.1
5378	:	1770321296.833	     1.240	0	54	0	0	write_iso_sources /home/kcw2/data/genome_db/GCF_044501185.1
5411	:	1770321297.641	     0.432	0	54	0	0	write_iso_sources /home/kcw2/data/genome_db/GCA_034795745.1
5413	:	1770321297.685	     0.390	0	54	0	0	write_iso_sources /home/kcw2/data/genome_db/GCA_034814885.1
5375	:	1770321296.791	     1.298	0	54	0	0	write_iso_sources /home/kcw2/data/genome_db/GCF_000493535.2
5385	:	1770321296.957	     1.132	0	54	0	0	write_iso_sources /home/kcw2/data/genome_db/GCF_002250945.2
5376	:	1770321296.803	     1.288	0	54	0	0	write_iso_sources /home/kcw2/data/genome_db/GCF_007858975.2
5414	:	1770321297.705	     0.427	0	54	0	0	write_iso_sources /home/kcw2/data/genome_db/GCA_034834795.1
5416	:	1770321297.740	     0.401	0	54	0	0	write_iso_sources /home/kcw2/data/genome_db/GCA_034855715.1
5417	:	1770321297.775	     0.376	0	54	0	0	write_iso_sources /home/kcw2/data/genome_db/GCA_034856135.1
5415	:	1770321297.718	     0.463	0	54	0	0	write_iso_sources /home/kcw2/data/genome_db/GCA_034845235.1
5418	:	1770321297.792	     0.404	0	54	0	0	write_iso_sources /home/kcw2/data/genome_db/GCA_034856555.1
5419	:	1770321297.807	     0.390	0	54	0	0	write_iso_sources /home/kcw2/data/genome_db/GCA_034856975.1
5379	:	1770321296.853	     1.378	0	54	0	0	write_iso_sources /home/kcw2/data/genome_db/GCF_000145275.1
5363	:	1770321296.621	     1.623	0	54	0	0	write_iso_sources /home/kcw2/data/genome_db/GCF_025147085.1
5421	:	1770321297.843	     0.404	0	54	0	0	write_iso_sources /home/kcw2/data/genome_db/GCA_034858735.1
5425	:	1770321297.905	     0.348	0	54	0	0	write_iso_sources /home/kcw2/data/genome_db/GCA_034867325.1
5420	:	1770321297.826	     0.450	0	54	0	0	write_iso_sources /home/kcw2/data/genome_db/GCA_034858315.1
5423	:	1770321297.868	     0.408	0	54	0	0	write_iso_sources /home/kcw2/data/genome_db/GCA_034860225.1
5377	:	1770321296.819	     1.490	0	54	0	0	write_iso_sources /home/kcw2/data/genome_db/GCF_000747545.1
5422	:	1770321297.854	     0.467	0	54	0	0	write_iso_sources /home/kcw2/data/genome_db/GCA_034859805.1
5426	:	1770321297.926	     0.421	0	54	0	0	write_iso_sources /home/kcw2/data/genome_db/GCA_034886905.1
5366	:	1770321296.660	     1.698	0	54	0	0	write_iso_sources /home/kcw2/data/genome_db/GCF_016027815.1
5427	:	1770321297.941	     0.420	0	54	0	0	write_iso_sources /home/kcw2/data/genome_db/GCA_034905905.1
5431	:	1770321298.002	     0.359	0	54	0	0	write_iso_sources /home/kcw2/data/genome_db/GCA_034965425.1
5430	:	1770321297.991	     0.384	0	54	0	0	write_iso_sources /home/kcw2/data/genome_db/GCA_034950175.1
5424	:	1770321297.881	     0.555	0	54	0	0	write_iso_sources /home/kcw2/data/genome_db/GCA_034865745.1
5432	:	1770321298.024	     0.413	0	54	0	0	write_iso_sources /home/kcw2/data/genome_db/GCA_034982865.1
5433	:	1770321298.036	     0.401	0	54	0	0	write_iso_sources /home/kcw2/data/genome_db/GCA_035020825.1
5434	:	1770321298.055	     0.382	0	54	0	0	write_iso_sources /home/kcw2/data/genome_db/GCA_035039565.1
5429	:	1770321297.974	     0.473	0	54	0	0	write_iso_sources /home/kcw2/data/genome_db/GCA_034939625.1
5428	:	1770321297.955	     0.514	0	54	0	0	write_iso_sources /home/kcw2/data/genome_db/GCA_034925645.1
5436	:	1770321298.088	     0.382	0	54	0	0	write_iso_sources /home/kcw2/data/genome_db/GCA_035063285.1
5438	:	1770321298.120	     0.376	0	54	0	0	write_iso_sources /home/kcw2/data/genome_db/GCA_035077345.1
5441	:	1770321298.152	     0.375	0	54	0	0	write_iso_sources /home/kcw2/data/genome_db/GCA_035117195.1
5435	:	1770321298.072	     0.470	0	54	0	0	write_iso_sources /home/kcw2/data/genome_db/GCA_035059775.1
5439	:	1770321298.131	     0.434	0	54	0	0	write_iso_sources /home/kcw2/data/genome_db/GCA_035091385.1
5440	:	1770321298.142	     0.426	0	54	0	0	write_iso_sources /home/kcw2/data/genome_db/GCA_035104665.1
5391	:	1770321297.068	     1.518	0	54	0	0	write_iso_sources /home/kcw2/data/genome_db/GCF_028747245.1
5437	:	1770321298.108	     0.480	0	54	0	0	write_iso_sources /home/kcw2/data/genome_db/GCA_035067485.1
5446	:	1770321298.217	     0.371	0	54	0	0	write_iso_sources /home/kcw2/data/genome_db/GCA_035182165.1
5442	:	1770321298.163	     0.426	0	54	0	0	write_iso_sources /home/kcw2/data/genome_db/GCA_035126575.1
5444	:	1770321298.196	     0.394	0	54	0	0	write_iso_sources /home/kcw2/data/genome_db/GCA_035171045.1
5443	:	1770321298.180	     0.421	0	54	0	0	write_iso_sources /home/kcw2/data/genome_db/GCA_035146795.1
5445	:	1770321298.207	     0.394	0	54	0	0	write_iso_sources /home/kcw2/data/genome_db/GCA_035181745.1
5448	:	1770321298.245	     0.382	0	54	0	0	write_iso_sources /home/kcw2/data/genome_db/GCA_035183005.1
5447	:	1770321298.231	     0.407	0	54	0	0	write_iso_sources /home/kcw2/data/genome_db/GCA_035182585.1
5449	:	1770321298.265	     0.393	0	54	0	0	write_iso_sources /home/kcw2/data/genome_db/GCA_035183425.1
5392	:	1770321297.094	     1.580	0	54	0	0	write_iso_sources /home/kcw2/data/genome_db/GCF_028747265.1
5453	:	1770321298.321	     0.355	0	54	0	0	write_iso_sources /home/kcw2/data/genome_db/GCA_035185565.1
5450	:	1770321298.276	     0.434	0	54	0	0	write_iso_sources /home/kcw2/data/genome_db/GCA_035183905.1
5452	:	1770321298.310	     0.401	0	54	0	0	write_iso_sources /home/kcw2/data/genome_db/GCA_035184805.1
5393	:	1770321297.114	     1.607	0	54	0	0	write_iso_sources /home/kcw2/data/genome_db/GCF_028747965.1
5451	:	1770321298.299	     0.453	0	54	0	0	write_iso_sources /home/kcw2/data/genome_db/GCA_035184345.1
5459	:	1770321298.405	     0.500	0	54	0	0	write_iso_sources /home/kcw2/data/genome_db/GCA_019056435.1
5466	:	1770321298.527	     0.524	0	54	0	0	write_iso_sources /home/kcw2/data/genome_db/GCA_015679705.1
5456	:	1770321298.375	     0.734	0	54	0	0	write_iso_sources /home/kcw2/data/genome_db/GCA_025792655.1
5458	:	1770321298.394	     0.855	0	54	0	0	write_iso_sources /home/kcw2/data/genome_db/GCA_949788755.1
5462	:	1770321298.448	     0.832	0	54	0	0	write_iso_sources /home/kcw2/data/genome_db/GCA_021387885.2
5463	:	1770321298.469	     0.872	0	54	0	0	write_iso_sources /home/kcw2/data/genome_db/GCA_036584025.1
5495	:	1770321298.894	     0.450	0	54	0	0	write_iso_sources /home/kcw2/data/genome_db/GCF_027286165.1
5465	:	1770321298.509	     0.876	0	54	0	0	write_iso_sources /home/kcw2/data/genome_db/GCA_043647545.2
5470	:	1770321298.587	     0.822	0	54	0	0	write_iso_sources /home/kcw2/data/genome_db/GCA_008820725.1
5494	:	1770321298.880	     0.529	0	54	0	0	write_iso_sources /home/kcw2/data/genome_db/GCF_017748085.1
5468	:	1770321298.554	     0.882	0	54	0	0	write_iso_sources /home/kcw2/data/genome_db/GCA_008815415.1
5473	:	1770321298.618	     0.841	0	54	0	0	write_iso_sources /home/kcw2/data/genome_db/GCA_008822465.1
5469	:	1770321298.565	     0.957	0	54	0	0	write_iso_sources /home/kcw2/data/genome_db/GCA_008816935.1
5472	:	1770321298.610	     0.915	0	54	0	0	write_iso_sources /home/kcw2/data/genome_db/GCA_008821945.1
5475	:	1770321298.639	     0.889	0	54	0	0	write_iso_sources /home/kcw2/data/genome_db/GCA_013168655.1
5464	:	1770321298.494	     1.062	0	54	0	0	write_iso_sources /home/kcw2/data/genome_db/GCA_042209595.2
5491	:	1770321298.829	     0.730	0	54	0	0	write_iso_sources /home/kcw2/data/genome_db/GCF_019931005.1
5467	:	1770321298.543	     1.019	0	54	0	0	write_iso_sources /home/kcw2/data/genome_db/GCA_008810315.1
5477	:	1770321298.674	     0.912	0	54	0	0	write_iso_sources /home/kcw2/data/genome_db/GCA_028747725.1
5474	:	1770321298.627	     1.003	0	54	0	0	write_iso_sources /home/kcw2/data/genome_db/GCA_008822885.1
5476	:	1770321298.659	     0.991	0	54	0	0	write_iso_sources /home/kcw2/data/genome_db/GCA_022407495.1
5501	:	1770321299.050	     0.601	0	54	0	0	write_iso_sources /home/kcw2/data/genome_db/GCF_021278945.1
5480	:	1770321298.710	     0.968	0	54	0	0	write_iso_sources /home/kcw2/data/genome_db/GCA_030254225.1
5478	:	1770321298.683	     1.008	0	54	0	0	write_iso_sources /home/kcw2/data/genome_db/GCA_030253195.1
5481	:	1770321298.722	     0.993	0	54	0	0	write_iso_sources /home/kcw2/data/genome_db/GCA_042465105.1
5384	:	1770321296.940	     2.789	0	54	0	0	write_iso_sources /home/kcw2/data/genome_db/GCF_042466515.1
5479	:	1770321298.695	     1.037	0	54	0	0	write_iso_sources /home/kcw2/data/genome_db/GCA_030253805.1
5482	:	1770321298.732	     1.025	0	54	0	0	write_iso_sources /home/kcw2/data/genome_db/GCA_042465365.1
5493	:	1770321298.864	     0.895	0	54	0	0	write_iso_sources /home/kcw2/data/genome_db/GCF_002327185.1
5483	:	1770321298.740	     1.030	0	54	0	0	write_iso_sources /home/kcw2/data/genome_db/GCA_042465605.1
5455	:	1770321298.359	     1.437	0	54	0	0	write_iso_sources /home/kcw2/data/genome_db/GCA_021666815.3
5486	:	1770321298.773	     1.025	0	54	0	0	write_iso_sources /home/kcw2/data/genome_db/GCA_050562565.1
5487	:	1770321298.784	     1.015	0	54	0	0	write_iso_sources /home/kcw2/data/genome_db/GCA_050562775.1
5497	:	1770321298.930	     0.871	0	54	0	0	write_iso_sources /home/kcw2/data/genome_db/GCF_019967935.1
5498	:	1770321298.973	     0.828	0	54	0	0	write_iso_sources /home/kcw2/data/genome_db/GCF_032465875.1
5471	:	1770321298.601	     1.228	0	54	0	0	write_iso_sources /home/kcw2/data/genome_db/GCA_008821525.1
5488	:	1770321298.796	     1.046	0	54	0	0	write_iso_sources /home/kcw2/data/genome_db/GCA_050562985.1
5489	:	1770321298.809	     1.036	0	54	0	0	write_iso_sources /home/kcw2/data/genome_db/GCA_050595955.1
5499	:	1770321298.992	     0.877	0	54	0	0	write_iso_sources /home/kcw2/data/genome_db/GCF_045256955.1
5457	:	1770321298.386	     1.506	0	54	0	0	write_iso_sources /home/kcw2/data/genome_db/GCA_037223945.1
5454	:	1770321298.348	     1.582	0	54	0	0	write_iso_sources /home/kcw2/data/genome_db/GCA_016924255.2
5484	:	1770321298.752	     1.181	0	54	0	0	write_iso_sources /home/kcw2/data/genome_db/GCA_047323525.1
5485	:	1770321298.762	     1.191	0	54	0	0	write_iso_sources /home/kcw2/data/genome_db/GCA_050562355.1
5496	:	1770321298.906	     1.055	0	54	0	0	write_iso_sources /home/kcw2/data/genome_db/GCF_040822445.1
5516	:	1770321299.586	     0.390	0	54	0	0	write_iso_sources /home/kcw2/data/genome_db/GCF_001702115.1
5461	:	1770321298.435	     1.608	0	54	0	0	write_iso_sources /home/kcw2/data/genome_db/GCA_021397605.1
5492	:	1770321298.845	     1.241	0	54	0	0	write_iso_sources /home/kcw2/data/genome_db/GCF_000312705.1
5517	:	1770321299.598	     0.511	0	54	0	0	write_iso_sources /home/kcw2/data/genome_db/GCF_900638585.1
5512	:	1770321299.484	     0.667	0	54	0	0	write_iso_sources /home/kcw2/data/genome_db/GCF_030168325.1
5460	:	1770321298.415	     1.769	0	54	0	0	write_iso_sources /home/kcw2/data/genome_db/GCA_050597465.1
5490	:	1770321298.820	     1.407	0	54	0	0	write_iso_sources /home/kcw2/data/genome_db/GCF_049817545.1
5513	:	1770321299.541	     0.766	0	54	0	0	write_iso_sources /home/kcw2/data/genome_db/GCF_025558765.1
5514	:	1770321299.557	     0.751	0	54	0	0	write_iso_sources /home/kcw2/data/genome_db/GCF_049315155.1
5506	:	1770321299.356	     1.019	0	54	0	0	write_iso_sources /home/kcw2/data/genome_db/GCF_003051965.2
5507	:	1770321299.371	     1.123	0	54	0	0	write_iso_sources /home/kcw2/data/genome_db/GCF_023922005.1
5546	:	1770321300.087	     0.489	0	54	0	0	write_iso_sources /home/kcw2/data/genome_db/GCF_018409405.1
5511	:	1770321299.456	     1.138	0	54	0	0	write_iso_sources /home/kcw2/data/genome_db/GCF_002224645.1
5502	:	1770321299.076	     1.538	0	54	0	0	write_iso_sources /home/kcw2/data/genome_db/GCF_022533565.1
5504	:	1770321299.268	     1.382	0	54	0	0	write_iso_sources /home/kcw2/data/genome_db/GCF_011691375.1
5505	:	1770321299.305	     1.372	0	54	0	0	write_iso_sources /home/kcw2/data/genome_db/GCF_002876425.2
5525	:	1770321299.729	     0.982	0	54	0	0	write_iso_sources /home/kcw2/data/genome_db/GCF_028747645.1
5508	:	1770321299.406	     1.391	0	54	0	0	write_iso_sources /home/kcw2/data/genome_db/GCF_036320505.1
5509	:	1770321299.418	     1.411	0	54	0	0	write_iso_sources /home/kcw2/data/genome_db/GCF_048537515.1
5510	:	1770321299.436	     1.396	0	54	0	0	write_iso_sources /home/kcw2/data/genome_db/GCF_002953335.1
5522	:	1770321299.672	     1.162	0	54	0	0	write_iso_sources /home/kcw2/data/genome_db/GCF_003031205.1
5524	:	1770321299.714	     1.121	0	54	0	0	write_iso_sources /home/kcw2/data/genome_db/GCF_000815185.1
5543	:	1770321300.044	     0.804	0	54	0	0	write_iso_sources /home/kcw2/data/genome_db/GCF_014304795.1
5503	:	1770321299.127	     1.783	0	54	0	0	write_iso_sources /home/kcw2/data/genome_db/GCF_003851495.1
5541	:	1770321299.990	     0.923	0	54	0	0	write_iso_sources /home/kcw2/data/genome_db/GCF_000146505.1
5533	:	1770321299.843	     1.117	0	54	0	0	write_iso_sources /home/kcw2/data/genome_db/GCF_011466775.1
5527	:	1770321299.758	     1.217	0	54	0	0	write_iso_sources /home/kcw2/data/genome_db/GCF_029717945.1
5523	:	1770321299.692	     1.299	0	54	0	0	write_iso_sources /home/kcw2/data/genome_db/GCF_903995505.1
5518	:	1770321299.613	     1.391	0	54	0	0	write_iso_sources /home/kcw2/data/genome_db/GCF_016653655.1
5521	:	1770321299.661	     1.355	0	54	0	0	write_iso_sources /home/kcw2/data/genome_db/GCF_037081855.1
5528	:	1770321299.771	     1.292	0	54	0	0	write_iso_sources /home/kcw2/data/genome_db/GCF_024266465.1
5536	:	1770321299.892	     1.174	0	54	0	0	write_iso_sources /home/kcw2/data/genome_db/GCF_030913595.1
5526	:	1770321299.742	     1.383	0	54	0	0	write_iso_sources /home/kcw2/data/genome_db/GCF_002869785.1
5530	:	1770321299.796	     1.395	0	54	0	0	write_iso_sources /home/kcw2/data/genome_db/GCF_021497565.1
5519	:	1770321299.630	     1.574	0	54	0	0	write_iso_sources /home/kcw2/data/genome_db/GCF_041725675.1
5534	:	1770321299.860	     1.347	0	54	0	0	write_iso_sources /home/kcw2/data/genome_db/GCF_003347075.1
5535	:	1770321299.870	     1.372	0	54	0	0	write_iso_sources /home/kcw2/data/genome_db/GCF_022557215.1
5537	:	1770321299.907	     1.338	0	54	0	0	write_iso_sources /home/kcw2/data/genome_db/GCF_031039175.1
5542	:	1770321300.013	     1.262	0	54	0	0	write_iso_sources /home/kcw2/data/genome_db/GCF_028993655.1
5545	:	1770321300.073	     1.206	0	54	0	0	write_iso_sources /home/kcw2/data/genome_db/GCF_002381365.1
5540	:	1770321299.975	     1.318	0	54	0	0	write_iso_sources /home/kcw2/data/genome_db/GCF_041412575.1
5538	:	1770321299.930	     1.424	0	54	0	0	write_iso_sources /home/kcw2/data/genome_db/GCF_040896175.1
5559	:	1770321300.678	     0.696	0	54	0	0	write_iso_sources /home/kcw2/data/genome_db/GCF_014792805.1
5549	:	1770321300.170	     1.204	0	54	0	0	write_iso_sources /home/kcw2/data/genome_db/GCF_047159435.1
5547	:	1770321300.109	     1.286	0	54	0	0	write_iso_sources /home/kcw2/data/genome_db/GCF_017347425.1
5550	:	1770321300.203	     1.192	0	54	0	0	write_iso_sources /home/kcw2/data/genome_db/GCF_021498245.1
5577	:	1770321301.140	     0.297	0	54	0	0	write_iso_sources /home/kcw2/data/genome_db/GCF_041729695.1
5552	:	1770321300.326	     1.134	0	54	0	0	write_iso_sources /home/kcw2/data/genome_db/GCF_001928215.2
5560	:	1770321300.696	     0.768	0	54	0	0	write_iso_sources /home/kcw2/data/genome_db/GCF_002456135.1
5500	:	1770321299.008	     2.460	0	54	0	0	write_iso_sources /home/kcw2/data/genome_db/GCF_027107535.1
5520	:	1770321299.650	     1.834	0	54	0	0	write_iso_sources /home/kcw2/data/genome_db/GCF_008639045.1
5529	:	1770321299.782	     1.753	0	54	0	0	write_iso_sources /home/kcw2/data/genome_db/GCF_016774495.1
5539	:	1770321299.954	     1.585	0	54	0	0	write_iso_sources /home/kcw2/data/genome_db/GCF_041411285.1
5548	:	1770321300.141	     1.425	0	54	0	0	write_iso_sources /home/kcw2/data/genome_db/GCF_030444555.1
5556	:	1770321300.593	     1.034	0	54	0	0	write_iso_sources /home/kcw2/data/genome_db/GCF_011604785.1
5555	:	1770321300.522	     1.174	0	54	0	0	write_iso_sources /home/kcw2/data/genome_db/GCF_004355485.1
5553	:	1770321300.354	     1.378	0	54	0	0	write_iso_sources /home/kcw2/data/genome_db/GCF_002023005.1
5554	:	1770321300.388	     1.348	0	54	0	0	write_iso_sources /home/kcw2/data/genome_db/GCF_003382895.1
5557	:	1770321300.608	     1.128	0	54	0	0	write_iso_sources /home/kcw2/data/genome_db/GCF_042942595.1
5566	:	1770321300.923	     0.813	0	54	0	0	write_iso_sources /home/kcw2/data/genome_db/GCF_042638365.1
5580	:	1770321301.242	     0.494	0	54	0	0	write_iso_sources /home/kcw2/data/genome_db/GCF_004524775.2
5515	:	1770321299.574	     2.183	0	54	0	0	write_iso_sources /home/kcw2/data/genome_db/GCF_001654435.1
5578	:	1770321301.205	     0.555	0	54	0	0	write_iso_sources /home/kcw2/data/genome_db/GCF_030376725.1
5579	:	1770321301.217	     0.569	0	54	0	0	write_iso_sources /home/kcw2/data/genome_db/GCF_016725245.1
5565	:	1770321300.911	     0.891	0	54	0	0	write_iso_sources /home/kcw2/data/genome_db/GCF_042638145.1
5564	:	1770321300.866	     0.953	0	54	0	0	write_iso_sources /home/kcw2/data/genome_db/GCF_003058405.2
5567	:	1770321300.936	     0.914	0	54	0	0	write_iso_sources /home/kcw2/data/genome_db/GCF_047783115.1
5532	:	1770321299.829	     2.069	0	54	0	0	write_iso_sources /home/kcw2/data/genome_db/GCF_008704855.1
5551	:	1770321300.240	     1.661	0	54	0	0	write_iso_sources /home/kcw2/data/genome_db/GCF_000832885.1
5590	:	1770321301.438	     0.466	0	54	0	0	write_iso_sources /home/kcw2/data/genome_db/GCF_002804205.1
5544	:	1770321300.060	     2.001	0	54	0	0	write_iso_sources /home/kcw2/data/genome_db/GCF_001028665.1
5558	:	1770321300.624	     1.437	0	54	0	0	write_iso_sources /home/kcw2/data/genome_db/GCF_048295055.1
5574	:	1770321301.094	     1.008	0	54	0	0	write_iso_sources /home/kcw2/data/genome_db/GCF_036866205.1
5576	:	1770321301.125	     1.009	0	54	0	0	write_iso_sources /home/kcw2/data/genome_db/GCF_036885025.1
5573	:	1770321301.062	     1.118	0	54	0	0	write_iso_sources /home/kcw2/data/genome_db/GCF_036865985.1
5598	:	1770321301.643	     0.609	0	54	0	0	write_iso_sources /home/kcw2/data/genome_db/GCF_046115555.1
5592	:	1770321301.484	     0.819	0	54	0	0	write_iso_sources /home/kcw2/data/genome_db/GCF_002285595.1
5599	:	1770321301.657	     0.661	0	54	0	0	write_iso_sources /home/kcw2/data/genome_db/GCF_001444445.1
5531	:	1770321299.813	     2.532	0	54	0	0	write_iso_sources /home/kcw2/data/genome_db/GCF_036110805.1
5605	:	1770321301.818	     0.542	0	54	0	0	write_iso_sources /home/kcw2/data/genome_db/GCF_037911875.1
5604	:	1770321301.802	     0.588	0	54	0	0	write_iso_sources /home/kcw2/data/genome_db/GCF_037897415.1
5597	:	1770321301.626	     0.779	0	54	0	0	write_iso_sources /home/kcw2/data/genome_db/GCF_030370395.1
5582	:	1770321301.275	     1.131	0	54	0	0	write_iso_sources /home/kcw2/data/genome_db/GCF_003286975.1
5596	:	1770321301.606	     0.815	0	54	0	0	write_iso_sources /home/kcw2/data/genome_db/GCF_023516335.1
5581	:	1770321301.257	     1.179	0	54	0	0	write_iso_sources /home/kcw2/data/genome_db/GCF_001611095.1
5568	:	1770321300.959	     1.490	0	54	0	0	write_iso_sources /home/kcw2/data/genome_db/GCF_049152175.1
5572	:	1770321301.038	     1.414	0	54	0	0	write_iso_sources /home/kcw2/data/genome_db/GCF_036865765.1
5606	:	1770321301.850	     0.606	0	54	0	0	write_iso_sources /home/kcw2/data/genome_db/GCF_016889885.1
5602	:	1770321301.774	     0.716	0	54	0	0	write_iso_sources /home/kcw2/data/genome_db/GCF_035320945.1
5593	:	1770321301.536	     0.963	0	54	0	0	write_iso_sources /home/kcw2/data/genome_db/GCF_007974045.1
5594	:	1770321301.567	     0.950	0	54	0	0	write_iso_sources /home/kcw2/data/genome_db/GCF_007976905.1
5575	:	1770321301.106	     1.436	0	54	0	0	write_iso_sources /home/kcw2/data/genome_db/GCF_036866415.1
5569	:	1770321300.974	     1.582	0	54	0	0	write_iso_sources /home/kcw2/data/genome_db/GCF_020783555.1
5563	:	1770321300.847	     1.715	0	54	0	0	write_iso_sources /home/kcw2/data/genome_db/GCF_016906225.1
5603	:	1770321301.786	     0.818	0	54	0	0	write_iso_sources /home/kcw2/data/genome_db/GCF_037906365.1
5561	:	1770321300.729	     1.901	0	54	0	0	write_iso_sources /home/kcw2/data/genome_db/GCF_035917555.1
5591	:	1770321301.461	     1.173	0	54	0	0	write_iso_sources /home/kcw2/data/genome_db/GCF_011106855.1
5608	:	1770321301.898	     0.737	0	54	0	0	write_iso_sources /home/kcw2/data/genome_db/GCF_001643775.1
5595	:	1770321301.591	     1.059	0	54	0	0	write_iso_sources /home/kcw2/data/genome_db/GCF_007980445.1
5589	:	1770321301.420	     1.250	0	54	0	0	write_iso_sources /home/kcw2/data/genome_db/GCF_024112375.1
5611	:	1770321301.967	     0.703	0	54	0	0	write_iso_sources /home/kcw2/data/genome_db/GCF_023299445.1
5584	:	1770321301.305	     1.378	0	54	0	0	write_iso_sources /home/kcw2/data/genome_db/GCF_019317185.1
5624	:	1770321302.379	     0.335	0	54	0	0	write_iso_sources /home/kcw2/data/genome_db/GCF_900416725.2
5623	:	1770321302.360	     0.380	0	54	0	0	write_iso_sources /home/kcw2/data/genome_db/GCF_003999235.1
5562	:	1770321300.829	     1.924	0	54	0	0	write_iso_sources /home/kcw2/data/genome_db/GCF_023716005.1
5570	:	1770321300.991	     1.765	0	54	0	0	write_iso_sources /home/kcw2/data/genome_db/GCF_045161705.1
5625	:	1770321302.401	     0.407	0	54	0	0	write_iso_sources /home/kcw2/data/genome_db/GCF_000772145.1
5586	:	1770321301.373	     1.555	0	54	0	0	write_iso_sources /home/kcw2/data/genome_db/GCF_027941975.1
5583	:	1770321301.293	     1.667	0	54	0	0	write_iso_sources /home/kcw2/data/genome_db/GCF_018623335.1
5571	:	1770321301.004	     1.976	0	54	0	0	write_iso_sources /home/kcw2/data/genome_db/GCF_045206215.1
5585	:	1770321301.320	     1.685	0	54	0	0	write_iso_sources /home/kcw2/data/genome_db/GCF_023066805.1
5587	:	1770321301.394	     1.634	0	54	0	0	write_iso_sources /home/kcw2/data/genome_db/GCF_041214325.1
5613	:	1770321302.006	     1.036	0	54	0	0	write_iso_sources /home/kcw2/data/genome_db/GCF_900638655.1
5588	:	1770321301.408	     1.690	0	54	0	0	write_iso_sources /home/kcw2/data/genome_db/GCF_041221925.1
5609	:	1770321301.925	     1.238	0	54	0	0	write_iso_sources /home/kcw2/data/genome_db/GCF_025159015.1
5632	:	1770321302.517	     0.674	0	54	0	0	write_iso_sources /home/kcw2/data/genome_db/GCF_019797805.1
5639	:	1770321302.649	     0.595	0	54	0	0	write_iso_sources /home/kcw2/data/genome_db/GCF_034424565.1
5607	:	1770321301.864	     1.396	0	54	0	0	write_iso_sources /home/kcw2/data/genome_db/GCF_005877035.1
5600	:	1770321301.732	     1.548	0	54	0	0	write_iso_sources /home/kcw2/data/genome_db/GCF_009831395.1
5610	:	1770321301.951	     1.332	0	54	0	0	write_iso_sources /home/kcw2/data/genome_db/GCF_022494945.1
5612	:	1770321301.985	     1.399	0	54	0	0	write_iso_sources /home/kcw2/data/genome_db/GCF_013347325.1
5638	:	1770321302.629	     0.795	0	54	0	0	write_iso_sources /home/kcw2/data/genome_db/GCF_016694795.1
5614	:	1770321302.060	     1.366	0	54	0	0	write_iso_sources /home/kcw2/data/genome_db/GCF_903978195.1
5616	:	1770321302.103	     1.388	0	54	0	0	write_iso_sources /home/kcw2/data/genome_db/GCF_001753545.1
5601	:	1770321301.757	     1.740	0	54	0	0	write_iso_sources /home/kcw2/data/genome_db/GCF_030436055.1
5615	:	1770321302.074	     1.425	0	54	0	0	write_iso_sources /home/kcw2/data/genome_db/GCF_001559655.1
5617	:	1770321302.121	     1.463	0	54	0	0	write_iso_sources /home/kcw2/data/genome_db/GCF_013167315.1
5618	:	1770321302.147	     1.442	0	54	0	0	write_iso_sources /home/kcw2/data/genome_db/GCF_013167755.1
5627	:	1770321302.433	     1.199	0	54	0	0	write_iso_sources /home/kcw2/data/genome_db/GCF_001042715.1
5626	:	1770321302.421	     1.230	0	54	0	0	write_iso_sources /home/kcw2/data/genome_db/GCF_020990425.1
5634	:	1770321302.542	     1.138	0	54	0	0	write_iso_sources /home/kcw2/data/genome_db/GCF_002024265.1
5621	:	1770321302.315	     1.386	0	54	0	0	write_iso_sources /home/kcw2/data/genome_db/GCF_020423225.1
5629	:	1770321302.471	     1.233	0	54	0	0	write_iso_sources /home/kcw2/data/genome_db/GCF_021768365.1
5619	:	1770321302.194	     1.559	0	54	0	0	write_iso_sources /home/kcw2/data/genome_db/GCF_016458905.1
5667	:	1770321303.491	     0.264	0	54	0	0	write_iso_sources /home/kcw2/data/genome_db/GCF_044324705.1
5631	:	1770321302.499	     1.303	0	54	0	0	write_iso_sources /home/kcw2/data/genome_db/GCF_001565875.1
5628	:	1770321302.449	     1.410	0	54	0	0	write_iso_sources /home/kcw2/data/genome_db/GCF_001442745.1
5620	:	1770321302.265	     1.611	0	54	0	0	write_iso_sources /home/kcw2/data/genome_db/GCF_017165115.1
5668	:	1770321303.526	     0.352	0	54	0	0	write_iso_sources /home/kcw2/data/genome_db/GCF_032595955.2
5640	:	1770321302.670	     1.240	0	54	0	0	write_iso_sources /home/kcw2/data/genome_db/GCF_003717215.1
5645	:	1770321302.740	     1.190	0	54	0	0	write_iso_sources /home/kcw2/data/genome_db/GCF_900205295.1
5646	:	1770321302.754	     1.205	0	54	0	0	write_iso_sources /home/kcw2/data/genome_db/GCF_001922185.1
5641	:	1770321302.684	     1.287	0	54	0	0	write_iso_sources /home/kcw2/data/genome_db/GCF_003717835.1
5647	:	1770321302.767	     1.230	0	54	0	0	write_iso_sources /home/kcw2/data/genome_db/GCF_004324015.2
5656	:	1770321303.043	     0.954	0	54	0	0	write_iso_sources /home/kcw2/data/genome_db/GCF_900637585.1
5622	:	1770321302.337	     1.678	0	54	0	0	write_iso_sources /home/kcw2/data/genome_db/GCF_045277055.1
5643	:	1770321302.715	     1.315	0	54	0	0	write_iso_sources /home/kcw2/data/genome_db/GCF_003719255.1
5644	:	1770321302.726	     1.309	0	54	0	0	write_iso_sources /home/kcw2/data/genome_db/GCF_030254785.1
5651	:	1770321302.824	     1.213	0	54	0	0	write_iso_sources /home/kcw2/data/genome_db/GCF_023746725.1
5657	:	1770321303.066	     0.983	0	54	0	0	write_iso_sources /home/kcw2/data/genome_db/GCF_001886795.1
5642	:	1770321302.699	     1.352	0	54	0	0	write_iso_sources /home/kcw2/data/genome_db/GCF_003718275.1
5659	:	1770321303.179	     0.903	0	54	0	0	write_iso_sources /home/kcw2/data/genome_db/GCF_001399515.1
5637	:	1770321302.603	     1.511	0	54	0	0	write_iso_sources /home/kcw2/data/genome_db/GCF_036362805.1
5649	:	1770321302.792	     1.345	0	54	0	0	write_iso_sources /home/kcw2/data/genome_db/GCF_013206965.1
5650	:	1770321302.807	     1.353	0	54	0	0	write_iso_sources /home/kcw2/data/genome_db/GCF_016454445.1
5633	:	1770321302.531	     1.656	0	54	0	0	write_iso_sources /home/kcw2/data/genome_db/GCF_003851835.1
5635	:	1770321302.556	     1.631	0	54	0	0	write_iso_sources /home/kcw2/data/genome_db/GCF_008693485.1
5636	:	1770321302.579	     1.609	0	54	0	0	write_iso_sources /home/kcw2/data/genome_db/GCF_023374435.1
5664	:	1770321303.340	     0.850	0	54	0	0	write_iso_sources /home/kcw2/data/genome_db/GCF_046605445.1
5648	:	1770321302.782	     1.440	0	54	0	0	write_iso_sources /home/kcw2/data/genome_db/GCF_005885935.1
5665	:	1770321303.397	     0.842	0	54	0	0	write_iso_sources /home/kcw2/data/genome_db/GCF_002442875.1
5652	:	1770321302.945	     1.330	0	54	0	0	write_iso_sources /home/kcw2/data/genome_db/GCF_029594695.1
5680	:	1770321303.829	     0.528	0	54	0	0	write_iso_sources /home/kcw2/data/genome_db/GCF_043000305.1
5630	:	1770321302.489	     1.882	0	54	0	0	write_iso_sources /home/kcw2/data/genome_db/GCF_022870085.1
5653	:	1770321302.979	     1.419	0	54	0	0	write_iso_sources /home/kcw2/data/genome_db/GCF_037876785.1
5655	:	1770321303.028	     1.371	0	54	0	0	write_iso_sources /home/kcw2/data/genome_db/GCF_903989485.1
5683	:	1770321303.911	     0.516	0	54	0	0	write_iso_sources /home/kcw2/data/genome_db/GCF_002998925.1
5660	:	1770321303.211	     1.230	0	54	0	0	write_iso_sources /home/kcw2/data/genome_db/GCF_006547005.1
5654	:	1770321303.005	     1.436	0	54	0	0	write_iso_sources /home/kcw2/data/genome_db/GCF_042184765.1
5661	:	1770321303.261	     1.233	0	54	0	0	write_iso_sources /home/kcw2/data/genome_db/GCF_029834515.1
5687	:	1770321303.992	     0.585	0	54	0	0	write_iso_sources /home/kcw2/data/genome_db/GCF_002102455.2
5669	:	1770321303.552	     1.040	0	54	0	0	write_iso_sources /home/kcw2/data/genome_db/GCF_016028675.1
5677	:	1770321303.731	     0.864	0	54	0	0	write_iso_sources /home/kcw2/data/genome_db/GCF_045584795.1
5676	:	1770321303.716	     0.898	0	54	0	0	write_iso_sources /home/kcw2/data/genome_db/GCF_045571675.1
5681	:	1770321303.877	     0.737	0	54	0	0	write_iso_sources /home/kcw2/data/genome_db/GCF_001553565.1
5672	:	1770321303.623	     0.995	0	54	0	0	write_iso_sources /home/kcw2/data/genome_db/GCF_003367705.1
5688	:	1770321304.015	     0.642	0	54	0	0	write_iso_sources /home/kcw2/data/genome_db/GCF_003052025.1
5686	:	1770321303.972	     0.745	0	54	0	0	write_iso_sources /home/kcw2/data/genome_db/GCF_030034695.1
5689	:	1770321304.049	     0.670	0	54	0	0	write_iso_sources /home/kcw2/data/genome_db/GCF_900636625.1
5666	:	1770321303.456	     1.297	0	54	0	0	write_iso_sources /home/kcw2/data/genome_db/GCF_028893275.1
5705	:	1770321304.269	     0.486	0	54	0	0	write_iso_sources /home/kcw2/data/genome_db/GCF_026428215.1
5678	:	1770321303.770	     1.002	0	54	0	0	write_iso_sources /home/kcw2/data/genome_db/GCF_003200975.3
5673	:	1770321303.652	     1.141	0	54	0	0	write_iso_sources /home/kcw2/data/genome_db/GCF_965284595.1
5679	:	1770321303.781	     1.042	0	54	0	0	write_iso_sources /home/kcw2/data/genome_db/GCF_025723125.1
5682	:	1770321303.894	     0.930	0	54	0	0	write_iso_sources /home/kcw2/data/genome_db/GCF_015693945.1
5703	:	1770321304.239	     0.586	0	54	0	0	write_iso_sources /home/kcw2/data/genome_db/GCF_000015645.1
5699	:	1770321304.186	     0.654	0	54	0	0	write_iso_sources /home/kcw2/data/genome_db/GCF_004103655.1
5671	:	1770321303.606	     1.271	0	54	0	0	write_iso_sources /home/kcw2/data/genome_db/GCF_006770405.1
5675	:	1770321303.702	     1.248	0	54	0	0	write_iso_sources /home/kcw2/data/genome_db/GCF_009588945.1
5663	:	1770321303.310	     1.689	0	54	0	0	write_iso_sources /home/kcw2/data/genome_db/GCF_016894385.1
5690	:	1770321304.065	     1.042	0	54	0	0	write_iso_sources /home/kcw2/data/genome_db/GCF_915402005.1
5670	:	1770321303.585	     1.553	0	54	0	0	write_iso_sources /home/kcw2/data/genome_db/GCF_015169995.1
5685	:	1770321303.947	     1.273	0	54	0	0	write_iso_sources /home/kcw2/data/genome_db/GCF_000317025.1
5695	:	1770321304.137	     1.096	0	54	0	0	write_iso_sources /home/kcw2/data/genome_db/GCF_017301715.1
5719	:	1770321304.686	     0.548	0	54	0	0	write_iso_sources /home/kcw2/data/genome_db/GCF_028751015.1
5717	:	1770321304.639	     0.611	0	54	0	0	write_iso_sources /home/kcw2/data/genome_db/GCF_002764055.1
5684	:	1770321303.929	     1.326	0	54	0	0	write_iso_sources /home/kcw2/data/genome_db/GCF_003130605.1
5700	:	1770321304.201	     1.121	0	54	0	0	write_iso_sources /home/kcw2/data/genome_db/GCF_013348005.1
5692	:	1770321304.095	     1.239	0	54	0	0	write_iso_sources /home/kcw2/data/genome_db/GCF_029962345.1
5696	:	1770321304.150	     1.185	0	54	0	0	write_iso_sources /home/kcw2/data/genome_db/GCF_003665255.1
5697	:	1770321304.160	     1.221	0	54	0	0	write_iso_sources /home/kcw2/data/genome_db/GCF_028541585.1
5716	:	1770321304.614	     0.894	0	54	0	0	write_iso_sources /home/kcw2/data/genome_db/GCF_025137775.1
5662	:	1770321303.280	     2.248	0	54	0	0	write_iso_sources /home/kcw2/data/genome_db/GCF_018223805.1
5704	:	1770321304.251	     1.310	0	54	0	0	write_iso_sources /home/kcw2/data/genome_db/GCF_008693865.1
5658	:	1770321303.116	     2.457	0	54	0	0	write_iso_sources /home/kcw2/data/genome_db/GCF_006974005.1
5706	:	1770321304.290	     1.286	0	54	0	0	write_iso_sources /home/kcw2/data/genome_db/GCF_034494365.1
5713	:	1770321304.469	     1.115	0	54	0	0	write_iso_sources /home/kcw2/data/genome_db/GCF_014217625.1
5701	:	1770321304.212	     1.400	0	54	0	0	write_iso_sources /home/kcw2/data/genome_db/GCF_002162375.1
5710	:	1770321304.427	     1.187	0	54	0	0	write_iso_sources /home/kcw2/data/genome_db/GCF_015241115.1
5741	:	1770321305.321	     0.293	0	54	0	0	write_iso_sources /home/kcw2/data/genome_db/GCF_003226795.1
5674	:	1770321303.680	     1.973	0	54	0	0	write_iso_sources /home/kcw2/data/genome_db/GCF_028993555.1
5698	:	1770321304.175	     1.495	0	54	0	0	write_iso_sources /home/kcw2/data/genome_db/GCF_003967075.1
5691	:	1770321304.081	     1.603	0	54	0	0	write_iso_sources /home/kcw2/data/genome_db/GCF_022557255.1
5707	:	1770321304.372	     1.326	0	54	0	0	write_iso_sources /home/kcw2/data/genome_db/GCF_000750375.1
5709	:	1770321304.416	     1.304	0	54	0	0	write_iso_sources /home/kcw2/data/genome_db/GCF_003429365.1
5711	:	1770321304.440	     1.294	0	54	0	0	write_iso_sources /home/kcw2/data/genome_db/GCF_020715425.1
5745	:	1770321305.394	     0.362	0	54	0	0	write_iso_sources /home/kcw2/data/genome_db/GCF_003285065.1
5708	:	1770321304.384	     1.394	0	54	0	0	write_iso_sources /home/kcw2/data/genome_db/GCF_002760915.1
5712	:	1770321304.453	     1.343	0	54	0	0	write_iso_sources /home/kcw2/data/genome_db/GCF_031187125.1
5714	:	1770321304.514	     1.335	0	54	0	0	write_iso_sources /home/kcw2/data/genome_db/GCF_018195715.2
5718	:	1770321304.658	     1.223	0	54	0	0	write_iso_sources /home/kcw2/data/genome_db/GCF_002310295.2
5702	:	1770321304.223	     1.688	0	54	0	0	write_iso_sources /home/kcw2/data/genome_db/GCF_036585175.1
5725	:	1770321304.792	     1.151	0	54	0	0	write_iso_sources /home/kcw2/data/genome_db/GCF_017161805.1
5720	:	1770321304.717	     1.299	0	54	0	0	write_iso_sources /home/kcw2/data/genome_db/GCF_000757825.1
5722	:	1770321304.742	     1.274	0	54	0	0	write_iso_sources /home/kcw2/data/genome_db/GCF_009930835.1
5724	:	1770321304.771	     1.246	0	54	0	0	write_iso_sources /home/kcw2/data/genome_db/GCF_015910245.1
5727	:	1770321304.823	     1.249	0	54	0	0	write_iso_sources /home/kcw2/data/genome_db/GCF_023734915.1
5742	:	1770321305.334	     0.738	0	54	0	0	write_iso_sources /home/kcw2/data/genome_db/GCF_030166575.1
5721	:	1770321304.729	     1.378	0	54	0	0	write_iso_sources /home/kcw2/data/genome_db/GCF_003408595.1
5731	:	1770321304.891	     1.246	0	54	0	0	write_iso_sources /home/kcw2/data/genome_db/GCF_030732205.1
5726	:	1770321304.808	     1.371	0	54	0	0	write_iso_sources /home/kcw2/data/genome_db/GCF_020695685.1
5715	:	1770321304.592	     1.604	0	54	0	0	write_iso_sources /home/kcw2/data/genome_db/GCF_016889205.1
5723	:	1770321304.754	     1.447	0	54	0	0	write_iso_sources /home/kcw2/data/genome_db/GCF_013731155.1
5728	:	1770321304.840	     1.361	0	54	0	0	write_iso_sources /home/kcw2/data/genome_db/GCF_023735435.1
5740	:	1770321305.302	     0.899	0	54	0	0	write_iso_sources /home/kcw2/data/genome_db/GCF_006094275.1
5753	:	1770321305.639	     0.564	0	54	0	0	write_iso_sources /home/kcw2/data/genome_db/GCF_042852945.1
5733	:	1770321304.960	     1.266	0	54	0	0	write_iso_sources /home/kcw2/data/genome_db/GCF_032231155.1
5732	:	1770321304.910	     1.368	0	54	0	0	write_iso_sources /home/kcw2/data/genome_db/GCF_030848085.1
5694	:	1770321304.127	     2.181	0	54	0	0	write_iso_sources /home/kcw2/data/genome_db/GCF_045348565.1
5736	:	1770321305.155	     1.156	0	54	0	0	write_iso_sources /home/kcw2/data/genome_db/GCF_050157245.1
5730	:	1770321304.877	     1.446	0	54	0	0	write_iso_sources /home/kcw2/data/genome_db/GCF_027886545.1
5693	:	1770321304.114	     2.230	0	54	0	0	write_iso_sources /home/kcw2/data/genome_db/GCF_017751265.1
5738	:	1770321305.250	     1.105	0	54	0	0	write_iso_sources /home/kcw2/data/genome_db/GCF_045862005.1
5760	:	1770321305.756	     0.601	0	54	0	0	write_iso_sources /home/kcw2/data/genome_db/GCF_000011865.1
5734	:	1770321305.030	     1.344	0	54	0	0	write_iso_sources /home/kcw2/data/genome_db/GCF_040437535.1
5729	:	1770321304.860	     1.538	0	54	0	0	write_iso_sources /home/kcw2/data/genome_db/GCF_023735995.1
5737	:	1770321305.233	     1.167	0	54	0	0	write_iso_sources /home/kcw2/data/genome_db/GCF_050245235.1
5735	:	1770321305.123	     1.364	0	54	0	0	write_iso_sources /home/kcw2/data/genome_db/GCF_044346335.1
5739	:	1770321305.277	     1.285	0	54	0	0	write_iso_sources /home/kcw2/data/genome_db/GCF_005144425.2
5743	:	1770321305.346	     1.233	0	54	0	0	write_iso_sources /home/kcw2/data/genome_db/GCF_965140375.1
5747	:	1770321305.540	     1.065	0	54	0	0	write_iso_sources /home/kcw2/data/genome_db/GCF_034509165.1
5744	:	1770321305.372	     1.262	0	54	0	0	write_iso_sources /home/kcw2/data/genome_db/GCF_002003385.1
5767	:	1770321305.955	     0.761	0	54	0	0	write_iso_sources /home/kcw2/data/genome_db/GCF_030294405.1
5768	:	1770321306.034	     0.697	0	54	0	0	write_iso_sources /home/kcw2/data/genome_db/GCF_029773745.1
5785	:	1770321306.374	     0.358	0	54	0	0	write_iso_sources /home/kcw2/data/genome_db/GCF_002237575.1
5750	:	1770321305.593	     1.252	0	54	0	0	write_iso_sources /home/kcw2/data/genome_db/GCF_016944315.1
5751	:	1770321305.612	     1.236	0	54	0	0	write_iso_sources /home/kcw2/data/genome_db/GCF_045348255.1
5748	:	1770321305.574	     1.333	0	54	0	0	write_iso_sources /home/kcw2/data/genome_db/GCF_000020365.1
5758	:	1770321305.709	     1.223	0	54	0	0	write_iso_sources /home/kcw2/data/genome_db/GCF_019063905.1
5761	:	1770321305.772	     1.195	0	54	0	0	write_iso_sources /home/kcw2/data/genome_db/GCF_022703095.1
5769	:	1770321306.058	     0.912	0	54	0	0	write_iso_sources /home/kcw2/data/genome_db/GCF_032820875.1
5757	:	1770321305.697	     1.299	0	54	0	0	write_iso_sources /home/kcw2/data/genome_db/GCF_002234515.1
5759	:	1770321305.735	     1.279	0	54	0	0	write_iso_sources /home/kcw2/data/genome_db/GCF_024722455.1
5764	:	1770321305.863	     1.152	0	54	0	0	write_iso_sources /home/kcw2/data/genome_db/GCF_002109385.1
5793	:	1770321306.579	     0.437	0	54	0	0	write_iso_sources /home/kcw2/data/genome_db/GCF_000007605.1
5791	:	1770321306.486	     0.559	0	54	0	0	write_iso_sources /home/kcw2/data/genome_db/GCF_000008625.1
5752	:	1770321305.625	     1.505	0	54	0	0	write_iso_sources /home/kcw2/data/genome_db/GCF_010730575.1
5762	:	1770321305.796	     1.335	0	54	0	0	write_iso_sources /home/kcw2/data/genome_db/GCF_000009745.1
5784	:	1770321306.354	     0.778	0	54	0	0	write_iso_sources /home/kcw2/data/genome_db/GCF_018141605.1
5755	:	1770321305.670	     1.476	0	54	0	0	write_iso_sources /home/kcw2/data/genome_db/GCF_000772065.1
5746	:	1770321305.528	     1.648	0	54	0	0	write_iso_sources /home/kcw2/data/genome_db/GCF_041472985.1
5749	:	1770321305.584	     1.641	0	54	0	0	write_iso_sources /home/kcw2/data/genome_db/GCF_036828685.1
5765	:	1770321305.912	     1.321	0	54	0	0	write_iso_sources /home/kcw2/data/genome_db/GCF_036865155.1
5763	:	1770321305.816	     1.434	0	54	0	0	write_iso_sources /home/kcw2/data/genome_db/GCF_001190925.1
5756	:	1770321305.685	     1.581	0	54	0	0	write_iso_sources /home/kcw2/data/genome_db/GCF_022836895.1
5787	:	1770321306.413	     0.853	0	54	0	0	write_iso_sources /home/kcw2/data/genome_db/GCF_024401005.1
5802	:	1770321306.933	     0.347	0	54	0	0	write_iso_sources /home/kcw2/data/genome_db/GCF_002998235.1
5771	:	1770321306.091	     1.191	0	54	0	0	write_iso_sources /home/kcw2/data/genome_db/GCF_021614775.1
5766	:	1770321305.937	     1.417	0	54	0	0	write_iso_sources /home/kcw2/data/genome_db/GCF_036865355.1
5774	:	1770321306.165	     1.192	0	54	0	0	write_iso_sources /home/kcw2/data/genome_db/GCF_023612495.1
5770	:	1770321306.071	     1.304	0	54	0	0	write_iso_sources /home/kcw2/data/genome_db/GCF_014893095.1
5782	:	1770321306.324	     1.053	0	54	0	0	write_iso_sources /home/kcw2/data/genome_db/GCF_015476235.1
5797	:	1770321306.730	     0.648	0	54	0	0	write_iso_sources /home/kcw2/data/genome_db/GCF_004015085.1
5777	:	1770321306.246	     1.144	0	54	0	0	write_iso_sources /home/kcw2/data/genome_db/GCF_024532225.1
5773	:	1770321306.136	     1.285	0	54	0	0	write_iso_sources /home/kcw2/data/genome_db/GCF_030674855.1
5776	:	1770321306.225	     1.197	0	54	0	0	write_iso_sources /home/kcw2/data/genome_db/GCF_003864075.1
5799	:	1770321306.764	     0.659	0	54	0	0	write_iso_sources /home/kcw2/data/genome_db/GCF_018140615.1
5794	:	1770321306.606	     0.831	0	54	0	0	write_iso_sources /home/kcw2/data/genome_db/GCF_013395075.1
5754	:	1770321305.652	     1.798	0	54	0	0	write_iso_sources /home/kcw2/data/genome_db/GCF_000758705.1
5778	:	1770321306.263	     1.213	0	54	0	0	write_iso_sources /home/kcw2/data/genome_db/GCF_028622355.1
5798	:	1770321306.752	     0.726	0	54	0	0	write_iso_sources /home/kcw2/data/genome_db/GCF_010223175.1
5779	:	1770321306.278	     1.221	0	54	0	0	write_iso_sources /home/kcw2/data/genome_db/GCF_040114695.1
5795	:	1770321306.628	     0.874	0	54	0	0	write_iso_sources /home/kcw2/data/genome_db/GCF_000009785.1
5803	:	1770321306.967	     0.552	0	54	0	0	write_iso_sources /home/kcw2/data/genome_db/GCF_000390265.1
5783	:	1770321306.343	     1.190	0	54	0	0	write_iso_sources /home/kcw2/data/genome_db/GCF_006505885.2
5781	:	1770321306.309	     1.239	0	54	0	0	write_iso_sources /home/kcw2/data/genome_db/GCF_001293415.1
5789	:	1770321306.450	     1.101	0	54	0	0	write_iso_sources /home/kcw2/data/genome_db/GCF_025142815.1
5800	:	1770321306.860	     0.703	0	54	0	0	write_iso_sources /home/kcw2/data/genome_db/GCF_018847595.1
5792	:	1770321306.507	     1.069	0	54	0	0	write_iso_sources /home/kcw2/data/genome_db/GCF_002056725.1
5786	:	1770321306.398	     1.203	0	54	0	0	write_iso_sources /home/kcw2/data/genome_db/GCF_025398035.1
5780	:	1770321306.287	     1.375	0	54	0	0	write_iso_sources /home/kcw2/data/genome_db/GCF_049958765.1
5788	:	1770321306.428	     1.250	0	54	0	0	write_iso_sources /home/kcw2/data/genome_db/GCF_002892045.1
5772	:	1770321306.107	     1.589	0	54	0	0	write_iso_sources /home/kcw2/data/genome_db/GCF_001431765.1
5796	:	1770321306.649	     1.154	0	54	0	0	write_iso_sources /home/kcw2/data/genome_db/GCF_026650925.1
5826	:	1770321307.437	     0.430	0	54	0	0	write_iso_sources /home/kcw2/data/genome_db/GCF_000046685.1
5790	:	1770321306.465	     1.472	0	54	0	0	write_iso_sources /home/kcw2/data/genome_db/GCF_020412425.1
5810	:	1770321307.161	     0.805	0	54	0	0	write_iso_sources /home/kcw2/data/genome_db/GCF_044794295.1
5820	:	1770321307.336	     0.746	0	54	0	0	write_iso_sources /home/kcw2/data/genome_db/GCF_963243745.1
5828	:	1770321307.464	     0.634	0	54	0	0	write_iso_sources /home/kcw2/data/genome_db/GCF_016455265.1
5801	:	1770321306.886	     1.255	0	54	0	0	write_iso_sources /home/kcw2/data/genome_db/GCF_010450895.1
5829	:	1770321307.477	     0.723	0	54	0	0	write_iso_sources /home/kcw2/data/genome_db/GCF_034027235.1
5827	:	1770321307.449	     0.771	0	54	0	0	write_iso_sources /home/kcw2/data/genome_db/GCF_014490535.1
5824	:	1770321307.407	     0.835	0	54	0	0	write_iso_sources /home/kcw2/data/genome_db/GCF_001975955.2
5830	:	1770321307.499	     0.766	0	54	0	0	write_iso_sources /home/kcw2/data/genome_db/GCF_045009175.1
5846	:	1770321307.735	     0.532	0	54	0	0	write_iso_sources /home/kcw2/data/genome_db/GCF_038086955.1
5815	:	1770321307.250	     1.039	0	54	0	0	write_iso_sources /home/kcw2/data/genome_db/GCF_024510645.1
5811	:	1770321307.177	     1.132	0	54	0	0	write_iso_sources /home/kcw2/data/genome_db/GCF_044597075.1
5818	:	1770321307.301	     1.009	0	54	0	0	write_iso_sources /home/kcw2/data/genome_db/GCF_000196175.1
5775	:	1770321306.196	     2.127	0	54	0	0	write_iso_sources /home/kcw2/data/genome_db/GCF_042258825.1
5821	:	1770321307.353	     0.991	0	54	0	0	write_iso_sources /home/kcw2/data/genome_db/GCF_000014145.1
5840	:	1770321307.648	     0.697	0	54	0	0	write_iso_sources /home/kcw2/data/genome_db/GCF_008330385.1
5819	:	1770321307.322	     1.037	0	54	0	0	write_iso_sources /home/kcw2/data/genome_db/GCF_002009295.1
5804	:	1770321306.996	     1.407	0	54	0	0	write_iso_sources /home/kcw2/data/genome_db/GCF_001989495.1
5805	:	1770321307.045	     1.358	0	54	0	0	write_iso_sources /home/kcw2/data/genome_db/GCF_015286005.1
5813	:	1770321307.205	     1.220	0	54	0	0	write_iso_sources /home/kcw2/data/genome_db/GCF_038784545.1
5822	:	1770321307.376	     1.097	0	54	0	0	write_iso_sources /home/kcw2/data/genome_db/GCF_000932055.2
5834	:	1770321307.562	     0.927	0	54	0	0	write_iso_sources /home/kcw2/data/genome_db/GCF_000055785.1
5817	:	1770321307.281	     1.245	0	54	0	0	write_iso_sources /home/kcw2/data/genome_db/GCF_025665475.1
5862	:	1770321308.360	     0.170	0	54	0	0	write_iso_sources /home/kcw2/data/genome_db/GCF_003213565.1
5808	:	1770321307.130	     1.400	0	54	0	0	write_iso_sources /home/kcw2/data/genome_db/GCF_049262525.1
5863	:	1770321308.372	     0.160	0	54	0	0	write_iso_sources /home/kcw2/data/genome_db/GCF_016888785.1
5864	:	1770321308.384	     0.164	0	54	0	0	write_iso_sources /home/kcw2/data/genome_db/GCF_024817955.1
5825	:	1770321307.421	     1.142	0	54	0	0	write_iso_sources /home/kcw2/data/genome_db/GCF_047528315.1
5838	:	1770321307.624	     0.965	0	54	0	0	write_iso_sources /home/kcw2/data/genome_db/GCF_047556425.1
5807	:	1770321307.103	     1.504	0	54	0	0	write_iso_sources /home/kcw2/data/genome_db/GCF_034331225.1
5837	:	1770321307.611	     0.997	0	54	0	0	write_iso_sources /home/kcw2/data/genome_db/GCF_024397295.1
5835	:	1770321307.576	     1.069	0	54	0	0	write_iso_sources /home/kcw2/data/genome_db/GCF_000009905.1
5812	:	1770321307.191	     1.456	0	54	0	0	write_iso_sources /home/kcw2/data/genome_db/GCF_029854965.1
5839	:	1770321307.635	     1.013	0	54	0	0	write_iso_sources /home/kcw2/data/genome_db/GCF_000048665.1
5859	:	1770321308.309	     0.339	0	54	0	0	write_iso_sources /home/kcw2/data/genome_db/GCF_000191925.1
5814	:	1770321307.226	     1.434	0	54	0	0	write_iso_sources /home/kcw2/data/genome_db/GCF_000195675.1
5816	:	1770321307.266	     1.435	0	54	0	0	write_iso_sources /home/kcw2/data/genome_db/GCF_029166965.1
5847	:	1770321307.751	     0.952	0	54	0	0	write_iso_sources /home/kcw2/data/genome_db/GCF_009217765.1
5836	:	1770321307.601	     1.112	0	54	0	0	write_iso_sources /home/kcw2/data/genome_db/GCF_002741745.1
5823	:	1770321307.391	     1.401	0	54	0	0	write_iso_sources /home/kcw2/data/genome_db/GCF_000273405.1
5806	:	1770321307.080	     1.728	0	54	0	0	write_iso_sources /home/kcw2/data/genome_db/GCF_024138755.1
5850	:	1770321307.967	     0.861	0	54	0	0	write_iso_sources /home/kcw2/data/genome_db/GCF_000153405.2
5809	:	1770321307.147	     1.705	0	54	0	0	write_iso_sources /home/kcw2/data/genome_db/GCF_000015005.1
5831	:	1770321307.519	     1.350	0	54	0	0	write_iso_sources /home/kcw2/data/genome_db/GCF_025133285.1
5845	:	1770321307.724	     1.151	0	54	0	0	write_iso_sources /home/kcw2/data/genome_db/GCF_045061065.1
5841	:	1770321307.662	     1.252	0	54	0	0	write_iso_sources /home/kcw2/data/genome_db/GCF_027920365.1
5832	:	1770321307.534	     1.387	0	54	0	0	write_iso_sources /home/kcw2/data/genome_db/GCF_012052445.1
5843	:	1770321307.697	     1.227	0	54	0	0	write_iso_sources /home/kcw2/data/genome_db/GCF_050626925.1
5888	:	1770321308.769	     0.177	0	54	0	0	write_iso_sources /home/kcw2/data/genome_db/GCF_000010365.1
5842	:	1770321307.679	     1.302	0	54	0	0	write_iso_sources /home/kcw2/data/genome_db/GCF_029718315.1
5844	:	1770321307.711	     1.275	0	54	0	0	write_iso_sources /home/kcw2/data/genome_db/GCF_043293645.1
5853	:	1770321308.111	     0.875	0	54	0	0	write_iso_sources /home/kcw2/data/genome_db/GCF_000012485.1
5881	:	1770321308.677	     0.378	0	54	0	0	write_iso_sources /home/kcw2/data/genome_db/GCF_023674445.1
5851	:	1770321307.985	     1.103	0	54	0	0	write_iso_sources /home/kcw2/data/genome_db/GCF_000022265.1
5848	:	1770321307.832	     1.286	0	54	0	0	write_iso_sources /home/kcw2/data/genome_db/GCF_003111685.1
5849	:	1770321307.883	     1.266	0	54	0	0	write_iso_sources /home/kcw2/data/genome_db/GCF_000011805.1
5884	:	1770321308.713	     0.520	0	54	0	0	write_iso_sources /home/kcw2/data/genome_db/GCF_000833335.1
5871	:	1770321308.526	     0.763	0	54	0	0	write_iso_sources /home/kcw2/data/genome_db/GCF_000016545.1
5874	:	1770321308.577	     0.777	0	54	0	0	write_iso_sources /home/kcw2/data/genome_db/GCF_049315175.1
5854	:	1770321308.164	     1.230	0	54	0	0	write_iso_sources /home/kcw2/data/genome_db/GCF_000015465.1
5865	:	1770321308.402	     1.009	0	54	0	0	write_iso_sources /home/kcw2/data/genome_db/GCF_018588605.2
5869	:	1770321308.489	     0.939	0	54	0	0	write_iso_sources /home/kcw2/data/genome_db/GCF_000021625.1
5856	:	1770321308.242	     1.189	0	54	0	0	write_iso_sources /home/kcw2/data/genome_db/GCF_000013885.1
5898	:	1770321309.030	     0.403	0	54	0	0	write_iso_sources /home/kcw2/data/genome_db/GCF_000019705.1
5833	:	1770321307.548	     1.922	0	54	0	0	write_iso_sources /home/kcw2/data/genome_db/GCF_000015165.1
5883	:	1770321308.701	     0.772	0	54	0	0	write_iso_sources /home/kcw2/data/genome_db/GCF_001693255.1
5852	:	1770321308.095	     1.399	0	54	0	0	write_iso_sources /home/kcw2/data/genome_db/GCF_003999565.1
5860	:	1770321308.324	     1.174	0	54	0	0	write_iso_sources /home/kcw2/data/genome_db/GCF_023704235.1
5857	:	1770321308.266	     1.302	0	54	0	0	write_iso_sources /home/kcw2/data/genome_db/GCF_003949975.1
5894	:	1770321308.914	     0.672	0	54	0	0	write_iso_sources /home/kcw2/data/genome_db/GCF_000024445.1
5904	:	1770321309.135	     0.592	0	54	0	0	write_iso_sources /home/kcw2/data/genome_db/GCF_002892575.1
5855	:	1770321308.219	     1.537	0	54	0	0	write_iso_sources /home/kcw2/data/genome_db/GCF_022637535.1
5875	:	1770321308.590	     1.174	0	54	0	0	write_iso_sources /home/kcw2/data/genome_db/GCF_045708075.1
5876	:	1770321308.606	     1.163	0	54	0	0	write_iso_sources /home/kcw2/data/genome_db/GCF_045717895.1
5887	:	1770321308.759	     1.011	0	54	0	0	write_iso_sources /home/kcw2/data/genome_db/GCF_000060285.1
5892	:	1770321308.870	     0.923	0	54	0	0	write_iso_sources /home/kcw2/data/genome_db/GCF_000009405.1
5870	:	1770321308.503	     1.335	0	54	0	0	write_iso_sources /home/kcw2/data/genome_db/GCF_000146875.3
5877	:	1770321308.621	     1.218	0	54	0	0	write_iso_sources /home/kcw2/data/genome_db/GCF_000019585.2
5880	:	1770321308.661	     1.201	0	54	0	0	write_iso_sources /home/kcw2/data/genome_db/GCF_017742815.1
5867	:	1770321308.453	     1.437	0	54	0	0	write_iso_sources /home/kcw2/data/genome_db/GCF_030505815.1
5879	:	1770321308.644	     1.271	0	54	0	0	write_iso_sources /home/kcw2/data/genome_db/GCF_000013265.1
5896	:	1770321308.980	     0.937	0	54	0	0	write_iso_sources /home/kcw2/data/genome_db/GCF_017161325.1
5872	:	1770321308.548	     1.404	0	54	0	0	write_iso_sources /home/kcw2/data/genome_db/GCF_014353015.1
5890	:	1770321308.829	     1.125	0	54	0	0	write_iso_sources /home/kcw2/data/genome_db/GCF_005952805.1
5861	:	1770321308.344	     1.652	0	54	0	0	write_iso_sources /home/kcw2/data/genome_db/GCF_041875035.1
5878	:	1770321308.632	     1.368	0	54	0	0	write_iso_sources /home/kcw2/data/genome_db/GCF_000013925.1
5889	:	1770321308.807	     1.205	0	54	0	0	write_iso_sources /home/kcw2/data/genome_db/GCF_000154785.2
5893	:	1770321308.888	     1.125	0	54	0	0	write_iso_sources /home/kcw2/data/genome_db/GCF_001998865.1
5901	:	1770321309.088	     0.925	0	54	0	0	write_iso_sources /home/kcw2/data/genome_db/GCF_037478085.1
5882	:	1770321308.688	     1.351	0	54	0	0	write_iso_sources /home/kcw2/data/genome_db/GCF_049569765.1
5900	:	1770321309.066	     1.055	0	54	0	0	write_iso_sources /home/kcw2/data/genome_db/GCF_000016185.1
5858	:	1770321308.290	     1.855	0	54	0	0	write_iso_sources /home/kcw2/data/genome_db/GCF_020091425.1
5906	:	1770321309.249	     0.937	0	54	0	0	write_iso_sources /home/kcw2/data/genome_db/GCF_000093085.1
5873	:	1770321308.563	     1.644	0	54	0	0	write_iso_sources /home/kcw2/data/genome_db/GCF_000015925.1
5891	:	1770321308.853	     1.357	0	54	0	0	write_iso_sources /home/kcw2/data/genome_db/GCF_009936155.1
5899	:	1770321309.055	     1.164	0	54	0	0	write_iso_sources /home/kcw2/data/genome_db/GCF_016076515.1
5868	:	1770321308.472	     1.796	0	54	0	0	write_iso_sources /home/kcw2/data/genome_db/GCF_000755985.1
5902	:	1770321309.100	     1.169	0	54	0	0	write_iso_sources /home/kcw2/data/genome_db/GCF_000016145.1
5895	:	1770321308.945	     1.325	0	54	0	0	write_iso_sources /home/kcw2/data/genome_db/GCF_000021205.1
5866	:	1770321308.425	     1.886	0	54	0	0	write_iso_sources /home/kcw2/data/genome_db/GCF_000203915.1
5915	:	1770321309.518	     0.871	0	54	0	0	write_iso_sources /home/kcw2/data/genome_db/GCF_029393235.1
5897	:	1770321308.998	     1.416	0	54	0	0	write_iso_sources /home/kcw2/data/genome_db/GCF_000015605.1
5903	:	1770321309.116	     1.301	0	54	0	0	write_iso_sources /home/kcw2/data/genome_db/GCF_002949575.1
5918	:	1770321309.587	     0.909	0	54	0	0	write_iso_sources /home/kcw2/data/genome_db/GCF_000020005.1
5934	:	1770321310.025	     0.490	0	54	0	0	write_iso_sources /home/kcw2/data/genome_db/GCF_024620605.2
5886	:	1770321308.746	     1.799	0	54	0	0	write_iso_sources /home/kcw2/data/genome_db/GCF_042702385.1
5885	:	1770321308.727	     1.832	0	54	0	0	write_iso_sources /home/kcw2/data/genome_db/GCF_002208745.2
5907	:	1770321309.314	     1.345	0	54	0	0	write_iso_sources /home/kcw2/data/genome_db/GCF_964205045.1
5935	:	1770321310.039	     0.637	0	54	0	0	write_iso_sources /home/kcw2/data/genome_db/GCF_019357495.1
5926	:	1770321309.874	     0.816	0	54	0	0	write_iso_sources /home/kcw2/data/genome_db/GCF_002202135.1
5908	:	1770321309.372	     1.358	0	54	0	0	write_iso_sources /home/kcw2/data/genome_db/GCF_019670305.1
5910	:	1770321309.429	     1.324	0	54	0	0	write_iso_sources /home/kcw2/data/genome_db/GCF_045344025.1
5919	:	1770321309.602	     1.178	0	54	0	0	write_iso_sources /home/kcw2/data/genome_db/GCF_020813315.3
5909	:	1770321309.410	     1.391	0	54	0	0	write_iso_sources /home/kcw2/data/genome_db/GCF_037831375.1
5905	:	1770321309.171	     1.663	0	54	0	0	write_iso_sources /home/kcw2/data/genome_db/GCF_031658215.1
5922	:	1770321309.806	     1.049	0	54	0	0	write_iso_sources /home/kcw2/data/genome_db/GCF_020079945.1
5917	:	1770321309.549	     1.348	0	54	0	0	write_iso_sources /home/kcw2/data/genome_db/GCF_049562405.1
5916	:	1770321309.530	     1.385	0	54	0	0	write_iso_sources /home/kcw2/data/genome_db/GCF_903978215.1
5914	:	1770321309.495	     1.451	0	54	0	0	write_iso_sources /home/kcw2/data/genome_db/GCF_023823955.1
5957	:	1770321310.676	     0.298	0	54	0	0	write_iso_sources /home/kcw2/data/genome_db/GCF_026643515.1
5925	:	1770321309.862	     1.154	0	54	0	0	write_iso_sources /home/kcw2/data/genome_db/GCF_000023625.1
5937	:	1770321310.074	     0.946	0	54	0	0	write_iso_sources /home/kcw2/data/genome_db/GCF_002764075.1
5921	:	1770321309.793	     1.243	0	54	0	0	write_iso_sources /home/kcw2/data/genome_db/GCF_022647325.1
5931	:	1770321309.953	     1.166	0	54	0	0	write_iso_sources /home/kcw2/data/genome_db/GCF_905220785.1
5941	:	1770321310.162	     0.963	0	54	0	0	write_iso_sources /home/kcw2/data/genome_db/GCF_014117505.1
5924	:	1770321309.839	     1.302	0	54	0	0	write_iso_sources /home/kcw2/data/genome_db/GCF_002218265.1
5962	:	1770321310.800	     0.342	0	54	0	0	write_iso_sources /home/kcw2/data/genome_db/GCF_020497585.1
5923	:	1770321309.821	     1.322	0	54	0	0	write_iso_sources /home/kcw2/data/genome_db/GCF_007724025.1
5930	:	1770321309.931	     1.246	0	54	0	0	write_iso_sources /home/kcw2/data/genome_db/GCF_041479385.1
5936	:	1770321310.061	     1.117	0	54	0	0	write_iso_sources /home/kcw2/data/genome_db/GCF_001752685.2
5939	:	1770321310.110	     1.080	0	54	0	0	write_iso_sources /home/kcw2/data/genome_db/GCF_006974185.1
5911	:	1770321309.448	     1.766	0	54	0	0	write_iso_sources /home/kcw2/data/genome_db/GCF_000959365.1
5959	:	1770321310.705	     0.513	0	54	0	0	write_iso_sources /home/kcw2/data/genome_db/GCF_000284335.1
5927	:	1770321309.890	     1.339	0	54	0	0	write_iso_sources /home/kcw2/data/genome_db/GCF_003030265.1
5920	:	1770321309.757	     1.493	0	54	0	0	write_iso_sources /home/kcw2/data/genome_db/GCF_045784305.1
5942	:	1770321310.207	     1.046	0	54	0	0	write_iso_sources /home/kcw2/data/genome_db/GCF_016904925.1
5940	:	1770321310.146	     1.110	0	54	0	0	write_iso_sources /home/kcw2/data/genome_db/GCF_009931675.1
5949	:	1770321310.323	     0.934	0	54	0	0	write_iso_sources /home/kcw2/data/genome_db/GCF_030517005.1
5913	:	1770321309.483	     1.787	0	54	0	0	write_iso_sources /home/kcw2/data/genome_db/GCF_000024545.1
5938	:	1770321310.096	     1.176	0	54	0	0	write_iso_sources /home/kcw2/data/genome_db/GCF_003432425.1
5946	:	1770321310.287	     0.986	0	54	0	0	write_iso_sources /home/kcw2/data/genome_db/GCF_024917135.1
5932	:	1770321309.971	     1.315	0	54	0	0	write_iso_sources /home/kcw2/data/genome_db/GCF_008330965.1
5928	:	1770321309.903	     1.383	0	54	0	0	write_iso_sources /home/kcw2/data/genome_db/GCF_014269225.2
5943	:	1770321310.220	     1.068	0	54	0	0	write_iso_sources /home/kcw2/data/genome_db/GCF_019603335.1
5945	:	1770321310.267	     1.022	0	54	0	0	write_iso_sources /home/kcw2/data/genome_db/GCF_023573285.1
5944	:	1770321310.237	     1.076	0	54	0	0	write_iso_sources /home/kcw2/data/genome_db/GCF_022371095.1
5929	:	1770321309.915	     1.401	0	54	0	0	write_iso_sources /home/kcw2/data/genome_db/GCF_016454545.1
5951	:	1770321310.447	     0.891	0	54	0	0	write_iso_sources /home/kcw2/data/genome_db/GCF_038299145.2
5969	:	1770321311.003	     0.356	0	54	0	0	write_iso_sources /home/kcw2/data/genome_db/GCF_017896305.1
5948	:	1770321310.310	     1.082	0	54	0	0	write_iso_sources /home/kcw2/data/genome_db/GCF_029910295.1
5975	:	1770321311.177	     0.230	0	54	0	0	write_iso_sources /home/kcw2/data/genome_db/GCF_000021065.1
5912	:	1770321309.470	     1.948	0	54	0	0	write_iso_sources /home/kcw2/data/genome_db/GCF_001011035.1
5947	:	1770321310.300	     1.144	0	54	0	0	write_iso_sources /home/kcw2/data/genome_db/GCF_029016665.1
5950	:	1770321310.413	     1.053	0	54	0	0	write_iso_sources /home/kcw2/data/genome_db/GCF_034061945.1
5964	:	1770321310.849	     0.647	0	54	0	0	write_iso_sources /home/kcw2/data/genome_db/GCF_050233995.1
5953	:	1770321310.510	     1.033	0	54	0	0	write_iso_sources /home/kcw2/data/genome_db/GCF_041950475.1
5958	:	1770321310.690	     0.856	0	54	0	0	write_iso_sources /home/kcw2/data/genome_db/GCF_048571165.1
5952	:	1770321310.468	     1.101	0	54	0	0	write_iso_sources /home/kcw2/data/genome_db/GCF_040712155.1
5954	:	1770321310.529	     1.042	0	54	0	0	write_iso_sources /home/kcw2/data/genome_db/GCF_045345805.1
5970	:	1770321311.037	     0.548	0	54	0	0	write_iso_sources /home/kcw2/data/genome_db/GCF_001025215.1
5956	:	1770321310.578	     1.044	0	54	0	0	write_iso_sources /home/kcw2/data/genome_db/GCF_049810395.1
5961	:	1770321310.773	     0.862	0	54	0	0	write_iso_sources /home/kcw2/data/genome_db/GCF_000020605.1
5963	:	1770321310.822	     0.815	0	54	0	0	write_iso_sources /home/kcw2/data/genome_db/GCF_000024285.1
5955	:	1770321310.558	     1.131	0	54	0	0	write_iso_sources /home/kcw2/data/genome_db/GCF_048288335.1
5973	:	1770321311.142	     0.577	0	54	0	0	write_iso_sources /home/kcw2/data/genome_db/GCF_002128345.1
5979	:	1770321311.250	     0.549	0	54	0	0	write_iso_sources /home/kcw2/data/genome_db/GCF_000026725.1
5986	:	1770321311.351	     0.451	0	54	0	0	write_iso_sources /home/kcw2/data/genome_db/GCF_000178935.2
5972	:	1770321311.072	     0.760	0	54	0	0	write_iso_sources /home/kcw2/data/genome_db/GCF_018409545.1
5960	:	1770321310.753	     1.108	0	54	0	0	write_iso_sources /home/kcw2/data/genome_db/GCF_013166975.1
6005	:	1770321311.636	     0.230	0	54	0	0	write_iso_sources /home/kcw2/data/genome_db/GCF_039383305.1
5977	:	1770321311.214	     0.773	0	54	0	0	write_iso_sources /home/kcw2/data/genome_db/GCF_020783315.1
5985	:	1770321311.338	     0.671	0	54	0	0	write_iso_sources /home/kcw2/data/genome_db/GCF_000023705.1
5995	:	1770321311.467	     0.552	0	54	0	0	write_iso_sources /home/kcw2/data/genome_db/GCF_000277755.1
5998	:	1770321311.507	     0.525	0	54	0	0	write_iso_sources /home/kcw2/data/genome_db/GCF_000025605.1
5966	:	1770321310.911	     1.167	0	54	0	0	write_iso_sources /home/kcw2/data/genome_db/GCF_041222855.1
5982	:	1770321311.298	     0.809	0	54	0	0	write_iso_sources /home/kcw2/data/genome_db/GCF_038024125.1
5978	:	1770321311.229	     0.921	0	54	0	0	write_iso_sources /home/kcw2/data/genome_db/GCF_000157355.2
5976	:	1770321311.189	     1.005	0	54	0	0	write_iso_sources /home/kcw2/data/genome_db/GCF_030123005.1
5933	:	1770321309.996	     2.226	0	54	0	0	write_iso_sources /home/kcw2/data/genome_db/GCF_007724625.1
6008	:	1770321311.689	     0.546	0	54	0	0	write_iso_sources /home/kcw2/data/genome_db/GCF_014525805.2
6000	:	1770321311.543	     0.707	0	54	0	0	write_iso_sources /home/kcw2/data/genome_db/GCF_004023385.2
6019	:	1770321311.895	     0.371	0	54	0	0	write_iso_sources /home/kcw2/data/genome_db/GCF_000092705.1
6001	:	1770321311.567	     0.719	0	54	0	0	write_iso_sources /home/kcw2/data/genome_db/GCF_042243345.1
5971	:	1770321311.055	     1.246	0	54	0	0	write_iso_sources /home/kcw2/data/genome_db/GCF_000196515.1
5984	:	1770321311.329	     0.973	0	54	0	0	write_iso_sources /home/kcw2/data/genome_db/GCF_002251005.2
5996	:	1770321311.478	     0.898	0	54	0	0	write_iso_sources /home/kcw2/data/genome_db/GCF_030067815.1
6011	:	1770321311.731	     0.683	0	54	0	0	write_iso_sources /home/kcw2/data/genome_db/GCF_037477945.1
6003	:	1770321311.601	     0.823	0	54	0	0	write_iso_sources /home/kcw2/data/genome_db/GCF_000092425.1
6015	:	1770321311.818	     0.608	0	54	0	0	write_iso_sources /home/kcw2/data/genome_db/GCF_000463395.1
6017	:	1770321311.861	     0.583	0	54	0	0	write_iso_sources /home/kcw2/data/genome_db/GCF_000241915.1
5965	:	1770321310.871	     1.598	0	54	0	0	write_iso_sources /home/kcw2/data/genome_db/GCF_000306745.1
5997	:	1770321311.495	     1.015	0	54	0	0	write_iso_sources /home/kcw2/data/genome_db/GCF_000022885.2
5980	:	1770321311.271	     1.259	0	54	0	0	write_iso_sources /home/kcw2/data/genome_db/GCF_902712865.1
6016	:	1770321311.833	     0.759	0	54	0	0	write_iso_sources /home/kcw2/data/genome_db/GCF_029962025.1
5989	:	1770321311.392	     1.213	0	54	0	0	write_iso_sources /home/kcw2/data/genome_db/GCF_008244785.1
6010	:	1770321311.719	     0.908	0	54	0	0	write_iso_sources /home/kcw2/data/genome_db/GCF_025999835.1
5967	:	1770321310.942	     1.708	0	54	0	0	write_iso_sources /home/kcw2/data/genome_db/GCF_001908375.1
6023	:	1770321312.078	     0.599	0	54	0	0	write_iso_sources /home/kcw2/data/genome_db/GCF_000184205.1
6004	:	1770321311.622	     1.072	0	54	0	0	write_iso_sources /home/kcw2/data/genome_db/GCF_030295765.1
5983	:	1770321311.313	     1.393	0	54	0	0	write_iso_sources /home/kcw2/data/genome_db/GCF_034424215.1
6009	:	1770321311.703	     1.026	0	54	0	0	write_iso_sources /home/kcw2/data/genome_db/GCF_021545865.1
6013	:	1770321311.773	     0.960	0	54	0	0	write_iso_sources /home/kcw2/data/genome_db/GCF_021650815.1
6021	:	1770321312.032	     0.724	0	54	0	0	write_iso_sources /home/kcw2/data/genome_db/GCF_002240055.1
5974	:	1770321311.163	     1.615	0	54	0	0	write_iso_sources /home/kcw2/data/genome_db/GCF_016845925.1
5993	:	1770321311.444	     1.338	0	54	0	0	write_iso_sources /home/kcw2/data/genome_db/GCF_003665455.1
6002	:	1770321311.584	     1.198	0	54	0	0	write_iso_sources /home/kcw2/data/genome_db/GCF_000209795.2
5990	:	1770321311.407	     1.406	0	54	0	0	write_iso_sources /home/kcw2/data/genome_db/GCF_000022865.1
6031	:	1770321312.286	     0.556	0	54	0	0	write_iso_sources /home/kcw2/data/genome_db/GCF_000148895.1
5981	:	1770321311.285	     1.575	0	54	0	0	write_iso_sources /home/kcw2/data/genome_db/GCF_000145945.2
6014	:	1770321311.800	     1.064	0	54	0	0	write_iso_sources /home/kcw2/data/genome_db/GCF_000196735.1
5992	:	1770321311.434	     1.444	0	54	0	0	write_iso_sources /home/kcw2/data/genome_db/GCF_000961275.1
6026	:	1770321312.164	     0.736	0	54	0	0	write_iso_sources /home/kcw2/data/genome_db/GCF_000309885.1
6037	:	1770321312.445	     0.526	0	54	0	0	write_iso_sources /home/kcw2/data/genome_db/GCF_000210955.1
6035	:	1770321312.394	     0.590	0	54	0	0	write_iso_sources /home/kcw2/data/genome_db/GCF_000463445.1
5988	:	1770321311.373	     1.634	0	54	0	0	write_iso_sources /home/kcw2/data/genome_db/GCF_034424585.1
5968	:	1770321310.967	     2.138	0	54	0	0	write_iso_sources /home/kcw2/data/genome_db/GCF_020542785.1
5987	:	1770321311.360	     1.759	0	54	0	0	write_iso_sources /home/kcw2/data/genome_db/GCF_028747285.1
6033	:	1770321312.320	     0.799	0	54	0	0	write_iso_sources /home/kcw2/data/genome_db/GCF_000226315.1
6018	:	1770321311.882	     1.256	0	54	0	0	write_iso_sources /home/kcw2/data/genome_db/GCF_000164865.1
6032	:	1770321312.301	     0.837	0	54	0	0	write_iso_sources /home/kcw2/data/genome_db/GCF_000183405.1
5991	:	1770321311.419	     1.767	0	54	0	0	write_iso_sources /home/kcw2/data/genome_db/GCF_000184745.1
6022	:	1770321312.057	     1.131	0	54	0	0	write_iso_sources /home/kcw2/data/genome_db/GCF_000213655.1
6025	:	1770321312.125	     1.085	0	54	0	0	write_iso_sources /home/kcw2/data/genome_db/GCF_000347675.2
6028	:	1770321312.235	     1.020	0	54	0	0	write_iso_sources /home/kcw2/data/genome_db/GCF_013378115.1
5999	:	1770321311.522	     1.750	0	54	0	0	write_iso_sources /home/kcw2/data/genome_db/GCF_000145235.1
6038	:	1770321312.468	     0.805	0	54	0	0	write_iso_sources /home/kcw2/data/genome_db/GCF_013201725.1
6039	:	1770321312.484	     0.815	0	54	0	0	write_iso_sources /home/kcw2/data/genome_db/GCF_000164885.1
6044	:	1770321312.617	     0.786	0	54	0	0	write_iso_sources /home/kcw2/data/genome_db/GCF_000213155.1
6007	:	1770321311.668	     1.762	0	54	0	0	write_iso_sources /home/kcw2/data/genome_db/GCF_000083545.1
6006	:	1770321311.648	     1.783	0	54	0	0	write_iso_sources /home/kcw2/data/genome_db/GCF_019139855.1
6036	:	1770321312.425	     1.008	0	54	0	0	write_iso_sources /home/kcw2/data/genome_db/GCF_000265405.1
6051	:	1770321312.757	     0.677	0	54	0	0	write_iso_sources /home/kcw2/data/genome_db/GCF_002706745.1
6042	:	1770321312.569	     0.907	0	54	0	0	write_iso_sources /home/kcw2/data/genome_db/GCF_001553625.1
6024	:	1770321312.093	     1.384	0	54	0	0	write_iso_sources /home/kcw2/data/genome_db/GCF_040202455.2
6046	:	1770321312.670	     0.807	0	54	0	0	write_iso_sources /home/kcw2/data/genome_db/GCF_003544915.1
6049	:	1770321312.729	     0.807	0	54	0	0	write_iso_sources /home/kcw2/data/genome_db/GCF_936269705.1
6029	:	1770321312.250	     1.311	0	54	0	0	write_iso_sources /home/kcw2/data/genome_db/GCF_000831565.1
6043	:	1770321312.606	     0.966	0	54	0	0	write_iso_sources /home/kcw2/data/genome_db/GCF_000212415.1
6066	:	1770321313.137	     0.484	0	54	0	0	write_iso_sources /home/kcw2/data/genome_db/GCF_002220735.1
6034	:	1770321312.347	     1.311	0	54	0	0	write_iso_sources /home/kcw2/data/genome_db/GCF_000188955.2
6074	:	1770321313.290	     0.384	0	54	0	0	write_iso_sources /home/kcw2/data/genome_db/GCF_000318845.1
6040	:	1770321312.509	     1.197	0	54	0	0	write_iso_sources /home/kcw2/data/genome_db/GCF_043971365.1
6057	:	1770321312.858	     0.848	0	54	0	0	write_iso_sources /home/kcw2/data/genome_db/GCF_038104935.1
6020	:	1770321312.010	     1.736	0	54	0	0	write_iso_sources /home/kcw2/data/genome_db/GCF_045209055.1
6073	:	1770321313.272	     0.476	0	54	0	0	write_iso_sources /home/kcw2/data/genome_db/GCF_028571405.1
6058	:	1770321312.878	     0.891	0	54	0	0	write_iso_sources /home/kcw2/data/genome_db/GCF_019856495.1
6047	:	1770321312.695	     1.094	0	54	0	0	write_iso_sources /home/kcw2/data/genome_db/GCF_000236705.1
6050	:	1770321312.743	     1.105	0	54	0	0	write_iso_sources /home/kcw2/data/genome_db/GCF_028752835.1
6030	:	1770321312.267	     1.641	0	54	0	0	write_iso_sources /home/kcw2/data/genome_db/GCF_000218895.1
6060	:	1770321312.912	     1.012	0	54	0	0	write_iso_sources /home/kcw2/data/genome_db/GCF_044498675.1
6041	:	1770321312.530	     1.424	0	54	0	0	write_iso_sources /home/kcw2/data/genome_db/GCF_043970025.1
6056	:	1770321312.837	     1.130	0	54	0	0	write_iso_sources /home/kcw2/data/genome_db/GCF_000487575.2
6082	:	1770321313.505	     0.463	0	54	0	0	write_iso_sources /home/kcw2/data/genome_db/GCF_000284075.1
6070	:	1770321313.210	     0.772	0	54	0	0	write_iso_sources /home/kcw2/data/genome_db/GCF_004328535.1
6065	:	1770321313.118	     0.866	0	54	0	0	write_iso_sources /home/kcw2/data/genome_db/GCF_000227645.1
6027	:	1770321312.210	     1.789	0	54	0	0	write_iso_sources /home/kcw2/data/genome_db/GCF_000517605.1
5994	:	1770321311.454	     2.566	0	54	0	0	write_iso_sources /home/kcw2/data/genome_db/GCF_011764565.1
6064	:	1770321313.036	     1.036	0	54	0	0	write_iso_sources /home/kcw2/data/genome_db/GCF_000572125.1
6045	:	1770321312.650	     1.465	0	54	0	0	write_iso_sources /home/kcw2/data/genome_db/GCF_017299035.1
6067	:	1770321313.151	     0.994	0	54	0	0	write_iso_sources /home/kcw2/data/genome_db/GCF_000253275.1
6061	:	1770321312.943	     1.258	0	54	0	0	write_iso_sources /home/kcw2/data/genome_db/GCF_000511355.1
6076	:	1770321313.317	     0.907	0	54	0	0	write_iso_sources /home/kcw2/data/genome_db/GCF_000828615.1
6100	:	1770321313.967	     0.269	0	54	0	0	write_iso_sources /home/kcw2/data/genome_db/GCF_000286675.1
6053	:	1770321312.795	     1.462	0	54	0	0	write_iso_sources /home/kcw2/data/genome_db/GCF_000968515.1
6071	:	1770321313.227	     1.032	0	54	0	0	write_iso_sources /home/kcw2/data/genome_db/GCF_000227485.1
6059	:	1770321312.901	     1.369	0	54	0	0	write_iso_sources /home/kcw2/data/genome_db/GCF_002844165.1
6077	:	1770321313.430	     0.878	0	54	0	0	write_iso_sources /home/kcw2/data/genome_db/GCF_000284135.1
6012	:	1770321311.748	     2.573	0	54	0	0	write_iso_sources /home/kcw2/data/genome_db/GCF_000091305.1
6063	:	1770321313.007	     1.365	0	54	0	0	write_iso_sources /home/kcw2/data/genome_db/GCF_000240325.1
6052	:	1770321312.777	     1.610	0	54	0	0	write_iso_sources /home/kcw2/data/genome_db/GCF_000226155.1
6088	:	1770321313.643	     0.766	0	54	0	0	write_iso_sources /home/kcw2/data/genome_db/GCF_036884295.1
6080	:	1770321313.475	     1.009	0	54	0	0	write_iso_sources /home/kcw2/data/genome_db/GCF_000455605.1
6085	:	1770321313.560	     0.946	0	54	0	0	write_iso_sources /home/kcw2/data/genome_db/GCF_022221465.1
6054	:	1770321312.813	     1.723	0	54	0	0	write_iso_sources /home/kcw2/data/genome_db/GCF_002116905.1
6055	:	1770321312.827	     1.713	0	54	0	0	write_iso_sources /home/kcw2/data/genome_db/GCF_008087665.1
6092	:	1770321313.747	     0.808	0	54	0	0	write_iso_sources /home/kcw2/data/genome_db/GCF_000296575.1
6099	:	1770321313.938	     0.646	0	54	0	0	write_iso_sources /home/kcw2/data/genome_db/GCF_001547715.1
6048	:	1770321312.706	     1.898	0	54	0	0	write_iso_sources /home/kcw2/data/genome_db/GCF_001449085.1
6086	:	1770321313.572	     1.037	0	54	0	0	write_iso_sources /home/kcw2/data/genome_db/GCF_024205585.1
6119	:	1770321314.406	     0.239	0	54	0	0	write_iso_sources /home/kcw2/data/genome_db/GCF_000300075.1
6102	:	1770321313.999	     0.646	0	54	0	0	write_iso_sources /home/kcw2/data/genome_db/GCF_000277365.1
6075	:	1770321313.300	     1.358	0	54	0	0	write_iso_sources /home/kcw2/data/genome_db/GCF_034428235.1
6103	:	1770321314.040	     0.656	0	54	0	0	write_iso_sources /home/kcw2/data/genome_db/GCF_000277325.1
6084	:	1770321313.537	     1.174	0	54	0	0	write_iso_sources /home/kcw2/data/genome_db/GCF_001618465.2
6113	:	1770321314.270	     0.443	0	54	0	0	write_iso_sources /home/kcw2/data/genome_db/GCF_040790725.1
6087	:	1770321313.586	     1.157	0	54	0	0	write_iso_sources /home/kcw2/data/genome_db/GCF_927611585.1
6098	:	1770321313.923	     0.821	0	54	0	0	write_iso_sources /home/kcw2/data/genome_db/GCF_000305775.1
6079	:	1770321313.459	     1.329	0	54	0	0	write_iso_sources /home/kcw2/data/genome_db/GCF_048398235.1
6072	:	1770321313.241	     1.549	0	54	0	0	write_iso_sources /home/kcw2/data/genome_db/GCF_046272025.1
6081	:	1770321313.495	     1.296	0	54	0	0	write_iso_sources /home/kcw2/data/genome_db/GCF_000238195.1
6120	:	1770321314.426	     0.365	0	54	0	0	write_iso_sources /home/kcw2/data/genome_db/GCF_000340925.1
6127	:	1770321314.622	     0.250	0	54	0	0	write_iso_sources /home/kcw2/data/genome_db/GCF_000364725.1
6114	:	1770321314.281	     0.640	0	54	0	0	write_iso_sources /home/kcw2/data/genome_db/GCF_040790845.2
6128	:	1770321314.644	     0.309	0	54	0	0	write_iso_sources /home/kcw2/data/genome_db/GCF_000319675.2
6122	:	1770321314.537	     0.445	0	54	0	0	write_iso_sources /home/kcw2/data/genome_db/GCF_000298515.2
6083	:	1770321313.519	     1.483	0	54	0	0	write_iso_sources /home/kcw2/data/genome_db/GCF_946903285.1
6117	:	1770321314.333	     0.709	0	54	0	0	write_iso_sources /home/kcw2/data/genome_db/GCF_000418365.1
6115	:	1770321314.304	     0.754	0	54	0	0	write_iso_sources /home/kcw2/data/genome_db/GCF_002213945.1
6068	:	1770321313.165	     1.924	0	54	0	0	write_iso_sources /home/kcw2/data/genome_db/GCF_000816845.1
6135	:	1770321314.758	     0.353	0	54	0	0	write_iso_sources /home/kcw2/data/genome_db/GCF_000496595.1
6116	:	1770321314.321	     0.805	0	54	0	0	write_iso_sources /home/kcw2/data/genome_db/GCF_002213765.1
6062	:	1770321312.985	     2.159	0	54	0	0	write_iso_sources /home/kcw2/data/genome_db/GCF_048565155.1
6101	:	1770321313.981	     1.190	0	54	0	0	write_iso_sources /home/kcw2/data/genome_db/GCF_004923395.1
6126	:	1770321314.604	     0.570	0	54	0	0	write_iso_sources /home/kcw2/data/genome_db/GCF_028609825.1
6138	:	1770321314.820	     0.358	0	54	0	0	write_iso_sources /home/kcw2/data/genome_db/GCF_001272915.1
6090	:	1770321313.702	     1.537	0	54	0	0	write_iso_sources /home/kcw2/data/genome_db/GCF_002355775.1
6091	:	1770321313.731	     1.512	0	54	0	0	write_iso_sources /home/kcw2/data/genome_db/GCF_000284035.1
6096	:	1770321313.828	     1.427	0	54	0	0	write_iso_sources /home/kcw2/data/genome_db/GCF_003584745.1
6095	:	1770321313.810	     1.465	0	54	0	0	write_iso_sources /home/kcw2/data/genome_db/GCF_037081955.1
6107	:	1770321314.116	     1.163	0	54	0	0	write_iso_sources /home/kcw2/data/genome_db/GCF_005937895.2
6093	:	1770321313.769	     1.529	0	54	0	0	write_iso_sources /home/kcw2/data/genome_db/GCF_013636415.1
6097	:	1770321313.862	     1.437	0	54	0	0	write_iso_sources /home/kcw2/data/genome_db/GCF_045780085.1
6094	:	1770321313.789	     1.547	0	54	0	0	write_iso_sources /home/kcw2/data/genome_db/GCF_022343265.1
6078	:	1770321313.447	     1.948	0	54	0	0	write_iso_sources /home/kcw2/data/genome_db/GCF_048568235.1
6105	:	1770321314.073	     1.340	0	54	0	0	write_iso_sources /home/kcw2/data/genome_db/GCF_018972185.1
6108	:	1770321314.138	     1.348	0	54	0	0	write_iso_sources /home/kcw2/data/genome_db/GCF_009648755.1
6133	:	1770321314.726	     0.789	0	54	0	0	write_iso_sources /home/kcw2/data/genome_db/GCF_000310245.1
6123	:	1770321314.555	     0.981	0	54	0	0	write_iso_sources /home/kcw2/data/genome_db/GCF_005160065.1
6132	:	1770321314.711	     0.861	0	54	0	0	write_iso_sources /home/kcw2/data/genome_db/GCF_045346035.1
6125	:	1770321314.584	     1.007	0	54	0	0	write_iso_sources /home/kcw2/data/genome_db/GCF_001951155.1
6136	:	1770321314.789	     0.835	0	54	0	0	write_iso_sources /home/kcw2/data/genome_db/GCF_003112995.3
6145	:	1770321315.023	     0.602	0	54	0	0	write_iso_sources /home/kcw2/data/genome_db/GCF_044358145.1
6104	:	1770321314.060	     1.585	0	54	0	0	write_iso_sources /home/kcw2/data/genome_db/GCF_003851705.1
6106	:	1770321314.090	     1.558	0	54	0	0	write_iso_sources /home/kcw2/data/genome_db/GCF_025560525.1
6137	:	1770321314.806	     0.844	0	54	0	0	write_iso_sources /home/kcw2/data/genome_db/GCF_043159985.1
6139	:	1770321314.833	     0.818	0	54	0	0	write_iso_sources /home/kcw2/data/genome_db/GCF_000619905.2
6109	:	1770321314.160	     1.504	0	54	0	0	write_iso_sources /home/kcw2/data/genome_db/GCF_005144505.2
6111	:	1770321314.236	     1.430	0	54	0	0	write_iso_sources /home/kcw2/data/genome_db/GCF_046529395.1
6110	:	1770321314.215	     1.506	0	54	0	0	write_iso_sources /home/kcw2/data/genome_db/GCF_017189395.1
6118	:	1770321314.387	     1.339	0	54	0	0	write_iso_sources /home/kcw2/data/genome_db/GCF_042134655.1
6089	:	1770321313.675	     2.068	0	54	0	0	write_iso_sources /home/kcw2/data/genome_db/GCF_019397265.1
6130	:	1770321314.673	     1.141	0	54	0	0	write_iso_sources /home/kcw2/data/genome_db/GCF_001975515.1
6142	:	1770321314.935	     0.913	0	54	0	0	write_iso_sources /home/kcw2/data/genome_db/GCF_000341485.2
6155	:	1770321315.254	     0.621	0	54	0	0	write_iso_sources /home/kcw2/data/genome_db/GCF_000392515.3
6150	:	1770321315.144	     0.736	0	54	0	0	write_iso_sources /home/kcw2/data/genome_db/GCF_001017655.1
6154	:	1770321315.239	     0.672	0	54	0	0	write_iso_sources /home/kcw2/data/genome_db/GCF_013177635.1
6129	:	1770321314.659	     1.282	0	54	0	0	write_iso_sources /home/kcw2/data/genome_db/GCF_003815955.1
6124	:	1770321314.569	     1.374	0	54	0	0	write_iso_sources /home/kcw2/data/genome_db/GCF_000714675.1
6112	:	1770321314.258	     1.710	0	54	0	0	write_iso_sources /home/kcw2/data/genome_db/GCF_002215215.1
6131	:	1770321314.688	     1.335	0	54	0	0	write_iso_sources /home/kcw2/data/genome_db/GCF_000623295.1
6140	:	1770321314.847	     1.197	0	54	0	0	write_iso_sources /home/kcw2/data/genome_db/GCF_000332755.1
6069	:	1770321313.185	     2.878	0	54	0	0	write_iso_sources /home/kcw2/data/genome_db/GCF_043575855.1
6144	:	1770321315.002	     1.086	0	54	0	0	write_iso_sources /home/kcw2/data/genome_db/GCF_000968135.1
6164	:	1770321315.425	     0.697	0	54	0	0	write_iso_sources /home/kcw2/data/genome_db/GCF_048320295.1
6177	:	1770321315.815	     0.309	0	54	0	0	write_iso_sources /home/kcw2/data/genome_db/GCF_000479355.1
6161	:	1770321315.363	     0.814	0	54	0	0	write_iso_sources /home/kcw2/data/genome_db/GCF_965284685.1
6148	:	1770321315.111	     1.118	0	54	0	0	write_iso_sources /home/kcw2/data/genome_db/GCF_000439595.1
6159	:	1770321315.337	     0.894	0	54	0	0	write_iso_sources /home/kcw2/data/genome_db/GCF_046112175.1
6168	:	1770321315.592	     0.640	0	54	0	0	write_iso_sources /home/kcw2/data/genome_db/GCF_000466785.3
6167	:	1770321315.557	     0.690	0	54	0	0	write_iso_sources /home/kcw2/data/genome_db/GCF_000737615.1
6134	:	1770321314.744	     1.516	0	54	0	0	write_iso_sources /home/kcw2/data/genome_db/GCF_000706745.1
6170	:	1770321315.646	     0.702	0	54	0	0	write_iso_sources /home/kcw2/data/genome_db/GCF_034343125.1
6158	:	1770321315.313	     1.075	0	54	0	0	write_iso_sources /home/kcw2/data/genome_db/GCF_035155065.1
6146	:	1770321315.057	     1.375	0	54	0	0	write_iso_sources /home/kcw2/data/genome_db/GCF_043967515.1
6160	:	1770321315.351	     1.102	0	54	0	0	write_iso_sources /home/kcw2/data/genome_db/GCF_000455565.1
6178	:	1770321315.838	     0.631	0	54	0	0	write_iso_sources /home/kcw2/data/genome_db/GCF_002706665.1
6147	:	1770321315.074	     1.415	0	54	0	0	write_iso_sources /home/kcw2/data/genome_db/GCF_042140265.1
6121	:	1770321314.501	     1.992	0	54	0	0	write_iso_sources /home/kcw2/data/genome_db/GCF_000444875.1
6141	:	1770321314.892	     1.613	0	54	0	0	write_iso_sources /home/kcw2/data/genome_db/GCF_000496645.1
6143	:	1770321314.971	     1.587	0	54	0	0	write_iso_sources /home/kcw2/data/genome_db/GCF_000341665.1
6151	:	1770321315.172	     1.398	0	54	0	0	write_iso_sources /home/kcw2/data/genome_db/GCF_014884725.1
6149	:	1770321315.127	     1.463	0	54	0	0	write_iso_sources /home/kcw2/data/genome_db/GCF_000406765.2
6153	:	1770321315.217	     1.460	0	54	0	0	write_iso_sources /home/kcw2/data/genome_db/GCF_050516455.1
6157	:	1770321315.298	     1.400	0	54	0	0	write_iso_sources /home/kcw2/data/genome_db/GCF_018075085.1
6183	:	1770321315.930	     0.770	0	54	0	0	write_iso_sources /home/kcw2/data/genome_db/GCF_001941445.1
6171	:	1770321315.665	     1.055	0	54	0	0	write_iso_sources /home/kcw2/data/genome_db/GCF_004328665.1
6172	:	1770321315.696	     1.029	0	54	0	0	write_iso_sources /home/kcw2/data/genome_db/GCF_025138865.1
6187	:	1770321315.985	     0.743	0	54	0	0	write_iso_sources /home/kcw2/data/genome_db/GCF_020990665.1
6182	:	1770321315.912	     0.865	0	54	0	0	write_iso_sources /home/kcw2/data/genome_db/GCF_000590795.1
6186	:	1770321315.967	     0.828	0	54	0	0	write_iso_sources /home/kcw2/data/genome_db/GCF_001632845.1
6207	:	1770321316.525	     0.270	0	54	0	0	write_iso_sources /home/kcw2/data/genome_db/GCF_005237295.1
6162	:	1770321315.380	     1.430	0	54	0	0	write_iso_sources /home/kcw2/data/genome_db/GCF_018141445.1
6152	:	1770321315.197	     1.672	0	54	0	0	write_iso_sources /home/kcw2/data/genome_db/GCF_045038055.1
6169	:	1770321315.605	     1.289	0	54	0	0	write_iso_sources /home/kcw2/data/genome_db/GCF_000801315.1
6179	:	1770321315.848	     1.113	0	54	0	0	write_iso_sources /home/kcw2/data/genome_db/GCF_000623395.2
6173	:	1770321315.721	     1.279	0	54	0	0	write_iso_sources /home/kcw2/data/genome_db/GCF_001854145.2
6174	:	1770321315.742	     1.280	0	54	0	0	write_iso_sources /home/kcw2/data/genome_db/GCF_020905935.1
6175	:	1770321315.762	     1.287	0	54	0	0	write_iso_sources /home/kcw2/data/genome_db/GCF_020906375.1
6185	:	1770321315.954	     1.138	0	54	0	0	write_iso_sources /home/kcw2/data/genome_db/GCF_000612685.1
6217	:	1770321316.794	     0.301	0	54	0	0	write_iso_sources /home/kcw2/data/genome_db/GCF_003072465.1
6166	:	1770321315.536	     1.592	0	54	0	0	write_iso_sources /home/kcw2/data/genome_db/GCF_000452445.2
6206	:	1770321316.505	     0.628	0	54	0	0	write_iso_sources /home/kcw2/data/genome_db/GCF_029542045.1
6193	:	1770321316.176	     0.974	0	54	0	0	write_iso_sources /home/kcw2/data/genome_db/GCF_003353065.1
6218	:	1770321316.811	     0.414	0	54	0	0	write_iso_sources /home/kcw2/data/genome_db/GCF_965184035.1
6191	:	1770321316.088	     1.167	0	54	0	0	write_iso_sources /home/kcw2/data/genome_db/GCF_002761495.1
6188	:	1770321316.003	     1.266	0	54	0	0	write_iso_sources /home/kcw2/data/genome_db/GCF_002741575.1
6184	:	1770321315.941	     1.342	0	54	0	0	write_iso_sources /home/kcw2/data/genome_db/GCF_001021855.1
6190	:	1770321316.064	     1.242	0	54	0	0	write_iso_sources /home/kcw2/data/genome_db/GCF_001620115.1
6156	:	1770321315.275	     2.069	0	54	0	0	write_iso_sources /home/kcw2/data/genome_db/GCF_015291565.1
6230	:	1770321317.172	     0.197	0	54	0	0	write_iso_sources /home/kcw2/data/genome_db/GCF_014252375.1
6163	:	1770321315.413	     1.970	0	54	0	0	write_iso_sources /home/kcw2/data/genome_db/GCF_013267355.1
6216	:	1770321316.777	     0.608	0	54	0	0	write_iso_sources /home/kcw2/data/genome_db/GCF_027359575.1
6192	:	1770321316.122	     1.338	0	54	0	0	write_iso_sources /home/kcw2/data/genome_db/GCF_001623685.1
6209	:	1770321316.569	     0.941	0	54	0	0	write_iso_sources /home/kcw2/data/genome_db/GCF_041379045.1
6165	:	1770321315.500	     2.029	0	54	0	0	write_iso_sources /home/kcw2/data/genome_db/GCF_035211335.1
6180	:	1770321315.875	     1.667	0	54	0	0	write_iso_sources /home/kcw2/data/genome_db/GCF_000504045.1
6189	:	1770321316.043	     1.526	0	54	0	0	write_iso_sources /home/kcw2/data/genome_db/GCF_040224095.2
6210	:	1770321316.591	     1.016	0	54	0	0	write_iso_sources /home/kcw2/data/genome_db/GCF_014717935.1
6176	:	1770321315.789	     1.846	0	54	0	0	write_iso_sources /home/kcw2/data/genome_db/GCF_011604645.2
6198	:	1770321316.292	     1.365	0	54	0	0	write_iso_sources /home/kcw2/data/genome_db/GCF_016925335.1
6196	:	1770321316.248	     1.430	0	54	0	0	write_iso_sources /home/kcw2/data/genome_db/GCF_003443835.1
6199	:	1770321316.309	     1.371	0	54	0	0	write_iso_sources /home/kcw2/data/genome_db/GCF_023573605.1
6211	:	1770321316.606	     1.075	0	54	0	0	write_iso_sources /home/kcw2/data/genome_db/GCF_014723055.1
6195	:	1770321316.229	     1.463	0	54	0	0	write_iso_sources /home/kcw2/data/genome_db/GCF_041861045.1
6231	:	1770321317.193	     0.549	0	54	0	0	write_iso_sources /home/kcw2/data/genome_db/GCF_002139825.2
6200	:	1770321316.337	     1.424	0	54	0	0	write_iso_sources /home/kcw2/data/genome_db/GCF_040436505.1
6181	:	1770321315.896	     1.867	0	54	0	0	write_iso_sources /home/kcw2/data/genome_db/GCF_030736795.1
6203	:	1770321316.449	     1.318	0	54	0	0	write_iso_sources /home/kcw2/data/genome_db/GCF_001562275.1
6214	:	1770321316.748	     1.035	0	54	0	0	write_iso_sources /home/kcw2/data/genome_db/GCF_001677435.1
6194	:	1770321316.208	     1.588	0	54	0	0	write_iso_sources /home/kcw2/data/genome_db/GCF_022810725.1
6205	:	1770321316.489	     1.322	0	54	0	0	write_iso_sources /home/kcw2/data/genome_db/GCF_022592155.1
6213	:	1770321316.720	     1.187	0	54	0	0	write_iso_sources /home/kcw2/data/genome_db/GCF_000785705.2
6229	:	1770321317.151	     0.825	0	54	0	0	write_iso_sources /home/kcw2/data/genome_db/GCF_045061075.1
6215	:	1770321316.766	     1.211	0	54	0	0	write_iso_sources /home/kcw2/data/genome_db/GCF_019047765.1
6197	:	1770321316.261	     1.752	0	54	0	0	write_iso_sources /home/kcw2/data/genome_db/GCF_014170655.1
6221	:	1770321316.870	     1.179	0	54	0	0	write_iso_sources /home/kcw2/data/genome_db/GCF_001548115.1
6202	:	1770321316.413	     1.649	0	54	0	0	write_iso_sources /home/kcw2/data/genome_db/GCF_009363075.1
6219	:	1770321316.827	     1.255	0	54	0	0	write_iso_sources /home/kcw2/data/genome_db/GCF_018286635.1
6240	:	1770321317.410	     0.684	0	54	0	0	write_iso_sources /home/kcw2/data/genome_db/GCF_020181495.1
6233	:	1770321317.239	     0.873	0	54	0	0	write_iso_sources /home/kcw2/data/genome_db/GCF_009834165.1
6239	:	1770321317.383	     0.733	0	54	0	0	write_iso_sources /home/kcw2/data/genome_db/GCF_024969365.1
6237	:	1770321317.333	     0.811	0	54	0	0	write_iso_sources /home/kcw2/data/genome_db/GCF_001278825.1
6201	:	1770321316.377	     1.886	0	54	0	0	write_iso_sources /home/kcw2/data/genome_db/GCF_036240075.1
6235	:	1770321317.284	     1.002	0	54	0	0	write_iso_sources /home/kcw2/data/genome_db/GCF_001266755.1
6226	:	1770321317.093	     1.196	0	54	0	0	write_iso_sources /home/kcw2/data/genome_db/GCF_049354925.1
6242	:	1770321317.478	     0.845	0	54	0	0	write_iso_sources /home/kcw2/data/genome_db/GCF_009938325.1
6208	:	1770321316.541	     1.805	0	54	0	0	write_iso_sources /home/kcw2/data/genome_db/GCF_003850465.1
6212	:	1770321316.698	     1.651	0	54	0	0	write_iso_sources /home/kcw2/data/genome_db/GCF_025200795.1
6254	:	1770321317.761	     0.617	0	54	0	0	write_iso_sources /home/kcw2/data/genome_db/GCF_014931215.1
6223	:	1770321316.922	     1.472	0	54	0	0	write_iso_sources /home/kcw2/data/genome_db/GCF_046844695.1
6224	:	1770321316.976	     1.421	0	54	0	0	write_iso_sources /home/kcw2/data/genome_db/GCF_004801555.1
6225	:	1770321317.049	     1.349	0	54	0	0	write_iso_sources /home/kcw2/data/genome_db/GCF_029719205.1
6228	:	1770321317.129	     1.272	0	54	0	0	write_iso_sources /home/kcw2/data/genome_db/GCF_026723705.1
6220	:	1770321316.842	     1.589	0	54	0	0	write_iso_sources /home/kcw2/data/genome_db/GCF_003344865.1
6266	:	1770321318.081	     0.388	0	54	0	0	write_iso_sources /home/kcw2/data/genome_db/GCF_002287885.2
6260	:	1770321317.849	     0.651	0	54	0	0	write_iso_sources /home/kcw2/data/genome_db/GCF_002327085.1
6258	:	1770321317.824	     0.718	0	54	0	0	write_iso_sources /home/kcw2/data/genome_db/GCF_001971585.1
6227	:	1770321317.112	     1.443	0	54	0	0	write_iso_sources /home/kcw2/data/genome_db/GCF_026967515.2
6256	:	1770321317.795	     0.760	0	54	0	0	write_iso_sources /home/kcw2/data/genome_db/GCF_040515995.1
6265	:	1770321318.063	     0.495	0	54	0	0	write_iso_sources /home/kcw2/data/genome_db/GCF_002022005.1
6267	:	1770321318.094	     0.463	0	54	0	0	write_iso_sources /home/kcw2/data/genome_db/GCF_965268445.1
6232	:	1770321317.211	     1.370	0	54	0	0	write_iso_sources /home/kcw2/data/genome_db/GCF_003285165.1
6241	:	1770321317.423	     1.161	0	54	0	0	write_iso_sources /home/kcw2/data/genome_db/GCF_007995155.1
6222	:	1770321316.894	     1.727	0	54	0	0	write_iso_sources /home/kcw2/data/genome_db/GCF_021398855.1
6261	:	1770321317.928	     0.700	0	54	0	0	write_iso_sources /home/kcw2/data/genome_db/GCF_014524485.1
6262	:	1770321317.990	     0.640	0	54	0	0	write_iso_sources /home/kcw2/data/genome_db/GCF_023704295.1
6248	:	1770321317.658	     0.996	0	54	0	0	write_iso_sources /home/kcw2/data/genome_db/GCF_001558975.1
6247	:	1770321317.621	     1.055	0	54	0	0	write_iso_sources /home/kcw2/data/genome_db/GCF_002076935.1
6268	:	1770321318.113	     0.565	0	54	0	0	write_iso_sources /home/kcw2/data/genome_db/GCF_029024465.1
6259	:	1770321317.838	     0.842	0	54	0	0	write_iso_sources /home/kcw2/data/genome_db/GCF_001956695.1
6245	:	1770321317.557	     1.141	0	54	0	0	write_iso_sources /home/kcw2/data/genome_db/GCF_028201735.1
6234	:	1770321317.269	     1.483	0	54	0	0	write_iso_sources /home/kcw2/data/genome_db/GCF_001644575.1
6288	:	1770321318.581	     0.205	0	54	0	0	write_iso_sources /home/kcw2/data/genome_db/GCF_037013735.1
6244	:	1770321317.543	     1.298	0	54	0	0	write_iso_sources /home/kcw2/data/genome_db/GCF_009665415.1
6238	:	1770321317.361	     1.493	0	54	0	0	write_iso_sources /home/kcw2/data/genome_db/GCF_003443715.1
6246	:	1770321317.586	     1.296	0	54	0	0	write_iso_sources /home/kcw2/data/genome_db/GCF_009873225.2
6270	:	1770321318.160	     0.735	0	54	0	0	write_iso_sources /home/kcw2/data/genome_db/GCF_048568355.1
6251	:	1770321317.706	     1.225	0	54	0	0	write_iso_sources /home/kcw2/data/genome_db/GCF_043970705.1
6236	:	1770321317.301	     1.687	0	54	0	0	write_iso_sources /home/kcw2/data/genome_db/GCF_003204265.1
6274	:	1770321318.323	     0.667	0	54	0	0	write_iso_sources /home/kcw2/data/genome_db/GCF_021654515.1
6255	:	1770321317.782	     1.224	0	54	0	0	write_iso_sources /home/kcw2/data/genome_db/GCF_030060575.1
6252	:	1770321317.721	     1.296	0	54	0	0	write_iso_sources /home/kcw2/data/genome_db/GCF_015136315.1
6243	:	1770321317.524	     1.555	0	54	0	0	write_iso_sources /home/kcw2/data/genome_db/GCF_002902905.1
6250	:	1770321317.692	     1.404	0	54	0	0	write_iso_sources /home/kcw2/data/genome_db/GCF_005281475.1
6249	:	1770321317.678	     1.437	0	54	0	0	write_iso_sources /home/kcw2/data/genome_db/GCF_002886045.1
6281	:	1770321318.447	     0.668	0	54	0	0	write_iso_sources /home/kcw2/data/genome_db/GCF_039645005.1
6276	:	1770321318.362	     0.792	0	54	0	0	write_iso_sources /home/kcw2/data/genome_db/GCF_965284345.1
6275	:	1770321318.347	     0.864	0	54	0	0	write_iso_sources /home/kcw2/data/genome_db/GCF_002795825.1
6253	:	1770321317.740	     1.500	0	54	0	0	write_iso_sources /home/kcw2/data/genome_db/GCF_030179035.1
6264	:	1770321318.044	     1.203	0	54	0	0	write_iso_sources /home/kcw2/data/genome_db/GCF_965284355.1
6273	:	1770321318.305	     0.942	0	54	0	0	write_iso_sources /home/kcw2/data/genome_db/GCF_048007135.1
6269	:	1770321318.143	     1.118	0	54	0	0	write_iso_sources /home/kcw2/data/genome_db/GCF_001831375.1
6272	:	1770321318.283	     0.980	0	54	0	0	write_iso_sources /home/kcw2/data/genome_db/GCF_965227415.1
6278	:	1770321318.393	     0.898	0	54	0	0	write_iso_sources /home/kcw2/data/genome_db/GCF_001302565.1
6257	:	1770321317.811	     1.519	0	54	0	0	write_iso_sources /home/kcw2/data/genome_db/GCF_002073415.2
6292	:	1770321318.676	     0.656	0	54	0	0	write_iso_sources /home/kcw2/data/genome_db/GCF_003491325.1
6300	:	1770321318.814	     0.535	0	54	0	0	write_iso_sources /home/kcw2/data/genome_db/GCF_001077715.1
6271	:	1770321318.172	     1.190	0	54	0	0	write_iso_sources /home/kcw2/data/genome_db/GCF_003628675.1
6204	:	1770321316.469	     2.932	0	54	0	0	write_iso_sources /home/kcw2/data/genome_db/GCF_002812405.1
6297	:	1770321318.771	     0.697	0	54	0	0	write_iso_sources /home/kcw2/data/genome_db/GCF_963662555.1
6285	:	1770321318.514	     0.968	0	54	0	0	write_iso_sources /home/kcw2/data/genome_db/GCF_002009425.1
6283	:	1770321318.470	     1.128	0	54	0	0	write_iso_sources /home/kcw2/data/genome_db/GCF_965216855.1
6305	:	1770321318.895	     0.831	0	54	0	0	write_iso_sources /home/kcw2/data/genome_db/GCF_005484985.1
6277	:	1770321318.378	     1.369	0	54	0	0	write_iso_sources /home/kcw2/data/genome_db/GCF_007741515.1
6284	:	1770321318.483	     1.269	0	54	0	0	write_iso_sources /home/kcw2/data/genome_db/GCF_003611275.1
6287	:	1770321318.567	     1.203	0	54	0	0	write_iso_sources /home/kcw2/data/genome_db/GCF_048006345.1
6307	:	1770321318.958	     0.853	0	54	0	0	write_iso_sources /home/kcw2/data/genome_db/GCF_003070885.1
6279	:	1770321318.413	     1.415	0	54	0	0	write_iso_sources /home/kcw2/data/genome_db/GCF_965212465.1
6282	:	1770321318.459	     1.370	0	54	0	0	write_iso_sources /home/kcw2/data/genome_db/GCF_038648475.1
6306	:	1770321318.918	     0.993	0	54	0	0	write_iso_sources /home/kcw2/data/genome_db/GCF_026001925.1
6310	:	1770321319.064	     0.848	0	54	0	0	write_iso_sources /home/kcw2/data/genome_db/GCF_003574015.1
6280	:	1770321318.431	     1.536	0	54	0	0	write_iso_sources /home/kcw2/data/genome_db/GCF_021283545.2
6303	:	1770321318.870	     1.119	0	54	0	0	write_iso_sources /home/kcw2/data/genome_db/GCF_965233845.1
6309	:	1770321319.035	     0.961	0	54	0	0	write_iso_sources /home/kcw2/data/genome_db/GCF_003336365.1
6313	:	1770321319.115	     0.884	0	54	0	0	write_iso_sources /home/kcw2/data/genome_db/GCF_900538275.1
6320	:	1770321319.291	     0.730	0	54	0	0	write_iso_sources /home/kcw2/data/genome_db/GCF_022569695.1
6263	:	1770321318.013	     2.022	0	54	0	0	write_iso_sources /home/kcw2/data/genome_db/GCF_002896875.1
6312	:	1770321319.095	     0.940	0	54	0	0	write_iso_sources /home/kcw2/data/genome_db/GCF_036322625.1
6298	:	1770321318.787	     1.259	0	54	0	0	write_iso_sources /home/kcw2/data/genome_db/GCF_041956365.1
6321	:	1770321319.307	     0.743	0	54	0	0	write_iso_sources /home/kcw2/data/genome_db/GCF_044793655.1
6296	:	1770321318.752	     1.323	0	54	0	0	write_iso_sources /home/kcw2/data/genome_db/GCF_002587065.1
6291	:	1770321318.654	     1.441	0	54	0	0	write_iso_sources /home/kcw2/data/genome_db/GCF_011764485.1
6318	:	1770321319.261	     0.846	0	54	0	0	write_iso_sources /home/kcw2/data/genome_db/GCF_003846445.2
6327	:	1770321319.422	     0.723	0	54	0	0	write_iso_sources /home/kcw2/data/genome_db/GCA_010272695.1
6286	:	1770321318.555	     1.615	0	54	0	0	write_iso_sources /home/kcw2/data/genome_db/GCF_002117485.1
6326	:	1770321319.402	     0.769	0	54	0	0	write_iso_sources /home/kcw2/data/genome_db/GCA_008064935.1
6290	:	1770321318.621	     1.567	0	54	0	0	write_iso_sources /home/kcw2/data/genome_db/GCF_019891175.1
6293	:	1770321318.699	     1.492	0	54	0	0	write_iso_sources /home/kcw2/data/genome_db/GCF_020861345.1
6314	:	1770321319.154	     1.037	0	54	0	0	write_iso_sources /home/kcw2/data/genome_db/GCF_003234085.2
6289	:	1770321318.598	     1.632	0	54	0	0	write_iso_sources /home/kcw2/data/genome_db/GCF_024749125.1
6343	:	1770321320.047	     0.250	0	54	0	0	write_iso_sources /home/kcw2/data/genome_db/GCF_005083845.1
6316	:	1770321319.188	     1.148	0	54	0	0	write_iso_sources /home/kcw2/data/genome_db/GCF_003288315.1
6319	:	1770321319.275	     1.063	0	54	0	0	write_iso_sources /home/kcw2/data/genome_db/GCF_029635795.1
6315	:	1770321319.170	     1.201	0	54	0	0	write_iso_sources /home/kcw2/data/genome_db/GCF_003711185.1
6302	:	1770321318.855	     1.588	0	54	0	0	write_iso_sources /home/kcw2/data/genome_db/GCF_013744615.1
6322	:	1770321319.331	     1.130	0	54	0	0	write_iso_sources /home/kcw2/data/genome_db/GCA_020886955.1
6295	:	1770321318.735	     1.742	0	54	0	0	write_iso_sources /home/kcw2/data/genome_db/GCF_003286415.2
6308	:	1770321319.006	     1.471	0	54	0	0	write_iso_sources /home/kcw2/data/genome_db/GCF_002948105.1
6304	:	1770321318.882	     1.644	0	54	0	0	write_iso_sources /home/kcw2/data/genome_db/GCF_012972105.1
6351	:	1770321320.170	     0.399	0	54	0	0	write_iso_sources /home/kcw2/data/genome_db/GCF_019056535.1
6311	:	1770321319.079	     1.519	0	54	0	0	write_iso_sources /home/kcw2/data/genome_db/GCF_003258605.2
6330	:	1770321319.494	     1.138	0	54	0	0	write_iso_sources /home/kcw2/data/genome_db/GCA_013727075.1
6325	:	1770321319.374	     1.277	0	54	0	0	write_iso_sources /home/kcw2/data/genome_db/GCA_905331255.2
6323	:	1770321319.349	     1.318	0	54	0	0	write_iso_sources /home/kcw2/data/genome_db/GCA_905219245.2
6317	:	1770321319.239	     1.484	0	54	0	0	write_iso_sources /home/kcw2/data/genome_db/GCF_008274905.1
6355	:	1770321320.245	     0.498	0	54	0	0	write_iso_sources /home/kcw2/data/genome_db/GCF_042996645.1
6357	:	1770321320.280	     0.518	0	54	0	0	write_iso_sources /home/kcw2/data/genome_db/GCF_018685555.1
6328	:	1770321319.435	     1.364	0	54	0	0	write_iso_sources /home/kcw2/data/genome_db/GCA_012108755.2
6329	:	1770321319.482	     1.317	0	54	0	0	write_iso_sources /home/kcw2/data/genome_db/GCA_012220465.2
6299	:	1770321318.804	     2.025	0	54	0	0	write_iso_sources /home/kcw2/data/genome_db/GCF_002946835.1
6347	:	1770321320.096	     0.758	0	54	0	0	write_iso_sources /home/kcw2/data/genome_db/GCF_003718715.1
6354	:	1770321320.230	     0.628	0	54	0	0	write_iso_sources /home/kcw2/data/genome_db/GCF_009036385.1
6324	:	1770321319.362	     1.500	0	54	0	0	write_iso_sources /home/kcw2/data/genome_db/GCA_905232845.2
6356	:	1770321320.262	     0.600	0	54	0	0	write_iso_sources /home/kcw2/data/genome_db/GCF_013201975.1
6348	:	1770321320.107	     0.787	0	54	0	0	write_iso_sources /home/kcw2/data/genome_db/GCF_003860525.1
6333	:	1770321319.771	     1.170	0	54	0	0	write_iso_sources /home/kcw2/data/genome_db/GCA_013801205.1
6360	:	1770321320.336	     0.608	0	54	0	0	write_iso_sources /home/kcw2/data/genome_db/GCF_041281755.1
6331	:	1770321319.630	     1.347	0	54	0	0	write_iso_sources /home/kcw2/data/genome_db/GCA_013749975.1
6332	:	1770321319.748	     1.231	0	54	0	0	write_iso_sources /home/kcw2/data/genome_db/GCA_013790145.1
6335	:	1770321319.810	     1.170	0	54	0	0	write_iso_sources /home/kcw2/data/genome_db/GCA_013816945.1
6341	:	1770321319.989	     0.991	0	54	0	0	write_iso_sources /home/kcw2/data/genome_db/GCA_013894235.1
6334	:	1770321319.785	     1.207	0	54	0	0	write_iso_sources /home/kcw2/data/genome_db/GCA_013806525.1
6364	:	1770321320.459	     0.534	0	54	0	0	write_iso_sources /home/kcw2/data/genome_db/GCF_012897595.1
6301	:	1770321318.840	     2.192	0	54	0	0	write_iso_sources /home/kcw2/data/genome_db/GCF_002831585.1
6336	:	1770321319.828	     1.207	0	54	0	0	write_iso_sources /home/kcw2/data/genome_db/GCA_013822435.1
6340	:	1770321319.966	     1.098	0	54	0	0	write_iso_sources /home/kcw2/data/genome_db/GCA_013888615.1
6337	:	1770321319.843	     1.236	0	54	0	0	write_iso_sources /home/kcw2/data/genome_db/GCA_013828065.1
6338	:	1770321319.862	     1.219	0	54	0	0	write_iso_sources /home/kcw2/data/genome_db/GCA_013833155.1
6339	:	1770321319.941	     1.143	0	54	0	0	write_iso_sources /home/kcw2/data/genome_db/GCA_013884015.1
6345	:	1770321320.076	     1.009	0	54	0	0	write_iso_sources /home/kcw2/data/genome_db/GCF_003627055.1
6361	:	1770321320.371	     0.714	0	54	0	0	write_iso_sources /home/kcw2/data/genome_db/GCF_024181345.1
6359	:	1770321320.315	     0.809	0	54	0	0	write_iso_sources /home/kcw2/data/genome_db/GCF_004634385.1
6346	:	1770321320.086	     1.147	0	54	0	0	write_iso_sources /home/kcw2/data/genome_db/GCF_047758745.1
6294	:	1770321318.719	     2.557	0	54	0	0	write_iso_sources /home/kcw2/data/genome_db/GCF_012689525.1
6367	:	1770321320.517	     0.818	0	54	0	0	write_iso_sources /home/kcw2/data/genome_db/GCF_019443965.1
6349	:	1770321320.122	     1.253	0	54	0	0	write_iso_sources /home/kcw2/data/genome_db/GCF_003994855.1
6363	:	1770321320.411	     1.060	0	54	0	0	write_iso_sources /home/kcw2/data/genome_db/GCF_011046485.1
6371	:	1770321320.648	     0.867	0	54	0	0	write_iso_sources /home/kcw2/data/genome_db/GCF_009363695.1
6350	:	1770321320.146	     1.370	0	54	0	0	write_iso_sources /home/kcw2/data/genome_db/GCF_015571735.1
6353	:	1770321320.213	     1.320	0	54	0	0	write_iso_sources /home/kcw2/data/genome_db/GCF_032818155.1
6344	:	1770321320.062	     1.500	0	54	0	0	write_iso_sources /home/kcw2/data/genome_db/GCF_004015185.1
6370	:	1770321320.623	     0.973	0	54	0	0	write_iso_sources /home/kcw2/data/genome_db/GCF_006337065.1
6369	:	1770321320.584	     1.036	0	54	0	0	write_iso_sources /home/kcw2/data/genome_db/GCF_030323805.1
6372	:	1770321320.663	     0.985	0	54	0	0	write_iso_sources /home/kcw2/data/genome_db/GCF_009363255.1
6380	:	1770321320.912	     0.753	0	54	0	0	write_iso_sources /home/kcw2/data/genome_db/GCF_007559005.1
6381	:	1770321320.940	     0.727	0	54	0	0	write_iso_sources /home/kcw2/data/genome_db/GCF_007904105.1
6378	:	1770321320.878	     0.792	0	54	0	0	write_iso_sources /home/kcw2/data/genome_db/GCF_045038405.1
6390	:	1770321321.098	     0.613	0	54	0	0	write_iso_sources /home/kcw2/data/genome_db/GCF_002763815.1
6368	:	1770321320.544	     1.186	0	54	0	0	write_iso_sources /home/kcw2/data/genome_db/GCF_004919445.1
6394	:	1770321321.154	     0.642	0	54	0	0	write_iso_sources /home/kcw2/data/genome_db/GCF_017750945.1
6389	:	1770321321.079	     0.736	0	54	0	0	write_iso_sources /home/kcw2/data/genome_db/GCF_026167605.1
6395	:	1770321321.167	     0.690	0	54	0	0	write_iso_sources /home/kcw2/data/genome_db/GCF_018406505.1
6365	:	1770321320.477	     1.395	0	54	0	0	write_iso_sources /home/kcw2/data/genome_db/GCF_003812125.1
6382	:	1770321320.957	     0.954	0	54	0	0	write_iso_sources /home/kcw2/data/genome_db/GCF_008000935.1
6386	:	1770321321.032	     0.899	0	54	0	0	write_iso_sources /home/kcw2/data/genome_db/GCF_008727755.1
6362	:	1770321320.393	     1.573	0	54	0	0	write_iso_sources /home/kcw2/data/genome_db/GCF_029916925.1
6352	:	1770321320.189	     1.797	0	54	0	0	write_iso_sources /home/kcw2/data/genome_db/GCF_045013505.1
6401	:	1770321321.277	     0.726	0	54	0	0	write_iso_sources /home/kcw2/data/genome_db/GCF_019469165.1
6404	:	1770321321.349	     0.710	0	54	0	0	write_iso_sources /home/kcw2/data/genome_db/GCF_041222795.1
6375	:	1770321320.754	     1.332	0	54	0	0	write_iso_sources /home/kcw2/data/genome_db/GCF_041861535.1
6374	:	1770321320.742	     1.422	0	54	0	0	write_iso_sources /home/kcw2/data/genome_db/GCF_041765355.1
6384	:	1770321320.992	     1.195	0	54	0	0	write_iso_sources /home/kcw2/data/genome_db/GCF_003008555.2
6402	:	1770321321.288	     0.905	0	54	0	0	write_iso_sources /home/kcw2/data/genome_db/GCF_002209445.1
6342	:	1770321320.021	     2.203	0	54	0	0	write_iso_sources /home/kcw2/data/genome_db/GCF_022221585.1
6366	:	1770321320.503	     1.724	0	54	0	0	write_iso_sources /home/kcw2/data/genome_db/GCF_005937885.2
6403	:	1770321321.300	     0.929	0	54	0	0	write_iso_sources /home/kcw2/data/genome_db/GCF_965284465.1
6396	:	1770321321.185	     1.095	0	54	0	0	write_iso_sources /home/kcw2/data/genome_db/GCF_011420305.2
6383	:	1770321320.977	     1.305	0	54	0	0	write_iso_sources /home/kcw2/data/genome_db/GCF_008124105.1
6410	:	1770321321.579	     0.717	0	54	0	0	write_iso_sources /home/kcw2/data/genome_db/GCF_012955605.1
6412	:	1770321321.635	     0.677	0	54	0	0	write_iso_sources /home/kcw2/data/genome_db/GCF_014931645.1
6377	:	1770321320.853	     1.472	0	54	0	0	write_iso_sources /home/kcw2/data/genome_db/GCF_041927085.1
6397	:	1770321321.209	     1.137	0	54	0	0	write_iso_sources /home/kcw2/data/genome_db/GCF_009796805.1
6413	:	1770321321.666	     0.682	0	54	0	0	write_iso_sources /home/kcw2/data/genome_db/GCF_024499075.1
6373	:	1770321320.686	     1.697	0	54	0	0	write_iso_sources /home/kcw2/data/genome_db/GCF_006442545.2
6376	:	1770321320.828	     1.559	0	54	0	0	write_iso_sources /home/kcw2/data/genome_db/GCF_041903225.1
6391	:	1770321321.112	     1.275	0	54	0	0	write_iso_sources /home/kcw2/data/genome_db/GCF_024734075.1
6423	:	1770321321.926	     0.462	0	54	0	0	write_iso_sources /home/kcw2/data/genome_db/GCF_049244275.1
6398	:	1770321321.232	     1.189	0	54	0	0	write_iso_sources /home/kcw2/data/genome_db/GCF_009858175.1
6424	:	1770321321.952	     0.493	0	54	0	0	write_iso_sources /home/kcw2/data/genome_db/GCF_049244065.1
6405	:	1770321321.388	     1.078	0	54	0	0	write_iso_sources /home/kcw2/data/genome_db/GCF_011299595.1
6358	:	1770321320.296	     2.190	0	54	0	0	write_iso_sources /home/kcw2/data/genome_db/GCF_007747655.1
6393	:	1770321321.142	     1.368	0	54	0	0	write_iso_sources /home/kcw2/data/genome_db/GCF_014169755.1
6385	:	1770321321.006	     1.575	0	54	0	0	write_iso_sources /home/kcw2/data/genome_db/GCF_026210475.1
6425	:	1770321321.984	     0.680	0	54	0	0	write_iso_sources /home/kcw2/data/genome_db/GCF_013414345.1
6388	:	1770321321.065	     1.616	0	54	0	0	write_iso_sources /home/kcw2/data/genome_db/GCF_009873475.1
6392	:	1770321321.124	     1.577	0	54	0	0	write_iso_sources /home/kcw2/data/genome_db/GCF_026278345.1
6419	:	1770321321.815	     0.919	0	54	0	0	write_iso_sources /home/kcw2/data/genome_db/GCF_016469335.1
6400	:	1770321321.266	     1.603	0	54	0	0	write_iso_sources /home/kcw2/data/genome_db/GCF_030179475.1
6399	:	1770321321.251	     1.640	0	54	0	0	write_iso_sources /home/kcw2/data/genome_db/GCF_009905335.1
6451	:	1770321322.581	     0.313	0	54	0	0	write_iso_sources /home/kcw2/data/genome_db/GCF_019873825.1
6439	:	1770321322.347	     0.627	0	54	0	0	write_iso_sources /home/kcw2/data/genome_db/GCF_050539095.1
6422	:	1770321321.885	     1.115	0	54	0	0	write_iso_sources /home/kcw2/data/genome_db/GCF_013389455.1
6406	:	1770321321.492	     1.541	0	54	0	0	write_iso_sources /home/kcw2/data/genome_db/GCF_016839145.1
6409	:	1770321321.561	     1.473	0	54	0	0	write_iso_sources /home/kcw2/data/genome_db/GCF_008727715.1
6421	:	1770321321.869	     1.184	0	54	0	0	write_iso_sources /home/kcw2/data/genome_db/GCF_015534815.1
6448	:	1770321322.526	     0.529	0	54	0	0	write_iso_sources /home/kcw2/data/genome_db/GCF_023277585.1
6427	:	1770321322.024	     1.051	0	54	0	0	write_iso_sources /home/kcw2/data/genome_db/GCF_018831605.1
6436	:	1770321322.297	     0.779	0	54	0	0	write_iso_sources /home/kcw2/data/genome_db/GCF_050534035.1
6408	:	1770321321.549	     1.542	0	54	0	0	write_iso_sources /home/kcw2/data/genome_db/GCF_047300955.1
6411	:	1770321321.608	     1.488	0	54	0	0	write_iso_sources /home/kcw2/data/genome_db/GCF_040281505.1
6437	:	1770321322.313	     0.809	0	54	0	0	write_iso_sources /home/kcw2/data/genome_db/GCF_050555815.1
6415	:	1770321321.696	     1.471	0	54	0	0	write_iso_sources /home/kcw2/data/genome_db/GCF_013459645.1
6387	:	1770321321.051	     2.128	0	54	0	0	write_iso_sources /home/kcw2/data/genome_db/GCF_046267895.1
6420	:	1770321321.830	     1.371	0	54	0	0	write_iso_sources /home/kcw2/data/genome_db/GCF_046619475.1
6438	:	1770321322.324	     0.905	0	54	0	0	write_iso_sources /home/kcw2/data/genome_db/GCF_050536415.1
6434	:	1770321322.265	     0.996	0	54	0	0	write_iso_sources /home/kcw2/data/genome_db/GCF_017487405.1
6417	:	1770321321.730	     1.545	0	54	0	0	write_iso_sources /home/kcw2/data/genome_db/GCF_013796805.1
6435	:	1770321322.281	     1.034	0	54	0	0	write_iso_sources /home/kcw2/data/genome_db/GCF_050546735.1
6418	:	1770321321.747	     1.582	0	54	0	0	write_iso_sources /home/kcw2/data/genome_db/GCF_013728095.1
6407	:	1770321321.534	     1.805	0	54	0	0	write_iso_sources /home/kcw2/data/genome_db/GCF_022760275.1
6465	:	1770321323.110	     0.232	0	54	0	0	write_iso_sources /home/kcw2/data/genome_db/GCF_018866205.1
6433	:	1770321322.247	     1.134	0	54	0	0	write_iso_sources /home/kcw2/data/genome_db/GCF_014764445.1
6428	:	1770321322.082	     1.300	0	54	0	0	write_iso_sources /home/kcw2/data/genome_db/GCF_014123145.1
6447	:	1770321322.510	     0.874	0	54	0	0	write_iso_sources /home/kcw2/data/genome_db/GCF_009650215.1
6426	:	1770321322.003	     1.417	0	54	0	0	write_iso_sources /home/kcw2/data/genome_db/GCF_001908775.1
6414	:	1770321321.683	     1.759	0	54	0	0	write_iso_sources /home/kcw2/data/genome_db/GCF_021183725.1
6449	:	1770321322.557	     0.927	0	54	0	0	write_iso_sources /home/kcw2/data/genome_db/GCF_025998535.1
6444	:	1770321322.445	     1.054	0	54	0	0	write_iso_sources /home/kcw2/data/genome_db/GCF_015224645.1
6432	:	1770321322.225	     1.335	0	54	0	0	write_iso_sources /home/kcw2/data/genome_db/GCF_014596815.2
6431	:	1770321322.206	     1.371	0	54	0	0	write_iso_sources /home/kcw2/data/genome_db/GCF_016920955.1
6441	:	1770321322.384	     1.195	0	54	0	0	write_iso_sources /home/kcw2/data/genome_db/GCF_019048265.1
6379	:	1770321320.894	     2.720	0	54	0	0	write_iso_sources /home/kcw2/data/genome_db/GCF_007113425.2
6452	:	1770321322.598	     1.019	0	54	0	0	write_iso_sources /home/kcw2/data/genome_db/GCF_016858305.2
6455	:	1770321322.723	     0.937	0	54	0	0	write_iso_sources /home/kcw2/data/genome_db/GCF_017354985.1
6440	:	1770321322.367	     1.312	0	54	0	0	write_iso_sources /home/kcw2/data/genome_db/GCF_041228055.1
6430	:	1770321322.188	     1.533	0	54	0	0	write_iso_sources /home/kcw2/data/genome_db/GCF_015697215.1
6442	:	1770321322.403	     1.319	0	54	0	0	write_iso_sources /home/kcw2/data/genome_db/GCF_024722495.1
6416	:	1770321321.712	     2.030	0	54	0	0	write_iso_sources /home/kcw2/data/genome_db/GCF_013364375.1
6456	:	1770321322.756	     0.986	0	54	0	0	write_iso_sources /home/kcw2/data/genome_db/GCF_018866305.1
6446	:	1770321322.486	     1.317	0	54	0	0	write_iso_sources /home/kcw2/data/genome_db/GCF_015711015.1
6461	:	1770321323.033	     0.805	0	54	0	0	write_iso_sources /home/kcw2/data/genome_db/GCF_018255795.1
6429	:	1770321322.100	     1.827	0	54	0	0	write_iso_sources /home/kcw2/data/genome_db/GCF_018336915.1
6454	:	1770321322.701	     1.255	0	54	0	0	write_iso_sources /home/kcw2/data/genome_db/GCF_016919485.1
6477	:	1770321323.329	     0.743	0	54	0	0	write_iso_sources /home/kcw2/data/genome_db/GCF_020097035.1
6457	:	1770321322.886	     1.203	0	54	0	0	write_iso_sources /home/kcw2/data/genome_db/GCF_023716665.1
6470	:	1770321323.168	     0.953	0	54	0	0	write_iso_sources /home/kcw2/data/genome_db/GCF_028869115.1
6453	:	1770321322.682	     1.459	0	54	0	0	write_iso_sources /home/kcw2/data/genome_db/GCF_017570605.1
6467	:	1770321323.135	     1.026	0	54	0	0	write_iso_sources /home/kcw2/data/genome_db/GCF_918731615.1
6481	:	1770321323.396	     0.796	0	54	0	0	write_iso_sources /home/kcw2/data/genome_db/GCF_025947045.1
6460	:	1770321323.000	     1.211	0	54	0	0	write_iso_sources /home/kcw2/data/genome_db/GCF_018924625.1
6471	:	1770321323.179	     1.060	0	54	0	0	write_iso_sources /home/kcw2/data/genome_db/GCF_019443325.1
6464	:	1770321323.091	     1.165	0	54	0	0	write_iso_sources /home/kcw2/data/genome_db/GCF_018595675.2
6468	:	1770321323.145	     1.114	0	54	0	0	write_iso_sources /home/kcw2/data/genome_db/GCF_019056655.1
6463	:	1770321323.075	     1.213	0	54	0	0	write_iso_sources /home/kcw2/data/genome_db/GCF_018436125.1
6475	:	1770321323.275	     1.121	0	54	0	0	write_iso_sources /home/kcw2/data/genome_db/GCF_029369725.1
6472	:	1770321323.196	     1.202	0	54	0	0	write_iso_sources /home/kcw2/data/genome_db/GCF_019457495.1
6445	:	1770321322.465	     1.960	0	54	0	0	write_iso_sources /home/kcw2/data/genome_db/GCF_023100985.1
6462	:	1770321323.053	     1.387	0	54	0	0	write_iso_sources /home/kcw2/data/genome_db/GCF_025273675.1
6480	:	1770321323.374	     1.083	0	54	0	0	write_iso_sources /home/kcw2/data/genome_db/GCF_022788715.1
6474	:	1770321323.251	     1.235	0	54	0	0	write_iso_sources /home/kcw2/data/genome_db/GCF_020386635.1
6459	:	1770321322.960	     1.605	0	54	0	0	write_iso_sources /home/kcw2/data/genome_db/GCF_042232855.1
6476	:	1770321323.285	     1.320	0	54	0	0	write_iso_sources /home/kcw2/data/genome_db/GCF_965227485.1
6443	:	1770321322.422	     2.210	0	54	0	0	write_iso_sources /home/kcw2/data/genome_db/GCF_019703895.1
6478	:	1770321323.340	     1.295	0	54	0	0	write_iso_sources /home/kcw2/data/genome_db/GCF_022879575.1
6485	:	1770321323.453	     1.197	0	54	0	0	write_iso_sources /home/kcw2/data/genome_db/GCF_020990385.1
6503	:	1770321324.090	     0.562	0	54	0	0	write_iso_sources /home/kcw2/data/genome_db/GCF_028463985.1
6458	:	1770321322.933	     1.731	0	54	0	0	write_iso_sources /home/kcw2/data/genome_db/GCF_019355575.1
6483	:	1770321323.420	     1.245	0	54	0	0	write_iso_sources /home/kcw2/data/genome_db/GCF_003940785.1
6466	:	1770321323.122	     1.587	0	54	0	0	write_iso_sources /home/kcw2/data/genome_db/GCF_019139795.1
6482	:	1770321323.406	     1.307	0	54	0	0	write_iso_sources /home/kcw2/data/genome_db/GCF_044905075.1
6486	:	1770321323.499	     1.280	0	54	0	0	write_iso_sources /home/kcw2/data/genome_db/GCF_023614235.1
6487	:	1770321323.518	     1.268	0	54	0	0	write_iso_sources /home/kcw2/data/genome_db/GCF_022818495.1
6502	:	1770321323.971	     0.909	0	54	0	0	write_iso_sources /home/kcw2/data/genome_db/GCF_021611515.1
6515	:	1770321324.425	     0.490	0	54	0	0	write_iso_sources /home/kcw2/data/genome_db/GCF_023380265.1
6484	:	1770321323.442	     1.536	0	54	0	0	write_iso_sources /home/kcw2/data/genome_db/GCF_024749225.1
6501	:	1770321323.947	     1.055	0	54	0	0	write_iso_sources /home/kcw2/data/genome_db/GCF_045040565.1
6507	:	1770321324.192	     0.855	0	54	0	0	write_iso_sources /home/kcw2/data/genome_db/GCF_024496245.1
6505	:	1770321324.133	     0.973	0	54	0	0	write_iso_sources /home/kcw2/data/genome_db/GCF_022024055.1
6479	:	1770321323.358	     1.835	0	54	0	0	write_iso_sources /home/kcw2/data/genome_db/GCF_020341595.1
6531	:	1770321324.829	     0.427	0	54	0	0	write_iso_sources /home/kcw2/data/genome_db/GCF_947251705.1
6506	:	1770321324.153	     1.132	0	54	0	0	write_iso_sources /home/kcw2/data/genome_db/GCF_023311875.1
6529	:	1770321324.779	     0.509	0	54	0	0	write_iso_sources /home/kcw2/data/genome_db/GCF_947251545.1
6532	:	1770321324.897	     0.391	0	54	0	0	write_iso_sources /home/kcw2/data/genome_db/GCF_947251425.1
6518	:	1770321324.484	     0.832	0	54	0	0	write_iso_sources /home/kcw2/data/genome_db/GCF_022811685.1
6450	:	1770321322.570	     2.764	0	54	0	0	write_iso_sources /home/kcw2/data/genome_db/GCF_016598615.1
6521	:	1770321324.627	     0.707	0	54	0	0	write_iso_sources /home/kcw2/data/genome_db/GCF_033574615.1
6469	:	1770321323.156	     2.208	0	54	0	0	write_iso_sources /home/kcw2/data/genome_db/GCF_032397745.1
6491	:	1770321323.634	     1.731	0	54	0	0	write_iso_sources /home/kcw2/data/genome_db/GCF_036346595.1
6504	:	1770321324.122	     1.256	0	54	0	0	write_iso_sources /home/kcw2/data/genome_db/GCF_023151555.2
6512	:	1770321324.285	     1.095	0	54	0	0	write_iso_sources /home/kcw2/data/genome_db/GCF_037975435.1
6530	:	1770321324.808	     0.582	0	54	0	0	write_iso_sources /home/kcw2/data/genome_db/GCF_947250805.1
6473	:	1770321323.223	     2.185	0	54	0	0	write_iso_sources /home/kcw2/data/genome_db/GCF_029909955.1
6508	:	1770321324.211	     1.263	0	54	0	0	write_iso_sources /home/kcw2/data/genome_db/GCF_037992945.1
6516	:	1770321324.439	     1.163	0	54	0	0	write_iso_sources /home/kcw2/data/genome_db/GCF_022670835.1
6492	:	1770321323.652	     1.978	0	54	0	0	write_iso_sources /home/kcw2/data/genome_db/GCF_045161905.1
6511	:	1770321324.270	     1.361	0	54	0	0	write_iso_sources /home/kcw2/data/genome_db/GCF_037976065.1
6520	:	1770321324.588	     1.046	0	54	0	0	write_iso_sources /home/kcw2/data/genome_db/GCF_023556315.2
6524	:	1770321324.688	     0.947	0	54	0	0	write_iso_sources /home/kcw2/data/genome_db/GCF_025820815.1
6496	:	1770321323.757	     1.891	0	54	0	0	write_iso_sources /home/kcw2/data/genome_db/GCF_035961655.1
6514	:	1770321324.412	     1.238	0	54	0	0	write_iso_sources /home/kcw2/data/genome_db/GCF_038595015.1
6494	:	1770321323.699	     1.989	0	54	0	0	write_iso_sources /home/kcw2/data/genome_db/GCF_036010485.1
6527	:	1770321324.748	     1.005	0	54	0	0	write_iso_sources /home/kcw2/data/genome_db/GCF_023674425.1
6534	:	1770321325.003	     0.750	0	54	0	0	write_iso_sources /home/kcw2/data/genome_db/GCF_040436365.1
6488	:	1770321323.578	     2.210	0	54	0	0	write_iso_sources /home/kcw2/data/genome_db/GCF_041435235.1
6510	:	1770321324.257	     1.605	0	54	0	0	write_iso_sources /home/kcw2/data/genome_db/GCF_037977055.1
6513	:	1770321324.314	     1.550	0	54	0	0	write_iso_sources /home/kcw2/data/genome_db/GCF_037974265.1
6490	:	1770321323.615	     2.259	0	54	0	0	write_iso_sources /home/kcw2/data/genome_db/GCF_036196325.1
6495	:	1770321323.741	     2.138	0	54	0	0	write_iso_sources /home/kcw2/data/genome_db/GCF_041435435.1
6489	:	1770321323.600	     2.324	0	54	0	0	write_iso_sources /home/kcw2/data/genome_db/GCF_045040275.1
6522	:	1770321324.650	     1.276	0	54	0	0	write_iso_sources /home/kcw2/data/genome_db/GCF_045040755.1
6523	:	1770321324.664	     1.263	0	54	0	0	write_iso_sources /home/kcw2/data/genome_db/GCF_033679665.1
6536	:	1770321325.063	     0.864	0	54	0	0	write_iso_sources /home/kcw2/data/genome_db/GCF_037965715.1
6525	:	1770321324.709	     1.244	0	54	0	0	write_iso_sources /home/kcw2/data/genome_db/GCF_023983615.1
6497	:	1770321323.769	     2.230	0	54	0	0	write_iso_sources /home/kcw2/data/genome_db/GCF_045040025.1
6517	:	1770321324.457	     1.571	0	54	0	0	write_iso_sources /home/kcw2/data/genome_db/GCF_022809835.2
6499	:	1770321323.819	     2.230	0	54	0	0	write_iso_sources /home/kcw2/data/genome_db/GCF_045040495.1
6535	:	1770321325.036	     1.037	0	54	0	0	write_iso_sources /home/kcw2/data/genome_db/GCF_038593375.1
6509	:	1770321324.231	     1.867	0	54	0	0	write_iso_sources /home/kcw2/data/genome_db/GCF_045040695.1
6519	:	1770321324.501	     1.654	0	54	0	0	write_iso_sources /home/kcw2/data/genome_db/GCF_030167965.1
6493	:	1770321323.678	     2.493	0	54	0	0	write_iso_sources /home/kcw2/data/genome_db/GCF_045162855.1
6498	:	1770321323.783	     2.391	0	54	0	0	write_iso_sources /home/kcw2/data/genome_db/GCF_036227445.1
6537	:	1770321325.119	     1.074	0	54	0	0	write_iso_sources /home/kcw2/data/genome_db/GCF_037964915.1
6528	:	1770321324.764	     1.455	0	54	0	0	write_iso_sources /home/kcw2/data/genome_db/GCF_030436385.1
6541	:	1770321325.316	     0.921	0	54	0	0	write_iso_sources /home/kcw2/data/genome_db/GCF_028471905.1
6544	:	1770321325.363	     0.897	0	54	0	0	write_iso_sources /home/kcw2/data/genome_db/GCF_024758005.1
6538	:	1770321325.211	     1.108	0	54	0	0	write_iso_sources /home/kcw2/data/genome_db/GCF_037963555.1
6533	:	1770321324.931	     1.388	0	54	0	0	write_iso_sources /home/kcw2/data/genome_db/GCF_030687105.1
6542	:	1770321325.333	     0.989	0	54	0	0	write_iso_sources /home/kcw2/data/genome_db/GCF_009363815.1
6559	:	1770321325.735	     0.611	0	54	0	0	write_iso_sources /home/kcw2/data/genome_db/GCF_002884955.3
6539	:	1770321325.286	     1.083	0	54	0	0	write_iso_sources /home/kcw2/data/genome_db/GCF_024137965.1
6540	:	1770321325.305	     1.083	0	54	0	0	write_iso_sources /home/kcw2/data/genome_db/GCF_024297105.1
6545	:	1770321325.379	     1.032	0	54	0	0	write_iso_sources /home/kcw2/data/genome_db/GCF_038603755.1
6566	:	1770321325.924	     0.695	0	54	0	0	write_iso_sources /home/kcw2/data/genome_db/GCF_025558405.1
6568	:	1770321325.953	     0.740	0	54	0	0	write_iso_sources /home/kcw2/data/genome_db/GCF_026314295.1
6500	:	1770321323.857	     2.912	0	54	0	0	write_iso_sources /home/kcw2/data/genome_db/GCF_037157775.1
6561	:	1770321325.770	     1.013	0	54	0	0	write_iso_sources /home/kcw2/data/genome_db/GCF_025639885.1
6560	:	1770321325.752	     1.080	0	54	0	0	write_iso_sources /home/kcw2/data/genome_db/GCF_030407165.1
6564	:	1770321325.874	     1.013	0	54	0	0	write_iso_sources /home/kcw2/data/genome_db/GCF_033095805.1
6526	:	1770321324.735	     2.178	0	54	0	0	write_iso_sources /home/kcw2/data/genome_db/GCF_029866785.1
6563	:	1770321325.811	     1.102	0	54	0	0	write_iso_sources /home/kcw2/data/genome_db/GCF_025736815.1
6572	:	1770321326.071	     0.909	0	54	0	0	write_iso_sources /home/kcw2/data/genome_db/GCF_027105055.1
6562	:	1770321325.789	     1.207	0	54	0	0	write_iso_sources /home/kcw2/data/genome_db/GCF_030284525.1
6579	:	1770321326.237	     0.811	0	54	0	0	write_iso_sources /home/kcw2/data/genome_db/GCF_020892095.1
6543	:	1770321325.353	     1.719	0	54	0	0	write_iso_sources /home/kcw2/data/genome_db/GCF_005222165.1
6580	:	1770321326.260	     0.835	0	54	0	0	write_iso_sources /home/kcw2/data/genome_db/GCF_029510815.1
6583	:	1770321326.299	     0.833	0	54	0	0	write_iso_sources /home/kcw2/data/genome_db/GCF_029748795.1
6585	:	1770321326.332	     0.838	0	54	0	0	write_iso_sources /home/kcw2/data/genome_db/GCF_029593895.1
6577	:	1770321326.192	     0.996	0	54	0	0	write_iso_sources /home/kcw2/data/genome_db/GCF_032711245.1
6549	:	1770321325.424	     1.888	0	54	0	0	write_iso_sources /home/kcw2/data/genome_db/GCF_036099295.1
6601	:	1770321327.011	     0.397	0	54	0	0	write_iso_sources /home/kcw2/data/genome_db/GCF_964028295.1
6570	:	1770321325.999	     1.414	0	54	0	0	write_iso_sources /home/kcw2/data/genome_db/GCF_026723805.1
6600	:	1770321326.996	     0.419	0	54	0	0	write_iso_sources /home/kcw2/data/genome_db/GCF_964026805.1
6548	:	1770321325.409	     2.026	0	54	0	0	write_iso_sources /home/kcw2/data/genome_db/GCF_036178565.1
6593	:	1770321326.708	     0.728	0	54	0	0	write_iso_sources /home/kcw2/data/genome_db/GCF_030229265.2
6554	:	1770321325.648	     1.832	0	54	0	0	write_iso_sources /home/kcw2/data/genome_db/GCF_045209435.1
6557	:	1770321325.704	     1.778	0	54	0	0	write_iso_sources /home/kcw2/data/genome_db/GCF_045207365.1
6573	:	1770321326.098	     1.384	0	54	0	0	write_iso_sources /home/kcw2/data/genome_db/GCF_027366555.1
6578	:	1770321326.219	     1.264	0	54	0	0	write_iso_sources /home/kcw2/data/genome_db/GCF_028736155.1
6603	:	1770321327.096	     0.400	0	54	0	0	write_iso_sources /home/kcw2/data/genome_db/GCF_964028205.1
6604	:	1770321327.108	     0.391	0	54	0	0	write_iso_sources /home/kcw2/data/genome_db/GCF_964028175.1
6569	:	1770321325.976	     1.533	0	54	0	0	write_iso_sources /home/kcw2/data/genome_db/GCF_026410125.1
6588	:	1770321326.370	     1.141	0	54	0	0	write_iso_sources /home/kcw2/data/genome_db/GCF_029953595.1
6576	:	1770321326.172	     1.368	0	54	0	0	write_iso_sources /home/kcw2/data/genome_db/GCF_035752725.1
6581	:	1770321326.273	     1.269	0	54	0	0	write_iso_sources /home/kcw2/data/genome_db/GCF_029866885.1
6565	:	1770321325.893	     1.695	0	54	0	0	write_iso_sources /home/kcw2/data/genome_db/GCF_028471945.1
6552	:	1770321325.487	     2.130	0	54	0	0	write_iso_sources /home/kcw2/data/genome_db/GCF_045207285.1
6575	:	1770321326.154	     1.463	0	54	0	0	write_iso_sources /home/kcw2/data/genome_db/GCF_030254645.1
6587	:	1770321326.358	     1.260	0	54	0	0	write_iso_sources /home/kcw2/data/genome_db/GCF_029909455.1
6591	:	1770321326.425	     1.194	0	54	0	0	write_iso_sources /home/kcw2/data/genome_db/GCF_034345625.1
6597	:	1770321326.912	     0.709	0	54	0	0	write_iso_sources /home/kcw2/data/genome_db/GCF_030503635.1
6602	:	1770321327.060	     0.562	0	54	0	0	write_iso_sources /home/kcw2/data/genome_db/GCF_964028235.1
6605	:	1770321327.149	     0.473	0	54	0	0	write_iso_sources /home/kcw2/data/genome_db/GCF_964019545.1
6607	:	1770321327.207	     0.417	0	54	0	0	write_iso_sources /home/kcw2/data/genome_db/GCF_964020005.1
6571	:	1770321326.050	     1.575	0	54	0	0	write_iso_sources /home/kcw2/data/genome_db/GCF_026802345.1
6582	:	1770321326.285	     1.350	0	54	0	0	write_iso_sources /home/kcw2/data/genome_db/GCF_029323795.1
6590	:	1770321326.410	     1.248	0	54	0	0	write_iso_sources /home/kcw2/data/genome_db/GCF_030064165.1
6608	:	1770321327.330	     0.331	0	54	0	0	write_iso_sources /home/kcw2/data/genome_db/GCF_964020065.1
6594	:	1770321326.784	     0.878	0	54	0	0	write_iso_sources /home/kcw2/data/genome_db/GCF_030345315.1
6553	:	1770321325.630	     2.043	0	54	0	0	write_iso_sources /home/kcw2/data/genome_db/GCF_045208255.1
6574	:	1770321326.129	     1.547	0	54	0	0	write_iso_sources /home/kcw2/data/genome_db/GCF_027359675.1
6599	:	1770321326.952	     0.734	0	54	0	0	write_iso_sources /home/kcw2/data/genome_db/GCF_030845275.1
6606	:	1770321327.189	     0.498	0	54	0	0	write_iso_sources /home/kcw2/data/genome_db/GCF_965196655.1
6546	:	1770321325.390	     2.319	0	54	0	0	write_iso_sources /home/kcw2/data/genome_db/GCF_045041135.1
6551	:	1770321325.448	     2.273	0	54	0	0	write_iso_sources /home/kcw2/data/genome_db/GCF_036345155.1
6556	:	1770321325.687	     2.034	0	54	0	0	write_iso_sources /home/kcw2/data/genome_db/GCF_035917355.1
6586	:	1770321326.346	     1.377	0	54	0	0	write_iso_sources /home/kcw2/data/genome_db/GCF_036865525.1
6614	:	1770321327.522	     0.210	0	54	0	0	write_iso_sources /home/kcw2/data/genome_db/GCF_039400935.1
6584	:	1770321326.319	     1.461	0	54	0	0	write_iso_sources /home/kcw2/data/genome_db/GCF_039994875.1
6550	:	1770321325.438	     2.344	0	54	0	0	write_iso_sources /home/kcw2/data/genome_db/GCF_036013935.1
6589	:	1770321326.385	     1.483	0	54	0	0	write_iso_sources /home/kcw2/data/genome_db/GCF_034008205.1
6555	:	1770321325.666	     2.214	0	54	0	0	write_iso_sources /home/kcw2/data/genome_db/GCF_035920465.1
6616	:	1770321327.557	     0.324	0	54	0	0	write_iso_sources /home/kcw2/data/genome_db/GCF_964026985.1
6595	:	1770321326.795	     1.097	0	54	0	0	write_iso_sources /home/kcw2/data/genome_db/GCF_046529625.1
6596	:	1770321326.852	     1.069	0	54	0	0	write_iso_sources /home/kcw2/data/genome_db/GCF_037076455.1
6615	:	1770321327.539	     0.489	0	54	0	0	write_iso_sources /home/kcw2/data/genome_db/GCF_032248735.1
6620	:	1770321327.634	     0.396	0	54	0	0	write_iso_sources /home/kcw2/data/genome_db/GCF_047305135.1
6547	:	1770321325.400	     2.674	0	54	0	0	write_iso_sources /home/kcw2/data/genome_db/GCF_045206265.1
6612	:	1770321327.496	     0.636	0	54	0	0	write_iso_sources /home/kcw2/data/genome_db/GCF_031583295.1
6567	:	1770321325.938	     2.226	0	54	0	0	write_iso_sources /home/kcw2/data/genome_db/GCF_029714225.1
6640	:	1770321327.880	     0.385	0	54	0	0	write_iso_sources /home/kcw2/data/genome_db/GCF_964031135.1
6592	:	1770321326.637	     1.662	0	54	0	0	write_iso_sources /home/kcw2/data/genome_db/GCF_045782725.1
6617	:	1770321327.568	     0.751	0	54	0	0	write_iso_sources /home/kcw2/data/genome_db/GCF_964020115.1
6621	:	1770321327.648	     0.693	0	54	0	0	write_iso_sources /home/kcw2/data/genome_db/GCF_047304245.1
6635	:	1770321327.812	     0.562	0	54	0	0	write_iso_sources /home/kcw2/data/genome_db/GCF_045055315.1
6632	:	1770321327.781	     0.611	0	54	0	0	write_iso_sources /home/kcw2/data/genome_db/GCF_040450955.1
6609	:	1770321327.435	     0.972	0	54	0	0	write_iso_sources /home/kcw2/data/genome_db/GCF_032191775.1
6619	:	1770321327.617	     0.825	0	54	0	0	write_iso_sources /home/kcw2/data/genome_db/GCF_033807535.1
6623	:	1770321327.674	     0.799	0	54	0	0	write_iso_sources /home/kcw2/data/genome_db/GCF_044597695.1
6631	:	1770321327.767	     0.735	0	54	0	0	write_iso_sources /home/kcw2/data/genome_db/GCF_036630095.1
6613	:	1770321327.509	     1.026	0	54	0	0	write_iso_sources /home/kcw2/data/genome_db/GCF_031764535.1
6598	:	1770321326.932	     1.631	0	54	0	0	write_iso_sources /home/kcw2/data/genome_db/GCF_030930975.1
6650	:	1770321328.061	     0.502	0	54	0	0	write_iso_sources /home/kcw2/data/genome_db/GCF_047724975.1
6611	:	1770321327.480	     1.099	0	54	0	0	write_iso_sources /home/kcw2/data/genome_db/GCF_031195445.1
6618	:	1770321327.588	     0.993	0	54	0	0	write_iso_sources /home/kcw2/data/genome_db/GCF_032925565.1
6648	:	1770321328.027	     0.581	0	54	0	0	write_iso_sources /home/kcw2/data/genome_db/GCF_002139915.1
6633	:	1770321327.790	     0.834	0	54	0	0	write_iso_sources /home/kcw2/data/genome_db/GCF_039830145.1
6645	:	1770321327.952	     0.676	0	54	0	0	write_iso_sources /home/kcw2/data/genome_db/GCF_040050875.1
6558	:	1770321325.721	     2.907	0	54	0	0	write_iso_sources /home/kcw2/data/genome_db/GCF_036013525.1
6610	:	1770321327.459	     1.189	0	54	0	0	write_iso_sources /home/kcw2/data/genome_db/GCF_030915525.1
6628	:	1770321327.732	     0.921	0	54	0	0	write_iso_sources /home/kcw2/data/genome_db/GCF_964023245.1
6646	:	1770321327.981	     0.746	0	54	0	0	write_iso_sources /home/kcw2/data/genome_db/GCF_040208445.1
6629	:	1770321327.746	     0.993	0	54	0	0	write_iso_sources /home/kcw2/data/genome_db/GCF_035621135.1
6625	:	1770321327.696	     1.069	0	54	0	0	write_iso_sources /home/kcw2/data/genome_db/GCF_047126315.1
6651	:	1770321328.075	     0.694	0	54	0	0	write_iso_sources /home/kcw2/data/genome_db/GCF_041380175.1
6655	:	1770321328.132	     0.638	0	54	0	0	write_iso_sources /home/kcw2/data/genome_db/GCF_041530365.1
6627	:	1770321327.721	     1.062	0	54	0	0	write_iso_sources /home/kcw2/data/genome_db/GCF_965216145.1
6637	:	1770321327.834	     0.954	0	54	0	0	write_iso_sources /home/kcw2/data/genome_db/GCF_038048985.1
6638	:	1770321327.849	     0.954	0	54	0	0	write_iso_sources /home/kcw2/data/genome_db/GCF_964048965.1
6624	:	1770321327.685	     1.184	0	54	0	0	write_iso_sources /home/kcw2/data/genome_db/GCF_034661175.1
6644	:	1770321327.934	     0.986	0	54	0	0	write_iso_sources /home/kcw2/data/genome_db/GCF_039861365.1
6630	:	1770321327.756	     1.204	0	54	0	0	write_iso_sources /home/kcw2/data/genome_db/GCF_045689905.1
6636	:	1770321327.823	     1.141	0	54	0	0	write_iso_sources /home/kcw2/data/genome_db/GCF_038050375.1
6639	:	1770321327.867	     1.151	0	54	0	0	write_iso_sources /home/kcw2/data/genome_db/GCF_040741385.1
6674	:	1770321328.649	     0.378	0	54	0	0	write_iso_sources /home/kcw2/data/genome_db/GCF_048076875.1
6679	:	1770321328.724	     0.324	0	54	0	0	write_iso_sources /home/kcw2/data/genome_db/GCF_049819115.1
6642	:	1770321327.906	     1.174	0	54	0	0	write_iso_sources /home/kcw2/data/genome_db/GCF_039621855.1
6641	:	1770321327.893	     1.207	0	54	0	0	write_iso_sources /home/kcw2/data/genome_db/GCF_038958875.1
6667	:	1770321328.501	     0.601	0	54	0	0	write_iso_sources /home/kcw2/data/genome_db/GCF_046097395.1
6657	:	1770321328.163	     1.055	0	54	0	0	write_iso_sources /home/kcw2/data/genome_db/GCF_041714655.1
6626	:	1770321327.709	     1.524	0	54	0	0	write_iso_sources /home/kcw2/data/genome_db/GCF_034377285.1
6622	:	1770321327.659	     1.592	0	54	0	0	write_iso_sources /home/kcw2/data/genome_db/GCF_047902425.1
6654	:	1770321328.120	     1.162	0	54	0	0	write_iso_sources /home/kcw2/data/genome_db/GCF_041022165.1
6634	:	1770321327.799	     1.503	0	54	0	0	write_iso_sources /home/kcw2/data/genome_db/GCF_037300705.1
6672	:	1770321328.608	     0.714	0	54	0	0	write_iso_sources /home/kcw2/data/genome_db/GCF_047495525.1
6652	:	1770321328.088	     1.253	0	54	0	0	write_iso_sources /home/kcw2/data/genome_db/GCF_040932005.1
6682	:	1770321328.784	     0.588	0	54	0	0	write_iso_sources /home/kcw2/data/genome_db/GCF_049824445.1
6656	:	1770321328.145	     1.250	0	54	0	0	write_iso_sources /home/kcw2/data/genome_db/GCF_046250205.1
6643	:	1770321327.920	     1.497	0	54	0	0	write_iso_sources /home/kcw2/data/genome_db/GCF_045164175.1
6649	:	1770321328.047	     1.383	0	54	0	0	write_iso_sources /home/kcw2/data/genome_db/GCF_046352915.1
6666	:	1770321328.461	     0.970	0	54	0	0	write_iso_sources /home/kcw2/data/genome_db/GCF_047824255.1
6670	:	1770321328.580	     0.990	0	54	0	0	write_iso_sources /home/kcw2/data/genome_db/GCF_046845755.1
6662	:	1770321328.355	     1.243	0	54	0	0	write_iso_sources /home/kcw2/data/genome_db/GCF_042932255.1
6668	:	1770321328.523	     1.095	0	54	0	0	write_iso_sources /home/kcw2/data/genome_db/GCF_046736045.1
6673	:	1770321328.623	     1.007	0	54	0	0	write_iso_sources /home/kcw2/data/genome_db/GCF_047778125.1
6669	:	1770321328.561	     1.087	0	54	0	0	write_iso_sources /home/kcw2/data/genome_db/GCF_047556435.1
6675	:	1770321328.665	     0.985	0	54	0	0	write_iso_sources /home/kcw2/data/genome_db/GCF_048568905.1
6661	:	1770321328.333	     1.343	0	54	0	0	write_iso_sources /home/kcw2/data/genome_db/GCF_046267815.1
6684	:	1770321328.823	     0.873	0	54	0	0	write_iso_sources /home/kcw2/data/genome_db/GCF_050271985.1
6653	:	1770321328.105	     1.720	0	54	0	0	write_iso_sources /home/kcw2/data/genome_db/GCF_044218845.1
6680	:	1770321328.739	     1.087	0	54	0	0	write_iso_sources /home/kcw2/data/genome_db/GCF_049852175.1
6659	:	1770321328.285	     1.560	0	54	0	0	write_iso_sources /home/kcw2/data/genome_db/GCF_042019905.1
6658	:	1770321328.183	     1.711	0	54	0	0	write_iso_sources /home/kcw2/data/genome_db/GCF_041475675.1
6665	:	1770321328.423	     1.519	0	54	0	0	write_iso_sources /home/kcw2/data/genome_db/GCF_047456195.1
6647	:	1770321328.002	     1.962	0	54	0	0	write_iso_sources /home/kcw2/data/genome_db/GCF_041507355.1
6687	:	1770321328.866	     1.100	0	54	0	0	write_iso_sources /home/kcw2/data/genome_db/GCA_013898975.1
6677	:	1770321328.695	     1.298	0	54	0	0	write_iso_sources /home/kcw2/data/genome_db/GCF_049913335.1
6681	:	1770321328.766	     1.256	0	54	0	0	write_iso_sources /home/kcw2/data/genome_db/GCF_049860805.1
6689	:	1770321328.932	     1.108	0	54	0	0	write_iso_sources /home/kcw2/data/genome_db/GCA_013900065.1
6685	:	1770321328.842	     1.240	0	54	0	0	write_iso_sources /home/kcw2/data/genome_db/GCF_050500175.1
6705	:	1770321329.395	     0.723	0	54	0	0	write_iso_sources /home/kcw2/data/genome_db/GCA_030036515.1
6691	:	1770321329.018	     1.142	0	54	0	0	write_iso_sources /home/kcw2/data/genome_db/GCA_014109665.1
6671	:	1770321328.593	     1.600	0	54	0	0	write_iso_sources /home/kcw2/data/genome_db/GCF_047324285.1
6690	:	1770321328.994	     1.219	0	54	0	0	write_iso_sources /home/kcw2/data/genome_db/GCA_013923405.1
6683	:	1770321328.804	     1.453	0	54	0	0	write_iso_sources /home/kcw2/data/genome_db/GCF_049860615.1
6730	:	1770321330.186	     0.105	0	54	0	0	write_iso_sources /home/kcw2/data/genome_db/GCA_964022855.1
6688	:	1770321328.881	     1.425	0	54	0	0	write_iso_sources /home/kcw2/data/genome_db/GCA_013899605.1
6731	:	1770321330.213	     0.095	0	54	0	0	write_iso_sources /home/kcw2/data/genome_db/GCA_964023065.1
6693	:	1770321329.064	     1.290	0	54	0	0	write_iso_sources /home/kcw2/data/genome_db/GCA_019551055.2
6696	:	1770321329.126	     1.229	0	54	0	0	write_iso_sources /home/kcw2/data/genome_db/GCA_023022905.1
6692	:	1770321329.048	     1.339	0	54	0	0	write_iso_sources /home/kcw2/data/genome_db/GCA_017792185.1
6694	:	1770321329.079	     1.329	0	54	0	0	write_iso_sources /home/kcw2/data/genome_db/GCA_021398675.1
6676	:	1770321328.675	     1.761	0	54	0	0	write_iso_sources /home/kcw2/data/genome_db/GCF_048564965.1
6697	:	1770321329.141	     1.309	0	54	0	0	write_iso_sources /home/kcw2/data/genome_db/GCA_025778715.2
6700	:	1770321329.266	     1.194	0	54	0	0	write_iso_sources /home/kcw2/data/genome_db/GCA_029718485.1
6695	:	1770321329.100	     1.384	0	54	0	0	write_iso_sources /home/kcw2/data/genome_db/GCA_021461875.1
6663	:	1770321328.392	     2.138	0	54	0	0	write_iso_sources /home/kcw2/data/genome_db/GCF_044591655.1
6699	:	1770321329.250	     1.292	0	54	0	0	write_iso_sources /home/kcw2/data/genome_db/GCA_029717725.1
6707	:	1770321329.430	     1.129	0	54	0	0	write_iso_sources /home/kcw2/data/genome_db/GCA_036494085.1
6686	:	1770321328.852	     1.726	0	54	0	0	write_iso_sources /home/kcw2/data/genome_db/GCF_050632255.1
6703	:	1770321329.340	     1.266	0	54	0	0	write_iso_sources /home/kcw2/data/genome_db/GCA_029721135.1
6660	:	1770321328.319	     2.334	0	54	0	0	write_iso_sources /home/kcw2/data/genome_db/GCF_045822005.1
6706	:	1770321329.418	     1.250	0	54	0	0	write_iso_sources /home/kcw2/data/genome_db/GCA_034532375.2
6708	:	1770321329.448	     1.236	0	54	0	0	write_iso_sources /home/kcw2/data/genome_db/GCA_038096095.1
6678	:	1770321328.709	     1.989	0	54	0	0	write_iso_sources /home/kcw2/data/genome_db/GCF_049177125.1
6702	:	1770321329.323	     1.396	0	54	0	0	write_iso_sources /home/kcw2/data/genome_db/GCA_029719685.1
6704	:	1770321329.358	     1.404	0	54	0	0	write_iso_sources /home/kcw2/data/genome_db/GCA_030019735.1
6698	:	1770321329.234	     1.549	0	54	0	0	write_iso_sources /home/kcw2/data/genome_db/GCA_029094425.1
6709	:	1770321329.461	     1.342	0	54	0	0	write_iso_sources /home/kcw2/data/genome_db/GCA_041462845.2
6712	:	1770321329.629	     1.266	0	54	0	0	write_iso_sources /home/kcw2/data/genome_db/GCA_043943785.1
6701	:	1770321329.303	     1.615	0	54	0	0	write_iso_sources /home/kcw2/data/genome_db/GCA_029719045.1
6711	:	1770321329.618	     1.302	0	54	0	0	write_iso_sources /home/kcw2/data/genome_db/GCA_043941915.1
6714	:	1770321329.663	     1.258	0	54	0	0	write_iso_sources /home/kcw2/data/genome_db/GCA_043944205.1
6716	:	1770321329.696	     1.225	0	54	0	0	write_iso_sources /home/kcw2/data/genome_db/GCA_043985715.1
6664	:	1770321328.403	     2.548	0	54	0	0	write_iso_sources /home/kcw2/data/genome_db/GCF_044056785.1
6717	:	1770321329.710	     1.286	0	54	0	0	write_iso_sources /home/kcw2/data/genome_db/GCA_043992505.1
6733	:	1770321330.271	     0.730	0	54	0	0	write_iso_sources /home/kcw2/data/genome_db/GCA_964037615.1
6715	:	1770321329.676	     1.354	0	54	0	0	write_iso_sources /home/kcw2/data/genome_db/GCA_043980385.1
6724	:	1770321329.993	     1.047	0	54	0	0	write_iso_sources /home/kcw2/data/genome_db/GCA_048840115.1
6710	:	1770321329.588	     1.490	0	54	0	0	write_iso_sources /home/kcw2/data/genome_db/GCA_043934405.1
6732	:	1770321330.234	     0.867	0	54	0	0	write_iso_sources /home/kcw2/data/genome_db/GCA_964037005.1
6734	:	1770321330.306	     0.796	0	54	0	0	write_iso_sources /home/kcw2/data/genome_db/GCA_964038045.1
6737	:	1770321330.371	     0.757	0	54	0	0	write_iso_sources /home/kcw2/data/genome_db/GCA_964039755.1
6739	:	1770321330.409	     0.735	0	54	0	0	write_iso_sources /home/kcw2/data/genome_db/GCA_964040935.1
6713	:	1770321329.649	     1.506	0	54	0	0	write_iso_sources /home/kcw2/data/genome_db/GCA_043943995.1
6736	:	1770321330.353	     0.805	0	54	0	0	write_iso_sources /home/kcw2/data/genome_db/GCA_964039255.1
6738	:	1770321330.387	     0.770	0	54	0	0	write_iso_sources /home/kcw2/data/genome_db/GCA_964040295.1
6720	:	1770321329.873	     1.297	0	54	0	0	write_iso_sources /home/kcw2/data/genome_db/GCA_045516025.1
6723	:	1770321329.981	     1.190	0	54	0	0	write_iso_sources /home/kcw2/data/genome_db/GCA_047199215.1
6718	:	1770321329.845	     1.361	0	54	0	0	write_iso_sources /home/kcw2/data/genome_db/GCA_044036055.1
6719	:	1770321329.861	     1.345	0	54	0	0	write_iso_sources /home/kcw2/data/genome_db/GCA_044044935.1
6735	:	1770321330.327	     0.884	0	54	0	0	write_iso_sources /home/kcw2/data/genome_db/GCA_964038765.1
6740	:	1770321330.436	     0.775	0	54	0	0	write_iso_sources /home/kcw2/data/genome_db/GCA_964041395.1
6768	:	1770321331.101	     0.113	0	54	0	0	write_iso_sources /home/kcw2/data/genome_db/GCA_964262655.1
6721	:	1770321329.911	     1.325	0	54	0	0	write_iso_sources /home/kcw2/data/genome_db/GCA_046581035.1
6741	:	1770321330.449	     0.790	0	54	0	0	write_iso_sources /home/kcw2/data/genome_db/GCA_964041885.1
6743	:	1770321330.470	     0.786	0	54	0	0	write_iso_sources /home/kcw2/data/genome_db/GCA_964043155.1
6747	:	1770321330.579	     0.678	0	54	0	0	write_iso_sources /home/kcw2/data/genome_db/GCA_964045665.1
6722	:	1770321329.965	     1.319	0	54	0	0	write_iso_sources /home/kcw2/data/genome_db/GCA_046764295.1
6726	:	1770321330.040	     1.246	0	54	0	0	write_iso_sources /home/kcw2/data/genome_db/GCA_050172315.1
6745	:	1770321330.543	     0.743	0	54	0	0	write_iso_sources /home/kcw2/data/genome_db/GCA_964044485.1
6742	:	1770321330.460	     0.838	0	54	0	0	write_iso_sources /home/kcw2/data/genome_db/GCA_964042555.1
6744	:	1770321330.498	     0.803	0	54	0	0	write_iso_sources /home/kcw2/data/genome_db/GCA_964043845.1
6746	:	1770321330.552	     0.766	0	54	0	0	write_iso_sources /home/kcw2/data/genome_db/GCA_964045065.1
6728	:	1770321330.101	     1.256	0	54	0	0	write_iso_sources /home/kcw2/data/genome_db/GCA_050203805.1
6748	:	1770321330.592	     0.795	0	54	0	0	write_iso_sources /home/kcw2/data/genome_db/GCA_964046235.1
6749	:	1770321330.623	     0.765	0	54	0	0	write_iso_sources /home/kcw2/data/genome_db/GCA_964046755.1
6750	:	1770321330.668	     0.746	0	54	0	0	write_iso_sources /home/kcw2/data/genome_db/GCA_964047285.1
6753	:	1770321330.719	     0.710	0	54	0	0	write_iso_sources /home/kcw2/data/genome_db/GCA_964048765.1
6754	:	1770321330.730	     0.700	0	54	0	0	write_iso_sources /home/kcw2/data/genome_db/GCA_964049415.1
6725	:	1770321330.011	     1.430	0	54	0	0	write_iso_sources /home/kcw2/data/genome_db/GCA_050157235.1
6752	:	1770321330.699	     0.744	0	54	0	0	write_iso_sources /home/kcw2/data/genome_db/GCA_964048255.1
6727	:	1770321330.072	     1.379	0	54	0	0	write_iso_sources /home/kcw2/data/genome_db/GCA_050189425.1
6751	:	1770321330.683	     0.770	0	54	0	0	write_iso_sources /home/kcw2/data/genome_db/GCA_964047815.1
6757	:	1770321330.822	     0.700	0	54	0	0	write_iso_sources /home/kcw2/data/genome_db/GCA_964051045.1
6755	:	1770321330.783	     0.752	0	54	0	0	write_iso_sources /home/kcw2/data/genome_db/GCA_964049825.1
6756	:	1770321330.795	     0.740	0	54	0	0	write_iso_sources /home/kcw2/data/genome_db/GCA_964050455.1
6759	:	1770321330.936	     0.600	0	54	0	0	write_iso_sources /home/kcw2/data/genome_db/GCA_964052095.1
6729	:	1770321330.132	     1.414	0	54	0	0	write_iso_sources /home/kcw2/data/genome_db/GCA_050245465.1
6758	:	1770321330.919	     0.650	0	54	0	0	write_iso_sources /home/kcw2/data/genome_db/GCA_964051615.1
6761	:	1770321330.964	     0.644	0	54	0	0	write_iso_sources /home/kcw2/data/genome_db/GCA_964053235.1
6763	:	1770321330.996	     0.621	0	54	0	0	write_iso_sources /home/kcw2/data/genome_db/GCA_964054435.1
6762	:	1770321330.979	     0.691	0	54	0	0	write_iso_sources /home/kcw2/data/genome_db/GCA_964053865.1
6764	:	1770321331.030	     0.644	0	54	0	0	write_iso_sources /home/kcw2/data/genome_db/GCA_964055125.1
6765	:	1770321331.041	     0.634	0	54	0	0	write_iso_sources /home/kcw2/data/genome_db/GCA_964055995.1
6767	:	1770321331.078	     0.615	0	54	0	0	write_iso_sources /home/kcw2/data/genome_db/GCA_965140565.1
6766	:	1770321331.057	     0.650	0	54	0	0	write_iso_sources /home/kcw2/data/genome_db/GCA_964056425.1
6760	:	1770321330.952	     0.774	0	54	0	0	write_iso_sources /home/kcw2/data/genome_db/GCA_964052625.1
6769	:	1770321331.129	     0.600	0	54	0	0	write_iso_sources /home/kcw2/data/genome_db/GCA_019602895.1
6809	:	1770321331.771	     0.142	0	54	0	0	write_iso_sources /home/kcw2/data/genome_db/GCA_964262275.1
6795	:	1770321331.558	     0.697	0	54	0	0	write_iso_sources /home/kcw2/data/genome_db/GCA_902649775.1
6770	:	1770321331.143	     1.160	0	54	0	0	write_iso_sources /home/kcw2/data/genome_db/GCA_021266485.1
6794	:	1770321331.547	     0.815	0	54	0	0	write_iso_sources /home/kcw2/data/genome_db/GCA_048595795.1
6776	:	1770321331.271	     1.153	0	54	0	0	write_iso_sources /home/kcw2/data/genome_db/GCA_033044015.2
6771	:	1770321331.156	     1.312	0	54	0	0	write_iso_sources /home/kcw2/data/genome_db/GCA_022559105.1
6772	:	1770321331.170	     1.303	0	54	0	0	write_iso_sources /home/kcw2/data/genome_db/GCA_026253445.1
6773	:	1770321331.206	     1.269	0	54	0	0	write_iso_sources /home/kcw2/data/genome_db/GCA_026256365.1
6775	:	1770321331.256	     1.231	0	54	0	0	write_iso_sources /home/kcw2/data/genome_db/GCA_030388125.1
6774	:	1770321331.237	     1.283	0	54	0	0	write_iso_sources /home/kcw2/data/genome_db/GCA_030178695.1
6808	:	1770321331.759	     0.777	0	54	0	0	write_iso_sources /home/kcw2/data/genome_db/GCA_947660395.2
6785	:	1770321331.430	     1.121	0	54	0	0	write_iso_sources /home/kcw2/data/genome_db/GCA_041902995.1
6777	:	1770321331.284	     1.269	0	54	0	0	write_iso_sources /home/kcw2/data/genome_db/GCA_039704455.1
6810	:	1770321331.789	     0.782	0	54	0	0	write_iso_sources /home/kcw2/data/genome_db/GCA_964271335.1
6815	:	1770321331.877	     0.707	0	54	0	0	write_iso_sources /home/kcw2/data/genome_db/GCA_049154365.1
6779	:	1770321331.318	     1.268	0	54	0	0	write_iso_sources /home/kcw2/data/genome_db/GCA_041861555.1
6782	:	1770321331.357	     1.289	0	54	0	0	write_iso_sources /home/kcw2/data/genome_db/GCA_041869875.1
6786	:	1770321331.441	     1.249	0	54	0	0	write_iso_sources /home/kcw2/data/genome_db/GCA_041903255.1
6780	:	1770321331.328	     1.373	0	54	0	0	write_iso_sources /home/kcw2/data/genome_db/GCA_041861815.1
6784	:	1770321331.413	     1.289	0	54	0	0	write_iso_sources /home/kcw2/data/genome_db/GCA_041902495.1
6789	:	1770321331.474	     1.230	0	54	0	0	write_iso_sources /home/kcw2/data/genome_db/GCA_041926615.1
6781	:	1770321331.344	     1.412	0	54	0	0	write_iso_sources /home/kcw2/data/genome_db/GCA_041863045.1
6787	:	1770321331.451	     1.312	0	54	0	0	write_iso_sources /home/kcw2/data/genome_db/GCA_041903545.1
6792	:	1770321331.523	     1.273	0	54	0	0	write_iso_sources /home/kcw2/data/genome_db/GCA_045066915.2
6811	:	1770321331.801	     1.000	0	54	0	0	write_iso_sources /home/kcw2/data/genome_db/GCA_022846595.1
6778	:	1770321331.299	     1.519	0	54	0	0	write_iso_sources /home/kcw2/data/genome_db/GCA_041860775.1
6783	:	1770321331.386	     1.434	0	54	0	0	write_iso_sources /home/kcw2/data/genome_db/GCA_041897565.1
6790	:	1770321331.485	     1.336	0	54	0	0	write_iso_sources /home/kcw2/data/genome_db/GCA_041926855.1
6791	:	1770321331.498	     1.324	0	54	0	0	write_iso_sources /home/kcw2/data/genome_db/GCA_041927125.1
6800	:	1770321331.618	     1.204	0	54	0	0	write_iso_sources /home/kcw2/data/genome_db/GCA_905232885.2
6798	:	1770321331.596	     1.238	0	54	0	0	write_iso_sources /home/kcw2/data/genome_db/GCA_905219235.2
6793	:	1770321331.534	     1.397	0	54	0	0	write_iso_sources /home/kcw2/data/genome_db/GCA_046689025.2
6799	:	1770321331.609	     1.322	0	54	0	0	write_iso_sources /home/kcw2/data/genome_db/GCA_905232565.2
6812	:	1770321331.812	     1.121	0	54	0	0	write_iso_sources /home/kcw2/data/genome_db/GCA_008539015.2
6797	:	1770321331.583	     1.407	0	54	0	0	write_iso_sources /home/kcw2/data/genome_db/GCA_905218965.2
6813	:	1770321331.828	     1.162	0	54	0	0	write_iso_sources /home/kcw2/data/genome_db/GCA_013114875.1
6788	:	1770321331.463	     1.542	0	54	0	0	write_iso_sources /home/kcw2/data/genome_db/GCA_041920865.1
6844	:	1770321332.877	     0.138	0	54	0	0	write_iso_sources /home/kcw2/data/genome_db/GCA_964264605.1
6796	:	1770321331.569	     1.447	0	54	0	0	write_iso_sources /home/kcw2/data/genome_db/GCA_905217745.2
6801	:	1770321331.631	     1.398	0	54	0	0	write_iso_sources /home/kcw2/data/genome_db/GCA_905329545.2
6803	:	1770321331.671	     1.371	0	54	0	0	write_iso_sources /home/kcw2/data/genome_db/GCA_905330375.2
6816	:	1770321331.889	     1.157	0	54	0	0	write_iso_sources /home/kcw2/data/genome_db/GCA_018338915.1
6804	:	1770321331.694	     1.367	0	54	0	0	write_iso_sources /home/kcw2/data/genome_db/GCA_905330725.2
6806	:	1770321331.723	     1.338	0	54	0	0	write_iso_sources /home/kcw2/data/genome_db/GCA_905335485.2
6817	:	1770321331.913	     1.204	0	54	0	0	write_iso_sources /home/kcw2/data/genome_db/GCA_020883995.2
6807	:	1770321331.743	     1.389	0	54	0	0	write_iso_sources /home/kcw2/data/genome_db/GCA_905335805.2
6814	:	1770321331.853	     1.373	0	54	0	0	write_iso_sources /home/kcw2/data/genome_db/GCA_037618855.1
6818	:	1770321331.931	     1.296	0	54	0	0	write_iso_sources /home/kcw2/data/genome_db/GCA_020885295.2
6846	:	1770321332.909	     0.355	0	54	0	0	write_iso_sources /home/kcw2/data/genome_db/GCA_020424365.1
6805	:	1770321331.707	     1.591	0	54	0	0	write_iso_sources /home/kcw2/data/genome_db/GCA_905331235.2
6802	:	1770321331.646	     1.682	0	54	0	0	write_iso_sources /home/kcw2/data/genome_db/GCA_905329805.2
6842	:	1770321332.855	     0.473	0	54	0	0	write_iso_sources /home/kcw2/data/genome_db/GCA_047497015.1
6840	:	1770321332.834	     0.592	0	54	0	0	write_iso_sources /home/kcw2/data/genome_db/GCA_041937485.1
6822	:	1770321332.467	     0.980	0	54	0	0	write_iso_sources /home/kcw2/data/genome_db/GCA_048288485.1
6841	:	1770321332.844	     0.604	0	54	0	0	write_iso_sources /home/kcw2/data/genome_db/GCA_047112275.1
6820	:	1770321332.328	     1.151	0	54	0	0	write_iso_sources /home/kcw2/data/genome_db/GCA_020888745.2
6819	:	1770321332.281	     1.215	0	54	0	0	write_iso_sources /home/kcw2/data/genome_db/GCA_020887235.2
6826	:	1770321332.521	     0.976	0	54	0	0	write_iso_sources /home/kcw2/data/genome_db/GCA_050111025.1
6825	:	1770321332.512	     1.066	0	54	0	0	write_iso_sources /home/kcw2/data/genome_db/GCA_040427555.2
6827	:	1770321332.534	     1.060	0	54	0	0	write_iso_sources /home/kcw2/data/genome_db/GCA_050111235.1
6830	:	1770321332.584	     1.036	0	54	0	0	write_iso_sources /home/kcw2/data/genome_db/GCA_050111905.1
6839	:	1770321332.817	     0.805	0	54	0	0	write_iso_sources /home/kcw2/data/genome_db/GCA_034480405.1
6821	:	1770321332.374	     1.267	0	54	0	0	write_iso_sources /home/kcw2/data/genome_db/GCA_020274125.2
6828	:	1770321332.551	     1.102	0	54	0	0	write_iso_sources /home/kcw2/data/genome_db/GCA_050111455.1
6829	:	1770321332.571	     1.103	0	54	0	0	write_iso_sources /home/kcw2/data/genome_db/GCA_050111695.1
6863	:	1770321333.225	     0.492	0	54	0	0	write_iso_sources /home/kcw2/data/genome_db/GCA_018292245.1
6835	:	1770321332.702	     1.048	0	54	0	0	write_iso_sources /home/kcw2/data/genome_db/GCA_050140015.1
6850	:	1770321332.989	     0.763	0	54	0	0	write_iso_sources /home/kcw2/data/genome_db/GCA_008935575.1
6833	:	1770321332.647	     1.109	0	54	0	0	write_iso_sources /home/kcw2/data/genome_db/GCA_050125595.1
6845	:	1770321332.892	     0.867	0	54	0	0	write_iso_sources /home/kcw2/data/genome_db/GCA_048571235.1
6832	:	1770321332.628	     1.131	0	54	0	0	write_iso_sources /home/kcw2/data/genome_db/GCA_050122295.1
6847	:	1770321332.931	     0.829	0	54	0	0	write_iso_sources /home/kcw2/data/genome_db/GCA_008934275.1
6849	:	1770321332.965	     0.796	0	54	0	0	write_iso_sources /home/kcw2/data/genome_db/GCA_008935155.1
6848	:	1770321332.946	     0.824	0	54	0	0	write_iso_sources /home/kcw2/data/genome_db/GCA_008934695.1
6823	:	1770321332.488	     1.297	0	54	0	0	write_iso_sources /home/kcw2/data/genome_db/GCA_025370015.1
6837	:	1770321332.757	     1.039	0	54	0	0	write_iso_sources /home/kcw2/data/genome_db/GCA_050149475.1
6851	:	1770321333.006	     0.792	0	54	0	0	write_iso_sources /home/kcw2/data/genome_db/GCA_008935995.1
6834	:	1770321332.667	     1.142	0	54	0	0	write_iso_sources /home/kcw2/data/genome_db/GCA_050131575.1
6824	:	1770321332.500	     1.335	0	54	0	0	write_iso_sources /home/kcw2/data/genome_db/GCA_047274105.1
6831	:	1770321332.604	     1.232	0	54	0	0	write_iso_sources /home/kcw2/data/genome_db/GCA_050113755.1
6836	:	1770321332.721	     1.117	0	54	0	0	write_iso_sources /home/kcw2/data/genome_db/GCA_050145215.1
6856	:	1770321333.099	     0.740	0	54	0	0	write_iso_sources /home/kcw2/data/genome_db/GCA_014726655.1
6852	:	1770321333.030	     0.822	0	54	0	0	write_iso_sources /home/kcw2/data/genome_db/GCA_008936415.1
6855	:	1770321333.076	     0.791	0	54	0	0	write_iso_sources /home/kcw2/data/genome_db/GCA_014726235.1
6864	:	1770321333.243	     0.625	0	54	0	0	write_iso_sources /home/kcw2/data/genome_db/GCA_029633245.2
6838	:	1770321332.795	     1.102	0	54	0	0	write_iso_sources /home/kcw2/data/genome_db/GCA_050153625.1
6853	:	1770321333.043	     0.855	0	54	0	0	write_iso_sources /home/kcw2/data/genome_db/GCA_008936835.1
6854	:	1770321333.060	     0.840	0	54	0	0	write_iso_sources /home/kcw2/data/genome_db/GCA_014725575.1
6859	:	1770321333.153	     0.769	0	54	0	0	write_iso_sources /home/kcw2/data/genome_db/GCA_014729535.1
6857	:	1770321333.118	     0.826	0	54	0	0	write_iso_sources /home/kcw2/data/genome_db/GCA_014727115.1
6858	:	1770321333.132	     0.815	0	54	0	0	write_iso_sources /home/kcw2/data/genome_db/GCA_014727555.1
6866	:	1770321333.293	     0.676	0	54	0	0	write_iso_sources /home/kcw2/data/genome_db/GCA_030288435.1
6862	:	1770321333.211	     0.769	0	54	0	0	write_iso_sources /home/kcw2/data/genome_db/GCA_014731815.1
6843	:	1770321332.867	     1.163	0	54	0	0	write_iso_sources /home/kcw2/data/genome_db/GCA_024759045.1
6861	:	1770321333.197	     0.835	0	54	0	0	write_iso_sources /home/kcw2/data/genome_db/GCA_014731145.1
6860	:	1770321333.180	     0.861	0	54	0	0	write_iso_sources /home/kcw2/data/genome_db/GCA_014730695.1
6868	:	1770321333.352	     0.700	0	54	0	0	write_iso_sources /home/kcw2/data/genome_db/GCA_030289275.1
6871	:	1770321333.462	     0.621	0	54	0	0	write_iso_sources /home/kcw2/data/genome_db/GCA_030290535.1
6865	:	1770321333.264	     0.861	0	54	0	0	write_iso_sources /home/kcw2/data/genome_db/GCA_030287905.1
6872	:	1770321333.479	     0.656	0	54	0	0	write_iso_sources /home/kcw2/data/genome_db/GCA_030290955.1
6874	:	1770321333.508	     0.675	0	54	0	0	write_iso_sources /home/kcw2/data/genome_db/GCA_035441005.1
6869	:	1770321333.376	     0.825	0	54	0	0	write_iso_sources /home/kcw2/data/genome_db/GCA_030289695.1
6873	:	1770321333.496	     0.710	0	54	0	0	write_iso_sources /home/kcw2/data/genome_db/GCA_033442405.1
6890	:	1770321333.867	     0.338	0	54	0	0	write_iso_sources /home/kcw2/data/genome_db/GCA_030656935.1
6891	:	1770321333.879	     0.342	0	54	0	0	write_iso_sources /home/kcw2/data/genome_db/GCA_030664805.1
6876	:	1770321333.594	     0.644	0	54	0	0	write_iso_sources /home/kcw2/data/genome_db/GCA_035523595.1
6870	:	1770321333.448	     0.822	0	54	0	0	write_iso_sources /home/kcw2/data/genome_db/GCA_030290115.1
6877	:	1770321333.621	     0.661	0	54	0	0	write_iso_sources /home/kcw2/data/genome_db/GCA_035547075.1
6885	:	1770321333.784	     0.502	0	54	0	0	write_iso_sources /home/kcw2/data/genome_db/GCA_040782895.1
6875	:	1770321333.526	     0.797	0	54	0	0	write_iso_sources /home/kcw2/data/genome_db/GCA_035483175.1
6867	:	1770321333.327	     1.025	0	54	0	0	write_iso_sources /home/kcw2/data/genome_db/GCA_030288855.1
6884	:	1770321333.770	     0.584	0	54	0	0	write_iso_sources /home/kcw2/data/genome_db/GCA_019458035.2
6879	:	1770321333.654	     0.717	0	54	0	0	write_iso_sources /home/kcw2/data/genome_db/GCA_039867635.1
6886	:	1770321333.796	     0.579	0	54	0	0	write_iso_sources /home/kcw2/data/genome_db/GCA_000648525.1
6892	:	1770321333.897	     0.480	0	54	0	0	write_iso_sources /home/kcw2/data/genome_db/GCA_030665225.1
6880	:	1770321333.675	     0.775	0	54	0	0	write_iso_sources /home/kcw2/data/genome_db/GCA_040536925.1
6911	:	1770321334.148	     0.305	0	54	0	0	write_iso_sources /home/kcw2/data/genome_db/GCA_044336565.1
6883	:	1770321333.750	     0.726	0	54	0	0	write_iso_sources /home/kcw2/data/genome_db/GCA_048595695.1
6878	:	1770321333.641	     0.859	0	54	0	0	write_iso_sources /home/kcw2/data/genome_db/GCA_038698265.1
6881	:	1770321333.695	     0.821	0	54	0	0	write_iso_sources /home/kcw2/data/genome_db/GCA_045289135.1
6882	:	1770321333.717	     0.800	0	54	0	0	write_iso_sources /home/kcw2/data/genome_db/GCA_046042535.1
6889	:	1770321333.852	     0.700	0	54	0	0	write_iso_sources /home/kcw2/data/genome_db/GCA_022811465.1
6893	:	1770321333.923	     0.631	0	54	0	0	write_iso_sources /home/kcw2/data/genome_db/GCA_030685855.1
6912	:	1770321334.159	     0.397	0	54	0	0	write_iso_sources /home/kcw2/data/genome_db/GCA_902808935.2
6909	:	1770321334.124	     0.497	0	54	0	0	write_iso_sources /home/kcw2/data/genome_db/GCA_028411555.1
6887	:	1770321333.810	     0.847	0	54	0	0	write_iso_sources /home/kcw2/data/genome_db/GCA_028131375.1
6888	:	1770321333.835	     0.862	0	54	0	0	write_iso_sources /home/kcw2/data/genome_db/GCA_018517145.1
6899	:	1770321334.005	     0.695	0	54	0	0	write_iso_sources /home/kcw2/data/genome_db/GCA_043862125.1
6915	:	1770321334.201	     0.500	0	54	0	0	write_iso_sources /home/kcw2/data/genome_db/GCA_030574415.1
6896	:	1770321333.969	     0.780	0	54	0	0	write_iso_sources /home/kcw2/data/genome_db/GCA_043808275.1
6897	:	1770321333.981	     0.773	0	54	0	0	write_iso_sources /home/kcw2/data/genome_db/GCA_043830155.1
6903	:	1770321334.062	     0.693	0	54	0	0	write_iso_sources /home/kcw2/data/genome_db/GCA_050506785.1
6902	:	1770321334.052	     0.753	0	54	0	0	write_iso_sources /home/kcw2/data/genome_db/GCA_050504565.1
6901	:	1770321334.042	     0.790	0	54	0	0	write_iso_sources /home/kcw2/data/genome_db/GCA_043872555.1
6904	:	1770321334.072	     0.762	0	54	0	0	write_iso_sources /home/kcw2/data/genome_db/GCA_050551555.1
6898	:	1770321333.993	     0.853	0	54	0	0	write_iso_sources /home/kcw2/data/genome_db/GCA_043846445.1
6905	:	1770321334.083	     0.768	0	54	0	0	write_iso_sources /home/kcw2/data/genome_db/GCA_029952375.1
6920	:	1770321334.323	     0.529	0	54	0	0	write_iso_sources /home/kcw2/data/genome_db/GCA_022009915.1
6914	:	1770321334.183	     0.681	0	54	0	0	write_iso_sources /home/kcw2/data/genome_db/GCA_030570075.1
6895	:	1770321333.959	     0.929	0	54	0	0	write_iso_sources /home/kcw2/data/genome_db/GCA_043791835.1
6894	:	1770321333.945	     0.963	0	54	0	0	write_iso_sources /home/kcw2/data/genome_db/GCA_043772835.1
6900	:	1770321334.030	     0.921	0	54	0	0	write_iso_sources /home/kcw2/data/genome_db/GCA_043867625.1
6908	:	1770321334.112	     0.875	0	54	0	0	write_iso_sources /home/kcw2/data/genome_db/GCA_033318965.1
6919	:	1770321334.299	     0.690	0	54	0	0	write_iso_sources /home/kcw2/data/genome_db/GCA_044811145.1
6907	:	1770321334.102	     0.907	0	54	0	0	write_iso_sources /home/kcw2/data/genome_db/GCA_029762395.1
6910	:	1770321334.136	     0.937	0	54	0	0	write_iso_sources /home/kcw2/data/genome_db/GCA_023980805.1
6916	:	1770321334.221	     0.852	0	54	0	0	write_iso_sources /home/kcw2/data/genome_db/GCA_050310105.1
6906	:	1770321334.093	     1.006	0	54	0	0	write_iso_sources /home/kcw2/data/genome_db/GCA_029536795.1
6946	:	1770321334.847	     0.257	0	54	0	0	write_iso_sources /home/kcw2/data/genome_db/GCA_963706585.1
6945	:	1770321334.832	     0.335	0	54	0	0	write_iso_sources /home/kcw2/data/genome_db/GCA_963695335.1
6944	:	1770321334.817	     0.389	0	54	0	0	write_iso_sources /home/kcw2/data/genome_db/GCA_041026415.1
6958	:	1770321335.072	     0.135	0	54	0	0	write_iso_sources /home/kcw2/data/genome_db/GCA_030849365.1
6913	:	1770321334.170	     1.051	0	54	0	0	write_iso_sources /home/kcw2/data/genome_db/GCA_909128855.2
6931	:	1770321334.516	     0.708	0	54	0	0	write_iso_sources /home/kcw2/data/genome_db/GCA_039955055.1
6930	:	1770321334.501	     0.814	0	54	0	0	write_iso_sources /home/kcw2/data/genome_db/GCA_029961705.1
6925	:	1770321334.430	     0.895	0	54	0	0	write_iso_sources /home/kcw2/data/genome_db/GCA_029690085.1
6938	:	1770321334.697	     0.634	0	54	0	0	write_iso_sources /home/kcw2/data/genome_db/GCA_964269965.1
6929	:	1770321334.489	     0.855	0	54	0	0	write_iso_sources /home/kcw2/data/genome_db/GCA_009627055.1
6953	:	1770321334.951	     0.416	0	54	0	0	write_iso_sources /home/kcw2/data/genome_db/GCA_958296285.1
6959	:	1770321335.098	     0.270	0	54	0	0	write_iso_sources /home/kcw2/data/genome_db/GCA_039830065.1
6942	:	1770321334.783	     0.631	0	54	0	0	write_iso_sources /home/kcw2/data/genome_db/GCA_963676695.1
6950	:	1770321334.908	     0.565	0	54	0	0	write_iso_sources /home/kcw2/data/genome_db/GCA_963705335.1
6937	:	1770321334.657	     0.832	0	54	0	0	write_iso_sources /home/kcw2/data/genome_db/GCA_964267365.1
6949	:	1770321334.889	     0.603	0	54	0	0	write_iso_sources /home/kcw2/data/genome_db/GCA_963695355.1
6923	:	1770321334.397	     1.138	0	54	0	0	write_iso_sources /home/kcw2/data/genome_db/GCA_010848705.2
6922	:	1770321334.372	     1.167	0	54	0	0	write_iso_sources /home/kcw2/data/genome_db/GCA_006474385.2
6933	:	1770321334.553	     0.989	0	54	0	0	write_iso_sources /home/kcw2/data/genome_db/GCA_009177165.1
6939	:	1770321334.714	     0.831	0	54	0	0	write_iso_sources /home/kcw2/data/genome_db/GCA_964271395.1
6928	:	1770321334.477	     1.096	0	54	0	0	write_iso_sources /home/kcw2/data/genome_db/GCA_001544735.1
6921	:	1770321334.352	     1.269	0	54	0	0	write_iso_sources /home/kcw2/data/genome_db/GCA_020278765.2
6927	:	1770321334.467	     1.171	0	54	0	0	write_iso_sources /home/kcw2/data/genome_db/GCA_023612615.1
6941	:	1770321334.771	     0.881	0	54	0	0	write_iso_sources /home/kcw2/data/genome_db/GCA_018142025.1
6954	:	1770321334.969	     0.684	0	54	0	0	write_iso_sources /home/kcw2/data/genome_db/GCA_963706215.1
6924	:	1770321334.413	     1.265	0	54	0	0	write_iso_sources /home/kcw2/data/genome_db/GCA_018340275.1
6965	:	1770321335.206	     0.473	0	54	0	0	write_iso_sources /home/kcw2/data/genome_db/GCA_028540885.1
6961	:	1770321335.131	     0.559	0	54	0	0	write_iso_sources /home/kcw2/data/genome_db/GCA_042859375.1
6967	:	1770321335.239	     0.461	0	54	0	0	write_iso_sources /home/kcw2/data/genome_db/GCA_946887995.1
6962	:	1770321335.149	     0.555	0	54	0	0	write_iso_sources /home/kcw2/data/genome_db/GCA_042905385.1
6934	:	1770321334.569	     1.196	0	54	0	0	write_iso_sources /home/kcw2/data/genome_db/GCA_044572055.1
6951	:	1770321334.922	     0.845	0	54	0	0	write_iso_sources /home/kcw2/data/genome_db/GCA_001367555.2
6979	:	1770321335.490	     0.277	0	54	0	0	write_iso_sources /home/kcw2/data/genome_db/GCA_965231055.1
6960	:	1770321335.121	     0.661	0	54	0	0	write_iso_sources /home/kcw2/data/genome_db/GCA_042841075.1
6932	:	1770321334.527	     1.281	0	54	0	0	write_iso_sources /home/kcw2/data/genome_db/GCA_041465645.2
6936	:	1770321334.621	     1.188	0	54	0	0	write_iso_sources /home/kcw2/data/genome_db/GCA_044586005.1
6973	:	1770321335.367	     0.444	0	54	0	0	write_iso_sources /home/kcw2/data/genome_db/GCA_963717405.1
6926	:	1770321334.450	     1.371	0	54	0	0	write_iso_sources /home/kcw2/data/genome_db/GCA_041088805.2
6963	:	1770321335.166	     0.657	0	54	0	0	write_iso_sources /home/kcw2/data/genome_db/GCA_042917235.1
6940	:	1770321334.750	     1.111	0	54	0	0	write_iso_sources /home/kcw2/data/genome_db/GCA_046272105.1
6976	:	1770321335.414	     0.448	0	54	0	0	write_iso_sources /home/kcw2/data/genome_db/GCA_049544845.1
6943	:	1770321334.804	     1.100	0	54	0	0	write_iso_sources /home/kcw2/data/genome_db/GCA_030123625.1
6918	:	1770321334.271	     1.646	0	54	0	0	write_iso_sources /home/kcw2/data/genome_db/GCA_036248335.1
6972	:	1770321335.344	     0.575	0	54	0	0	write_iso_sources /home/kcw2/data/genome_db/GCA_963701125.1
6974	:	1770321335.383	     0.551	0	54	0	0	write_iso_sources /home/kcw2/data/genome_db/GCA_963716335.1
6996	:	1770321335.808	     0.161	0	54	0	0	write_iso_sources /home/kcw2/data/genome_db/GCA_046532255.1
6978	:	1770321335.457	     0.532	0	54	0	0	write_iso_sources /home/kcw2/data/genome_db/GCA_005844065.1
6947	:	1770321334.865	     1.135	0	54	0	0	write_iso_sources /home/kcw2/data/genome_db/GCA_008471245.2
6966	:	1770321335.221	     0.799	0	54	0	0	write_iso_sources /home/kcw2/data/genome_db/GCA_037236975.1
6970	:	1770321335.315	     0.705	0	54	0	0	write_iso_sources /home/kcw2/data/genome_db/GCA_048568505.1
6971	:	1770321335.326	     0.696	0	54	0	0	write_iso_sources /home/kcw2/data/genome_db/GCA_048568735.1
6986	:	1770321335.666	     0.384	0	54	0	0	write_iso_sources /home/kcw2/data/genome_db/GCA_963854055.1
6917	:	1770321334.238	     1.838	0	54	0	0	write_iso_sources /home/kcw2/data/genome_db/GCA_047824265.1
7008	:	1770321336.001	     0.118	0	54	0	0	write_iso_sources /home/kcw2/data/genome_db/GCA_002776675.1
6948	:	1770321334.874	     1.259	0	54	0	0	write_iso_sources /home/kcw2/data/genome_db/GCA_016834975.1
6982	:	1770321335.599	     0.559	0	54	0	0	write_iso_sources /home/kcw2/data/genome_db/GCA_963719405.1
6935	:	1770321334.597	     1.589	0	54	0	0	write_iso_sources /home/kcw2/data/genome_db/GCA_044577955.1
7009	:	1770321336.049	     0.151	0	54	0	0	write_iso_sources /home/kcw2/data/genome_db/GCA_047338575.1
6998	:	1770321335.839	     0.375	0	54	0	0	write_iso_sources /home/kcw2/data/genome_db/GCA_030295365.1
6952	:	1770321334.940	     1.276	0	54	0	0	write_iso_sources /home/kcw2/data/genome_db/GCA_010729545.2
6956	:	1770321335.009	     1.266	0	54	0	0	write_iso_sources /home/kcw2/data/genome_db/GCA_008029255.2
6985	:	1770321335.652	     0.628	0	54	0	0	write_iso_sources /home/kcw2/data/genome_db/GCA_049161195.1
6955	:	1770321334.988	     1.335	0	54	0	0	write_iso_sources /home/kcw2/data/genome_db/GCA_009521555.2
6957	:	1770321335.045	     1.279	0	54	0	0	write_iso_sources /home/kcw2/data/genome_db/GCA_020516365.2
6989	:	1770321335.700	     0.625	0	54	0	0	write_iso_sources /home/kcw2/data/genome_db/GCA_019997285.2
7016	:	1770321336.157	     0.169	0	54	0	0	write_iso_sources /home/kcw2/data/genome_db/GCA_017348975.1
6968	:	1770321335.252	     1.095	0	54	0	0	write_iso_sources /home/kcw2/data/genome_db/GCA_010417285.2
6977	:	1770321335.436	     0.914	0	54	0	0	write_iso_sources /home/kcw2/data/genome_db/GCA_963698025.1
7001	:	1770321335.904	     0.447	0	54	0	0	write_iso_sources /home/kcw2/data/genome_db/GCA_963718565.1
6990	:	1770321335.714	     0.673	0	54	0	0	write_iso_sources /home/kcw2/data/genome_db/GCA_019998185.2
6964	:	1770321335.180	     1.210	0	54	0	0	write_iso_sources /home/kcw2/data/genome_db/GCA_010770995.3
6991	:	1770321335.733	     0.658	0	54	0	0	write_iso_sources /home/kcw2/data/genome_db/GCA_020685785.2
7020	:	1770321336.228	     0.164	0	54	0	0	write_iso_sources /home/kcw2/data/genome_db/GCA_024818655.1
6997	:	1770321335.821	     0.630	0	54	0	0	write_iso_sources /home/kcw2/data/genome_db/GCA_045348575.1
7006	:	1770321335.968	     0.505	0	54	0	0	write_iso_sources /home/kcw2/data/genome_db/GCA_958296115.1
6969	:	1770321335.297	     1.194	0	54	0	0	write_iso_sources /home/kcw2/data/genome_db/GCA_007763575.2
7012	:	1770321336.091	     0.401	0	54	0	0	write_iso_sources /home/kcw2/data/genome_db/GCA_963697945.1
7014	:	1770321336.120	     0.374	0	54	0	0	write_iso_sources /home/kcw2/data/genome_db/GCA_963714025.1
7000	:	1770321335.887	     0.622	0	54	0	0	write_iso_sources /home/kcw2/data/genome_db/GCA_963717455.1
6988	:	1770321335.690	     0.891	0	54	0	0	write_iso_sources /home/kcw2/data/genome_db/GCA_030866665.1
7013	:	1770321336.107	     0.477	0	54	0	0	write_iso_sources /home/kcw2/data/genome_db/GCA_963703235.1
7005	:	1770321335.954	     0.648	0	54	0	0	write_iso_sources /home/kcw2/data/genome_db/GCA_030077605.1
6995	:	1770321335.793	     0.834	0	54	0	0	write_iso_sources /home/kcw2/data/genome_db/GCA_964291685.2
7003	:	1770321335.934	     0.694	0	54	0	0	write_iso_sources /home/kcw2/data/genome_db/GCA_965243635.1
7007	:	1770321335.989	     0.654	0	54	0	0	write_iso_sources /home/kcw2/data/genome_db/GCA_958295915.1
6983	:	1770321335.622	     1.033	0	54	0	0	write_iso_sources /home/kcw2/data/genome_db/GCA_017357605.1
6984	:	1770321335.639	     1.065	0	54	0	0	write_iso_sources /home/kcw2/data/genome_db/GCA_963674765.1
6981	:	1770321335.574	     1.160	0	54	0	0	write_iso_sources /home/kcw2/data/genome_db/GCA_018339035.1
7015	:	1770321336.133	     0.601	0	54	0	0	write_iso_sources /home/kcw2/data/genome_db/GCA_963718625.1
6992	:	1770321335.745	     1.006	0	54	0	0	write_iso_sources /home/kcw2/data/genome_db/GCA_007232625.2
7021	:	1770321336.247	     0.505	0	54	0	0	write_iso_sources /home/kcw2/data/genome_db/GCA_963716535.1
6975	:	1770321335.395	     1.420	0	54	0	0	write_iso_sources /home/kcw2/data/genome_db/GCA_036324625.1
7026	:	1770321336.348	     0.477	0	54	0	0	write_iso_sources /home/kcw2/data/genome_db/GCA_963675845.1
7010	:	1770321336.062	     0.776	0	54	0	0	write_iso_sources /home/kcw2/data/genome_db/GCA_032229345.1
6994	:	1770321335.781	     1.086	0	54	0	0	write_iso_sources /home/kcw2/data/genome_db/GCA_050711865.1
7027	:	1770321336.368	     0.500	0	54	0	0	write_iso_sources /home/kcw2/data/genome_db/GCA_021654435.1
7034	:	1770321336.509	     0.359	0	54	0	0	write_iso_sources /home/kcw2/data/genome_db/GCA_013467635.1
7042	:	1770321336.643	     0.248	0	54	0	0	write_iso_sources /home/kcw2/data/genome_db/GCA_041941765.1
6993	:	1770321335.765	     1.250	0	54	0	0	write_iso_sources /home/kcw2/data/genome_db/GCA_049990415.1
7037	:	1770321336.549	     0.484	0	54	0	0	write_iso_sources /home/kcw2/data/genome_db/GCA_965178585.1
7031	:	1770321336.452	     0.601	0	54	0	0	write_iso_sources /home/kcw2/data/genome_db/GCA_001267235.1
7041	:	1770321336.627	     0.457	0	54	0	0	write_iso_sources /home/kcw2/data/genome_db/GCA_965215135.1
7039	:	1770321336.581	     0.523	0	54	0	0	write_iso_sources /home/kcw2/data/genome_db/GCA_965229295.1
7059	:	1770321336.936	     0.169	0	54	0	0	write_iso_sources /home/kcw2/data/genome_db/GCA_002135175.2
7018	:	1770321336.201	     0.917	0	54	0	0	write_iso_sources /home/kcw2/data/genome_db/GCA_963422625.1
7002	:	1770321335.916	     1.214	0	54	0	0	write_iso_sources /home/kcw2/data/genome_db/GCA_008918865.2
7004	:	1770321335.943	     1.199	0	54	0	0	write_iso_sources /home/kcw2/data/genome_db/GCA_030284545.1
7023	:	1770321336.275	     0.868	0	54	0	0	write_iso_sources /home/kcw2/data/genome_db/GCA_963676145.1
7028	:	1770321336.387	     0.773	0	54	0	0	write_iso_sources /home/kcw2/data/genome_db/GCA_964291485.2
7038	:	1770321336.561	     0.615	0	54	0	0	write_iso_sources /home/kcw2/data/genome_db/GCA_965216195.1
7030	:	1770321336.424	     0.772	0	54	0	0	write_iso_sources /home/kcw2/data/genome_db/GCA_963699315.1
7033	:	1770321336.491	     0.707	0	54	0	0	write_iso_sources /home/kcw2/data/genome_db/GCA_965222175.1
7044	:	1770321336.679	     0.521	0	54	0	0	write_iso_sources /home/kcw2/data/genome_db/GCA_001765415.1
7053	:	1770321336.839	     0.361	0	54	0	0	write_iso_sources /home/kcw2/data/genome_db/GCA_965203085.1
7036	:	1770321336.536	     0.707	0	54	0	0	write_iso_sources /home/kcw2/data/genome_db/GCA_965218795.1
7025	:	1770321336.323	     0.944	0	54	0	0	write_iso_sources /home/kcw2/data/genome_db/GCA_000492175.2
7047	:	1770321336.751	     0.516	0	54	0	0	write_iso_sources /home/kcw2/data/genome_db/GCA_025268635.1
7035	:	1770321336.520	     0.765	0	54	0	0	write_iso_sources /home/kcw2/data/genome_db/GCA_963669175.1
6987	:	1770321335.678	     1.621	0	54	0	0	write_iso_sources /home/kcw2/data/genome_db/GCA_024758885.1
7040	:	1770321336.602	     0.707	0	54	0	0	write_iso_sources /home/kcw2/data/genome_db/GCA_963691775.1
7049	:	1770321336.782	     0.529	0	54	0	0	write_iso_sources /home/kcw2/data/genome_db/GCA_965201115.1
7022	:	1770321336.262	     1.076	0	54	0	0	write_iso_sources /home/kcw2/data/genome_db/GCA_018338255.1
7048	:	1770321336.769	     0.570	0	54	0	0	write_iso_sources /home/kcw2/data/genome_db/GCA_963665695.1
7055	:	1770321336.866	     0.473	0	54	0	0	write_iso_sources /home/kcw2/data/genome_db/GCA_965229565.1
7019	:	1770321336.214	     1.154	0	54	0	0	write_iso_sources /home/kcw2/data/genome_db/GCA_018340135.1
7050	:	1770321336.794	     0.575	0	54	0	0	write_iso_sources /home/kcw2/data/genome_db/GCA_965220825.1
6980	:	1770321335.535	     1.845	0	54	0	0	write_iso_sources /home/kcw2/data/genome_db/GCA_047758355.1
7017	:	1770321336.186	     1.194	0	54	0	0	write_iso_sources /home/kcw2/data/genome_db/GCA_000486525.2
7065	:	1770321337.067	     0.315	0	54	0	0	write_iso_sources /home/kcw2/data/genome_db/GCA_016699465.1
7032	:	1770321336.473	     0.937	0	54	0	0	write_iso_sources /home/kcw2/data/genome_db/GCA_964360455.1
6999	:	1770321335.862	     1.627	0	54	0	0	write_iso_sources /home/kcw2/data/genome_db/GCA_023639195.1
7024	:	1770321336.299	     1.204	0	54	0	0	write_iso_sources /home/kcw2/data/genome_db/GCA_018338695.1
7061	:	1770321336.966	     0.556	0	54	0	0	write_iso_sources /home/kcw2/data/genome_db/GCA_965218465.1
7062	:	1770321336.995	     0.530	0	54	0	0	write_iso_sources /home/kcw2/data/genome_db/GCA_016864895.1
7043	:	1770321336.656	     0.887	0	54	0	0	write_iso_sources /home/kcw2/data/genome_db/GCA_025758065.1
7046	:	1770321336.733	     0.810	0	54	0	0	write_iso_sources /home/kcw2/data/genome_db/GCA_044093855.1
7070	:	1770321337.143	     0.402	0	54	0	0	write_iso_sources /home/kcw2/data/genome_db/GCA_965115955.1
7045	:	1770321336.703	     0.856	0	54	0	0	write_iso_sources /home/kcw2/data/genome_db/GCA_964291635.2
7073	:	1770321337.196	     0.365	0	54	0	0	write_iso_sources /home/kcw2/data/genome_db/GCA_965204885.1
7052	:	1770321336.825	     0.748	0	54	0	0	write_iso_sources /home/kcw2/data/genome_db/GCA_963664945.1
7060	:	1770321336.950	     0.628	0	54	0	0	write_iso_sources /home/kcw2/data/genome_db/GCA_965198905.1
7066	:	1770321337.083	     0.496	0	54	0	0	write_iso_sources /home/kcw2/data/genome_db/GCA_965116855.1
7064	:	1770321337.053	     0.551	0	54	0	0	write_iso_sources /home/kcw2/data/genome_db/GCA_965222085.1
7076	:	1770321337.243	     0.362	0	54	0	0	write_iso_sources /home/kcw2/data/genome_db/GCA_965221625.1
7068	:	1770321337.117	     0.503	0	54	0	0	write_iso_sources /home/kcw2/data/genome_db/GCA_963422635.1
7069	:	1770321337.129	     0.493	0	54	0	0	write_iso_sources /home/kcw2/data/genome_db/GCA_963666125.1
7071	:	1770321337.160	     0.463	0	54	0	0	write_iso_sources /home/kcw2/data/genome_db/GCA_965197415.1
7067	:	1770321337.104	     0.523	0	54	0	0	write_iso_sources /home/kcw2/data/genome_db/GCA_965220135.1
7011	:	1770321336.076	     1.552	0	54	0	0	write_iso_sources /home/kcw2/data/genome_db/GCA_026000695.2
7080	:	1770321337.309	     0.342	0	54	0	0	write_iso_sources /home/kcw2/data/genome_db/GCA_963663215.1
7029	:	1770321336.409	     1.256	0	54	0	0	write_iso_sources /home/kcw2/data/genome_db/GCA_010612865.2
7057	:	1770321336.902	     0.796	0	54	0	0	write_iso_sources /home/kcw2/data/genome_db/GCA_040112665.1
7054	:	1770321336.852	     0.871	0	54	0	0	write_iso_sources /home/kcw2/data/genome_db/GCA_965216305.1
7094	:	1770321337.504	     0.222	0	54	0	0	write_iso_sources /home/kcw2/data/genome_db/GCA_023898665.1
7072	:	1770321337.176	     0.563	0	54	0	0	write_iso_sources /home/kcw2/data/genome_db/GCA_965202885.1
7075	:	1770321337.224	     0.539	0	54	0	0	write_iso_sources /home/kcw2/data/genome_db/GCA_965219085.1
7077	:	1770321337.267	     0.499	0	54	0	0	write_iso_sources /home/kcw2/data/genome_db/GCA_965247485.1
7091	:	1770321337.456	     0.310	0	54	0	0	write_iso_sources /home/kcw2/data/genome_db/GCA_965231215.1
7051	:	1770321336.814	     0.975	0	54	0	0	write_iso_sources /home/kcw2/data/genome_db/GCA_965243135.1
7078	:	1770321337.284	     0.518	0	54	0	0	write_iso_sources /home/kcw2/data/genome_db/GCA_965249675.1
7086	:	1770321337.380	     0.422	0	54	0	0	write_iso_sources /home/kcw2/data/genome_db/GCA_963668485.1
7100	:	1770321337.604	     0.199	0	54	0	0	write_iso_sources /home/kcw2/data/genome_db/GCA_965267345.1
7074	:	1770321337.212	     0.607	0	54	0	0	write_iso_sources /home/kcw2/data/genome_db/GCA_965208995.1
7088	:	1770321337.409	     0.420	0	54	0	0	write_iso_sources /home/kcw2/data/genome_db/GCA_016699755.1
7096	:	1770321337.542	     0.289	0	54	0	0	write_iso_sources /home/kcw2/data/genome_db/GCA_965116175.1
7079	:	1770321337.298	     0.564	0	54	0	0	write_iso_sources /home/kcw2/data/genome_db/GCA_958295535.1
7082	:	1770321337.338	     0.526	0	54	0	0	write_iso_sources /home/kcw2/data/genome_db/GCA_964291315.2
7089	:	1770321337.425	     0.440	0	54	0	0	write_iso_sources /home/kcw2/data/genome_db/GCA_963662685.1
7087	:	1770321337.395	     0.508	0	54	0	0	write_iso_sources /home/kcw2/data/genome_db/GCA_965229345.1
7083	:	1770321337.351	     0.622	0	54	0	0	write_iso_sources /home/kcw2/data/genome_db/GCA_965215265.1
7106	:	1770321337.698	     0.278	0	54	0	0	write_iso_sources /home/kcw2/data/genome_db/GCA_030583685.1
7058	:	1770321336.921	     1.071	0	54	0	0	write_iso_sources /home/kcw2/data/genome_db/GCA_965249925.1
7102	:	1770321337.652	     0.374	0	54	0	0	write_iso_sources /home/kcw2/data/genome_db/GCA_963682045.1
7111	:	1770321337.789	     0.240	0	54	0	0	write_iso_sources /home/kcw2/data/genome_db/GCA_965217875.1
7090	:	1770321337.442	     0.615	0	54	0	0	write_iso_sources /home/kcw2/data/genome_db/GCA_963678785.1
7063	:	1770321337.015	     1.051	0	54	0	0	write_iso_sources /home/kcw2/data/genome_db/GCA_011302515.1
7104	:	1770321337.676	     0.402	0	54	0	0	write_iso_sources /home/kcw2/data/genome_db/GCA_965204615.1
7097	:	1770321337.559	     0.532	0	54	0	0	write_iso_sources /home/kcw2/data/genome_db/GCA_965267555.1
7110	:	1770321337.777	     0.315	0	54	0	0	write_iso_sources /home/kcw2/data/genome_db/GCA_963667625.1
7093	:	1770321337.481	     0.625	0	54	0	0	write_iso_sources /home/kcw2/data/genome_db/GCA_963692885.1
7056	:	1770321336.891	     1.259	0	54	0	0	write_iso_sources /home/kcw2/data/genome_db/GCA_963701675.1
7125	:	1770321338.026	     0.125	0	54	0	0	write_iso_sources /home/kcw2/data/genome_db/GCA_015134375.1
7126	:	1770321338.048	     0.102	0	54	0	0	write_iso_sources /home/kcw2/data/genome_db/GCA_036689365.1
7127	:	1770321338.057	     0.107	0	54	0	0	write_iso_sources /home/kcw2/data/genome_db/GCA_036884335.1
7085	:	1770321337.369	     0.821	0	54	0	0	write_iso_sources /home/kcw2/data/genome_db/GCA_964291325.2
7113	:	1770321337.818	     0.398	0	54	0	0	write_iso_sources /home/kcw2/data/genome_db/GCA_018622675.1
7098	:	1770321337.574	     0.659	0	54	0	0	write_iso_sources /home/kcw2/data/genome_db/GCA_965204745.1
7116	:	1770321337.862	     0.381	0	54	0	0	write_iso_sources /home/kcw2/data/genome_db/GCA_963931035.1
7101	:	1770321337.621	     0.634	0	54	0	0	write_iso_sources /home/kcw2/data/genome_db/GCA_963677595.1
7120	:	1770321337.935	     0.321	0	54	0	0	write_iso_sources /home/kcw2/data/genome_db/GCA_965231145.1
7109	:	1770321337.764	     0.505	0	54	0	0	write_iso_sources /home/kcw2/data/genome_db/GCA_965214285.1
7107	:	1770321337.724	     0.587	0	54	0	0	write_iso_sources /home/kcw2/data/genome_db/GCA_965278925.1
7108	:	1770321337.739	     0.575	0	54	0	0	write_iso_sources /home/kcw2/data/genome_db/GCA_965116195.1
7112	:	1770321337.801	     0.514	0	54	0	0	write_iso_sources /home/kcw2/data/genome_db/GCA_963668535.1
7117	:	1770321337.892	     0.424	0	54	0	0	write_iso_sources /home/kcw2/data/genome_db/GCA_965222275.1
7092	:	1770321337.469	     0.873	0	54	0	0	write_iso_sources /home/kcw2/data/genome_db/GCA_965234645.1
7099	:	1770321337.591	     0.753	0	54	0	0	write_iso_sources /home/kcw2/data/genome_db/GCA_965222605.1
7123	:	1770321337.992	     0.352	0	54	0	0	write_iso_sources /home/kcw2/data/genome_db/GCA_965268225.1
7095	:	1770321337.523	     0.834	0	54	0	0	write_iso_sources /home/kcw2/data/genome_db/GCA_015709575.1
7084	:	1770321337.360	     1.002	0	54	0	0	write_iso_sources /home/kcw2/data/genome_db/GCA_963669375.1
7121	:	1770321337.952	     0.411	0	54	0	0	write_iso_sources /home/kcw2/data/genome_db/GCA_965267625.1
7119	:	1770321337.918	     0.454	0	54	0	0	write_iso_sources /home/kcw2/data/genome_db/GCA_963666535.1
7105	:	1770321337.686	     0.705	0	54	0	0	write_iso_sources /home/kcw2/data/genome_db/GCA_965262675.1
7114	:	1770321337.829	     0.563	0	54	0	0	write_iso_sources /home/kcw2/data/genome_db/GCA_025757825.1
7081	:	1770321337.322	     1.072	0	54	0	0	write_iso_sources /home/kcw2/data/genome_db/GCA_016350165.1
7118	:	1770321337.903	     0.491	0	54	0	0	write_iso_sources /home/kcw2/data/genome_db/GCA_965215685.1
7135	:	1770321338.164	     0.230	0	54	0	0	write_iso_sources /home/kcw2/data/genome_db/GCA_025999395.1
7115	:	1770321337.844	     0.582	0	54	0	0	write_iso_sources /home/kcw2/data/genome_db/GCA_965219915.1
7122	:	1770321337.974	     0.454	0	54	0	0	write_iso_sources /home/kcw2/data/genome_db/GCA_965267855.1
7132	:	1770321338.121	     0.317	0	54	0	0	write_iso_sources /home/kcw2/data/genome_db/GCA_020002265.1
7139	:	1770321338.217	     0.266	0	54	0	0	write_iso_sources /home/kcw2/data/genome_db/GCA_965219965.1
7137	:	1770321338.190	     0.315	0	54	0	0	write_iso_sources /home/kcw2/data/genome_db/GCA_042995305.1
7103	:	1770321337.665	     0.850	0	54	0	0	write_iso_sources /home/kcw2/data/genome_db/GCA_002886105.1
7124	:	1770321338.003	     0.563	0	54	0	0	write_iso_sources /home/kcw2/data/genome_db/GCA_013138205.1
7129	:	1770321338.078	     0.490	0	54	0	0	write_iso_sources /home/kcw2/data/genome_db/GCA_963667005.1
7134	:	1770321338.149	     0.421	0	54	0	0	write_iso_sources /home/kcw2/data/genome_db/GCA_958296095.1
7138	:	1770321338.202	     0.368	0	54	0	0	write_iso_sources /home/kcw2/data/genome_db/GCA_963663415.1
7130	:	1770321338.092	     0.522	0	54	0	0	write_iso_sources /home/kcw2/data/genome_db/GCA_965277535.1
7142	:	1770321338.255	     0.359	0	54	0	0	write_iso_sources /home/kcw2/data/genome_db/GCA_963931135.1
7140	:	1770321338.232	     0.394	0	54	0	0	write_iso_sources /home/kcw2/data/genome_db/GCA_949788275.1
7143	:	1770321338.269	     0.378	0	54	0	0	write_iso_sources /home/kcw2/data/genome_db/GCA_963931025.1
7136	:	1770321338.178	     0.498	0	54	0	0	write_iso_sources /home/kcw2/data/genome_db/GCA_025808375.1
7128	:	1770321338.067	     0.614	0	54	0	0	write_iso_sources /home/kcw2/data/genome_db/GCA_965204025.1
7131	:	1770321338.105	     0.625	0	54	0	0	write_iso_sources /home/kcw2/data/genome_db/GCA_965140815.1
7145	:	1770321338.330	     0.403	0	54	0	0	write_iso_sources /home/kcw2/data/genome_db/GCA_965222335.1
7157	:	1770321338.505	     0.228	0	54	0	0	write_iso_sources /home/kcw2/data/genome_db/GCA_026684195.1
7161	:	1770321338.567	     0.205	0	54	0	0	write_iso_sources /home/kcw2/data/genome_db/GCA_965116525.1
7150	:	1770321338.411	     0.418	0	54	0	0	write_iso_sources /home/kcw2/data/genome_db/GCA_965203865.1
7166	:	1770321338.627	     0.204	0	54	0	0	write_iso_sources /home/kcw2/data/genome_db/GCA_964026485.1
7158	:	1770321338.514	     0.343	0	54	0	0	write_iso_sources /home/kcw2/data/genome_db/GCA_965115905.1
7170	:	1770321338.676	     0.182	0	54	0	0	write_iso_sources /home/kcw2/data/genome_db/GCA_039829955.1
7148	:	1770321338.372	     0.508	0	54	0	0	write_iso_sources /home/kcw2/data/genome_db/GCA_965202975.1
7162	:	1770321338.582	     0.391	0	54	0	0	write_iso_sources /home/kcw2/data/genome_db/GCA_963703255.1
7147	:	1770321338.357	     0.629	0	54	0	0	write_iso_sources /home/kcw2/data/genome_db/GCA_965242835.1
7159	:	1770321338.531	     0.457	0	54	0	0	write_iso_sources /home/kcw2/data/genome_db/GCA_963678385.1
7149	:	1770321338.391	     0.598	0	54	0	0	write_iso_sources /home/kcw2/data/genome_db/GCA_965227535.1
7152	:	1770321338.439	     0.585	0	54	0	0	write_iso_sources /home/kcw2/data/genome_db/GCA_023168365.1
7164	:	1770321338.602	     0.423	0	54	0	0	write_iso_sources /home/kcw2/data/genome_db/GCA_030979935.1
7175	:	1770321338.757	     0.269	0	54	0	0	write_iso_sources /home/kcw2/data/genome_db/GCA_965223735.1
7160	:	1770321338.546	     0.496	0	54	0	0	write_iso_sources /home/kcw2/data/genome_db/GCA_965204235.1
7179	:	1770321338.830	     0.215	0	54	0	0	write_iso_sources /home/kcw2/data/genome_db/GCA_027943885.1
7176	:	1770321338.772	     0.296	0	54	0	0	write_iso_sources /home/kcw2/data/genome_db/GCA_965212125.1
7144	:	1770321338.310	     0.797	0	54	0	0	write_iso_sources /home/kcw2/data/genome_db/GCA_025141835.1
7141	:	1770321338.243	     0.876	0	54	0	0	write_iso_sources /home/kcw2/data/genome_db/GCA_019977415.1
7168	:	1770321338.648	     0.487	0	54	0	0	write_iso_sources /home/kcw2/data/genome_db/GCA_965224515.1
7146	:	1770321338.342	     0.839	0	54	0	0	write_iso_sources /home/kcw2/data/genome_db/GCA_021555105.2
7167	:	1770321338.639	     0.544	0	54	0	0	write_iso_sources /home/kcw2/data/genome_db/GCA_965207825.1
7172	:	1770321338.717	     0.481	0	54	0	0	write_iso_sources /home/kcw2/data/genome_db/GCA_965223075.1
7155	:	1770321338.483	     0.754	0	54	0	0	write_iso_sources /home/kcw2/data/genome_db/GCA_022828425.1
7171	:	1770321338.700	     0.542	0	54	0	0	write_iso_sources /home/kcw2/data/genome_db/GCA_965221185.1
7177	:	1770321338.800	     0.443	0	54	0	0	write_iso_sources /home/kcw2/data/genome_db/GCA_963711625.1
7187	:	1770321338.960	     0.283	0	54	0	0	write_iso_sources /home/kcw2/data/genome_db/GCF_020865525.1
7153	:	1770321338.453	     0.804	0	54	0	0	write_iso_sources /home/kcw2/data/genome_db/GCA_024072395.1
7173	:	1770321338.731	     0.528	0	54	0	0	write_iso_sources /home/kcw2/data/genome_db/GCA_965200185.1
7186	:	1770321338.948	     0.381	0	54	0	0	write_iso_sources /home/kcw2/data/genome_db/GCF_024662195.1
7189	:	1770321338.986	     0.345	0	54	0	0	write_iso_sources /home/kcw2/data/genome_db/GCF_023016445.1
7154	:	1770321338.469	     0.888	0	54	0	0	write_iso_sources /home/kcw2/data/genome_db/GCA_038593045.1
7174	:	1770321338.744	     0.646	0	54	0	0	write_iso_sources /home/kcw2/data/genome_db/GCA_965216695.1
7169	:	1770321338.660	     0.777	0	54	0	0	write_iso_sources /home/kcw2/data/genome_db/GCA_029972135.1
7151	:	1770321338.427	     1.011	0	54	0	0	write_iso_sources /home/kcw2/data/genome_db/GCA_040581675.1
7165	:	1770321338.613	     0.890	0	54	0	0	write_iso_sources /home/kcw2/data/genome_db/GCA_031222025.1
7180	:	1770321338.857	     0.646	0	54	0	0	write_iso_sources /home/kcw2/data/genome_db/GCA_047730155.1
7193	:	1770321339.062	     0.480	0	54	0	0	write_iso_sources /home/kcw2/data/genome_db/GCF_009649055.1
7194	:	1770321339.083	     0.460	0	54	0	0	write_iso_sources /home/kcw2/data/genome_db/GCF_019967875.1
7195	:	1770321339.107	     0.484	0	54	0	0	write_iso_sources /home/kcw2/data/genome_db/GCF_033097205.1
7178	:	1770321338.817	     0.794	0	54	0	0	write_iso_sources /home/kcw2/data/genome_db/GCA_039995105.1
7197	:	1770321339.136	     0.481	0	54	0	0	write_iso_sources /home/kcw2/data/genome_db/GCF_001506365.1
7198	:	1770321339.147	     0.470	0	54	0	0	write_iso_sources /home/kcw2/data/genome_db/GCF_001506785.1
7200	:	1770321339.172	     0.465	0	54	0	0	write_iso_sources /home/kcw2/data/genome_db/GCF_002209025.1
7182	:	1770321338.880	     0.775	0	54	0	0	write_iso_sources /home/kcw2/data/genome_db/GCA_047495445.1
7196	:	1770321339.120	     0.538	0	54	0	0	write_iso_sources /home/kcw2/data/genome_db/GCF_963575785.1
7199	:	1770321339.163	     0.521	0	54	0	0	write_iso_sources /home/kcw2/data/genome_db/GCF_001507205.1
7133	:	1770321338.132	     1.555	0	54	0	0	write_iso_sources /home/kcw2/data/genome_db/GCA_038087005.1
7201	:	1770321339.182	     0.506	0	54	0	0	write_iso_sources /home/kcw2/data/genome_db/GCF_003368185.1
7188	:	1770321338.973	     0.740	0	54	0	0	write_iso_sources /home/kcw2/data/genome_db/GCF_025905525.1
7202	:	1770321339.199	     0.568	0	54	0	0	write_iso_sources /home/kcw2/data/genome_db/GCF_012225685.1
7204	:	1770321339.238	     0.534	0	54	0	0	write_iso_sources /home/kcw2/data/genome_db/GCF_020718705.1
7205	:	1770321339.257	     0.516	0	54	0	0	write_iso_sources /home/kcw2/data/genome_db/GCF_025152605.1
7203	:	1770321339.216	     0.572	0	54	0	0	write_iso_sources /home/kcw2/data/genome_db/GCF_017356685.1
7208	:	1770321339.306	     0.484	0	54	0	0	write_iso_sources /home/kcw2/data/genome_db/GCF_033096985.1
7163	:	1770321338.590	     1.240	0	54	0	0	write_iso_sources /home/kcw2/data/genome_db/GCA_030012805.1
7207	:	1770321339.282	     0.549	0	54	0	0	write_iso_sources /home/kcw2/data/genome_db/GCF_031676455.1
7210	:	1770321339.330	     0.502	0	54	0	0	write_iso_sources /home/kcw2/data/genome_db/GCF_037606335.1
7206	:	1770321339.271	     0.573	0	54	0	0	write_iso_sources /home/kcw2/data/genome_db/GCF_025790865.1
7211	:	1770321339.344	     0.500	0	54	0	0	write_iso_sources /home/kcw2/data/genome_db/GCF_037668675.1
7213	:	1770321339.379	     0.467	0	54	0	0	write_iso_sources /home/kcw2/data/genome_db/GCF_040529075.1
7216	:	1770321339.421	     0.424	0	54	0	0	write_iso_sources /home/kcw2/data/genome_db/GCF_001017575.1
7209	:	1770321339.320	     0.552	0	54	0	0	write_iso_sources /home/kcw2/data/genome_db/GCF_033129345.1
7212	:	1770321339.358	     0.516	0	54	0	0	write_iso_sources /home/kcw2/data/genome_db/GCF_037707025.1
7191	:	1770321339.023	     0.862	0	54	0	0	write_iso_sources /home/kcw2/data/genome_db/GCF_018402805.1
7215	:	1770321339.404	     0.513	0	54	0	0	write_iso_sources /home/kcw2/data/genome_db/GCF_949282055.1
7218	:	1770321339.453	     0.464	0	54	0	0	write_iso_sources /home/kcw2/data/genome_db/GCF_001653475.1
7222	:	1770321339.542	     0.376	0	54	0	0	write_iso_sources /home/kcw2/data/genome_db/GCF_011462915.1
7214	:	1770321339.390	     0.548	0	54	0	0	write_iso_sources /home/kcw2/data/genome_db/GCF_045689445.1
7217	:	1770321339.437	     0.503	0	54	0	0	write_iso_sources /home/kcw2/data/genome_db/GCF_024705495.2
7219	:	1770321339.470	     0.490	0	54	0	0	write_iso_sources /home/kcw2/data/genome_db/GCF_003636855.2
7183	:	1770321338.894	     1.092	0	54	0	0	write_iso_sources /home/kcw2/data/genome_db/GCA_049665575.1
7221	:	1770321339.520	     0.469	0	54	0	0	write_iso_sources /home/kcw2/data/genome_db/GCF_008326525.1
7223	:	1770321339.564	     0.435	0	54	0	0	write_iso_sources /home/kcw2/data/genome_db/GCF_016749575.1
7224	:	1770321339.574	     0.437	0	54	0	0	write_iso_sources /home/kcw2/data/genome_db/GCF_017821475.1
7220	:	1770321339.503	     0.519	0	54	0	0	write_iso_sources /home/kcw2/data/genome_db/GCF_006337745.1
7225	:	1770321339.591	     0.432	0	54	0	0	write_iso_sources /home/kcw2/data/genome_db/GCF_022014635.1
7226	:	1770321339.611	     0.441	0	54	0	0	write_iso_sources /home/kcw2/data/genome_db/GCF_022921915.1
7229	:	1770321339.670	     0.398	0	54	0	0	write_iso_sources /home/kcw2/data/genome_db/GCF_022925675.1
7228	:	1770321339.656	     0.430	0	54	0	0	write_iso_sources /home/kcw2/data/genome_db/GCF_022924395.1
7185	:	1770321338.931	     1.171	0	54	0	0	write_iso_sources /home/kcw2/data/genome_db/GCF_023617245.1
7227	:	1770321339.636	     0.493	0	54	0	0	write_iso_sources /home/kcw2/data/genome_db/GCF_022923115.1
7231	:	1770321339.702	     0.428	0	54	0	0	write_iso_sources /home/kcw2/data/genome_db/GCF_041877095.1
7230	:	1770321339.685	     0.466	0	54	0	0	write_iso_sources /home/kcw2/data/genome_db/GCF_030323425.1
7190	:	1770321339.000	     1.151	0	54	0	0	write_iso_sources /home/kcw2/data/genome_db/GCF_022343765.1
7232	:	1770321339.713	     0.546	0	54	0	0	write_iso_sources /home/kcw2/data/genome_db/GCF_003574195.1
7240	:	1770321339.858	     0.555	0	54	0	0	write_iso_sources /home/kcw2/data/genome_db/GCF_022846355.1
7181	:	1770321338.869	     1.565	0	54	0	0	write_iso_sources /home/kcw2/data/genome_db/GCA_000708695.3
7156	:	1770321338.494	     1.970	0	54	0	0	write_iso_sources /home/kcw2/data/genome_db/GCA_036013505.1
7233	:	1770321339.734	     0.758	0	54	0	0	write_iso_sources /home/kcw2/data/genome_db/GCF_016107505.1
7234	:	1770321339.767	     0.746	0	54	0	0	write_iso_sources /home/kcw2/data/genome_db/GCF_030761815.1
7192	:	1770321339.043	     1.588	0	54	0	0	write_iso_sources /home/kcw2/data/genome_db/GCF_022023855.1
7235	:	1770321339.789	     0.909	0	54	0	0	write_iso_sources /home/kcw2/data/genome_db/GCF_030762255.1
7236	:	1770321339.802	     0.921	0	54	0	0	write_iso_sources /home/kcw2/data/genome_db/GCF_900475375.1
7184	:	1770321338.911	     2.007	0	54	0	0	write_iso_sources /home/kcw2/data/genome_db/GCF_006402015.1
7237	:	1770321339.811	     1.184	0	54	0	0	write_iso_sources /home/kcw2/data/genome_db/GCF_050595865.1
7239	:	1770321339.844	     1.184	0	54	0	0	write_iso_sources /home/kcw2/data/genome_db/GCF_004063735.1
7238	:	1770321339.830	     1.300	0	54	0	0	write_iso_sources /home/kcw2/data/genome_db/GCF_044500595.1
7249	:	1770321339.987	     1.306	0	54	0	0	write_iso_sources /home/kcw2/data/genome_db/GCF_013305815.1
7242	:	1770321339.885	     1.453	0	54	0	0	write_iso_sources /home/kcw2/data/genome_db/GCF_001518975.1
7244	:	1770321339.916	     1.532	0	54	0	0	write_iso_sources /home/kcw2/data/genome_db/GCF_002215345.1
7245	:	1770321339.939	     1.538	0	54	0	0	write_iso_sources /home/kcw2/data/genome_db/GCF_003052005.2
7246	:	1770321339.949	     1.555	0	54	0	0	write_iso_sources /home/kcw2/data/genome_db/GCF_003433235.1
7255	:	1770321340.077	     1.430	0	54	0	0	write_iso_sources /home/kcw2/data/genome_db/GCF_021249245.1
7243	:	1770321339.900	     1.618	0	54	0	0	write_iso_sources /home/kcw2/data/genome_db/GCF_001750705.1
7248	:	1770321339.973	     1.547	0	54	0	0	write_iso_sources /home/kcw2/data/genome_db/GCF_009664165.1
7241	:	1770321339.872	     1.658	0	54	0	0	write_iso_sources /home/kcw2/data/genome_db/GCF_000829885.1
7247	:	1770321339.960	     1.572	0	54	0	0	write_iso_sources /home/kcw2/data/genome_db/GCF_004355125.1
7256	:	1770321340.087	     1.445	0	54	0	0	write_iso_sources /home/kcw2/data/genome_db/GCF_021513495.1
7259	:	1770321340.128	     1.434	0	54	0	0	write_iso_sources /home/kcw2/data/genome_db/GCF_023571485.1
7250	:	1770321339.999	     1.648	0	54	0	0	write_iso_sources /home/kcw2/data/genome_db/GCF_013394455.1
7254	:	1770321340.068	     1.579	0	54	0	0	write_iso_sources /home/kcw2/data/genome_db/GCF_019857585.1
7251	:	1770321340.023	     1.645	0	54	0	0	write_iso_sources /home/kcw2/data/genome_db/GCF_016105885.1
7257	:	1770321340.101	     1.569	0	54	0	0	write_iso_sources /home/kcw2/data/genome_db/GCF_022570235.1
7265	:	1770321340.198	     1.549	0	54	0	0	write_iso_sources /home/kcw2/data/genome_db/GCF_029961405.1
7260	:	1770321340.141	     1.608	0	54	0	0	write_iso_sources /home/kcw2/data/genome_db/GCF_025021565.1
7266	:	1770321340.213	     1.565	0	54	0	0	write_iso_sources /home/kcw2/data/genome_db/GCF_030034655.1
7258	:	1770321340.116	     1.692	0	54	0	0	write_iso_sources /home/kcw2/data/genome_db/GCF_022810985.1
7253	:	1770321340.053	     1.792	0	54	0	0	write_iso_sources /home/kcw2/data/genome_db/GCF_019710495.1
7276	:	1770321340.413	     1.460	0	54	0	0	write_iso_sources /home/kcw2/data/genome_db/GCF_036418055.1
7274	:	1770321340.379	     1.496	0	54	0	0	write_iso_sources /home/kcw2/data/genome_db/GCF_036233235.1
7261	:	1770321340.151	     1.744	0	54	0	0	write_iso_sources /home/kcw2/data/genome_db/GCF_026727715.1
7267	:	1770321340.225	     1.673	0	54	0	0	write_iso_sources /home/kcw2/data/genome_db/GCF_030185915.2
7264	:	1770321340.188	     1.730	0	54	0	0	write_iso_sources /home/kcw2/data/genome_db/GCF_028404085.1
7270	:	1770321340.277	     1.654	0	54	0	0	write_iso_sources /home/kcw2/data/genome_db/GCF_033223225.1
7277	:	1770321340.435	     1.498	0	54	0	0	write_iso_sources /home/kcw2/data/genome_db/GCF_038069315.1
7269	:	1770321340.259	     1.690	0	54	0	0	write_iso_sources /home/kcw2/data/genome_db/GCF_032231105.1
7263	:	1770321340.174	     1.799	0	54	0	0	write_iso_sources /home/kcw2/data/genome_db/GCF_027571155.1
7268	:	1770321340.243	     1.730	0	54	0	0	write_iso_sources /home/kcw2/data/genome_db/GCF_030866885.1
7282	:	1770321340.655	     1.319	0	54	0	0	write_iso_sources /home/kcw2/data/genome_db/GCF_046529505.1
7262	:	1770321340.162	     1.815	0	54	0	0	write_iso_sources /home/kcw2/data/genome_db/GCF_027570735.1
7272	:	1770321340.326	     1.663	0	54	0	0	write_iso_sources /home/kcw2/data/genome_db/GCF_036232205.1
7279	:	1770321340.485	     1.531	0	54	0	0	write_iso_sources /home/kcw2/data/genome_db/GCF_040581215.1
7280	:	1770321340.512	     1.514	0	54	0	0	write_iso_sources /home/kcw2/data/genome_db/GCF_043235915.1
7278	:	1770321340.447	     1.684	0	54	0	0	write_iso_sources /home/kcw2/data/genome_db/GCF_039622765.1
7252	:	1770321340.035	     2.120	0	54	0	0	write_iso_sources /home/kcw2/data/genome_db/GCF_018141565.1
7281	:	1770321340.529	     1.641	0	54	0	0	write_iso_sources /home/kcw2/data/genome_db/GCF_044759015.1
7275	:	1770321340.399	     1.831	0	54	0	0	write_iso_sources /home/kcw2/data/genome_db/GCF_036233655.1
7283	:	1770321340.723	     1.536	0	54	0	0	write_iso_sources /home/kcw2/data/genome_db/GCF_049532575.1
7285	:	1770321340.932	     1.437	0	54	0	0	write_iso_sources /home/kcw2/data/genome_db/GCF_049912905.1
7284	:	1770321340.736	     1.654	0	54	0	0	write_iso_sources /home/kcw2/data/genome_db/GCF_049678725.1
7273	:	1770321340.356	     2.219	0	54	0	0	write_iso_sources /home/kcw2/data/genome_db/GCF_036232685.1
7271	:	1770321340.302	     2.292	0	54	0	0	write_iso_sources /home/kcw2/data/genome_db/GCF_034190815.1
7286	:	1770321341.010	     1.588	0	54	0	0	write_iso_sources /home/kcw2/data/genome_db/GCF_050207595.1
7298	:	1770321341.597	     1.179	0	54	0	0	write_iso_sources /home/kcw2/data/genome_db/GCF_024496225.1
7319	:	1770321342.071	     0.750	0	54	0	0	write_iso_sources /home/kcw2/data/genome_db/GCF_001183745.1
7287	:	1770321341.048	     1.804	0	54	0	0	write_iso_sources /home/kcw2/data/genome_db/GCF_050242775.1
7297	:	1770321341.582	     1.275	0	54	0	0	write_iso_sources /home/kcw2/data/genome_db/GCF_049803935.1
7304	:	1770321341.717	     1.201	0	54	0	0	write_iso_sources /home/kcw2/data/genome_db/GCF_028749845.1
7295	:	1770321341.547	     1.390	0	54	0	0	write_iso_sources /home/kcw2/data/genome_db/GCF_037758665.1
7293	:	1770321341.519	     1.418	0	54	0	0	write_iso_sources /home/kcw2/data/genome_db/GCF_013425825.1
7296	:	1770321341.562	     1.384	0	54	0	0	write_iso_sources /home/kcw2/data/genome_db/GCF_002549815.1
7299	:	1770321341.620	     1.328	0	54	0	0	write_iso_sources /home/kcw2/data/genome_db/GCF_026261705.1
7288	:	1770321341.146	     1.812	0	54	0	0	write_iso_sources /home/kcw2/data/genome_db/GCF_900497025.1
7303	:	1770321341.704	     1.256	0	54	0	0	write_iso_sources /home/kcw2/data/genome_db/GCF_001186415.1
7321	:	1770321342.103	     0.858	0	54	0	0	write_iso_sources /home/kcw2/data/genome_db/GCF_003004065.1
7292	:	1770321341.504	     1.482	0	54	0	0	write_iso_sources /home/kcw2/data/genome_db/GCF_003008615.1
7323	:	1770321342.132	     0.855	0	54	0	0	write_iso_sources /home/kcw2/data/genome_db/GCF_045999595.1
7320	:	1770321342.083	     0.916	0	54	0	0	write_iso_sources /home/kcw2/data/genome_db/GCF_001752945.1
7291	:	1770321341.462	     1.548	0	54	0	0	write_iso_sources /home/kcw2/data/genome_db/GCF_022023875.1
7322	:	1770321342.119	     0.901	0	54	0	0	write_iso_sources /home/kcw2/data/genome_db/GCF_045999325.1
7324	:	1770321342.155	     0.867	0	54	0	0	write_iso_sources /home/kcw2/data/genome_db/GCF_900119775.1
7306	:	1770321341.778	     1.268	0	54	0	0	write_iso_sources /home/kcw2/data/genome_db/GCF_045709045.1
7308	:	1770321341.827	     1.223	0	54	0	0	write_iso_sources /home/kcw2/data/genome_db/GCF_045725285.1
7294	:	1770321341.530	     1.546	0	54	0	0	write_iso_sources /home/kcw2/data/genome_db/GCF_026625125.1
7325	:	1770321342.169	     0.912	0	54	0	0	write_iso_sources /home/kcw2/data/genome_db/GCF_004571175.1
7305	:	1770321341.762	     1.333	0	54	0	0	write_iso_sources /home/kcw2/data/genome_db/GCF_028750635.1
7289	:	1770321341.309	     1.798	0	54	0	0	write_iso_sources /home/kcw2/data/genome_db/GCF_951805275.2
7310	:	1770321341.896	     1.212	0	54	0	0	write_iso_sources /home/kcw2/data/genome_db/GCF_040804865.1
7327	:	1770321342.203	     0.970	0	54	0	0	write_iso_sources /home/kcw2/data/genome_db/GCF_001887305.1
7307	:	1770321341.803	     1.385	0	54	0	0	write_iso_sources /home/kcw2/data/genome_db/GCF_045721555.1
7309	:	1770321341.860	     1.333	0	54	0	0	write_iso_sources /home/kcw2/data/genome_db/GCF_004319485.1
7313	:	1770321341.950	     1.292	0	54	0	0	write_iso_sources /home/kcw2/data/genome_db/GCF_002005205.3
7301	:	1770321341.669	     1.575	0	54	0	0	write_iso_sources /home/kcw2/data/genome_db/GCF_024663775.1
7314	:	1770321341.973	     1.289	0	54	0	0	write_iso_sources /home/kcw2/data/genome_db/GCF_050500135.1
7300	:	1770321341.647	     1.654	0	54	0	0	write_iso_sources /home/kcw2/data/genome_db/GCF_012974245.1
7302	:	1770321341.689	     1.615	0	54	0	0	write_iso_sources /home/kcw2/data/genome_db/GCF_024760645.1
7328	:	1770321342.247	     1.058	0	54	0	0	write_iso_sources /home/kcw2/data/genome_db/GCF_002082885.1
7329	:	1770321342.275	     1.030	0	54	0	0	write_iso_sources /home/kcw2/data/genome_db/GCF_003029495.1
7290	:	1770321341.360	     1.995	0	54	0	0	write_iso_sources /home/kcw2/data/genome_db/GCF_047902435.1
7311	:	1770321341.919	     1.479	0	54	0	0	write_iso_sources /home/kcw2/data/genome_db/GCF_013317615.2
7312	:	1770321341.932	     1.480	0	54	0	0	write_iso_sources /home/kcw2/data/genome_db/GCF_025559945.1
7330	:	1770321342.390	     1.069	0	54	0	0	write_iso_sources /home/kcw2/data/genome_db/GCF_003931775.1
7326	:	1770321342.182	     1.305	0	54	0	0	write_iso_sources /home/kcw2/data/genome_db/GCF_001517645.1
7318	:	1770321342.055	     1.462	0	54	0	0	write_iso_sources /home/kcw2/data/genome_db/GCF_001971665.1
7332	:	1770321342.594	     0.925	0	54	0	0	write_iso_sources /home/kcw2/data/genome_db/GCF_011067065.1
7316	:	1770321342.016	     1.549	0	54	0	0	write_iso_sources /home/kcw2/data/genome_db/GCF_035610345.1
7331	:	1770321342.410	     1.211	0	54	0	0	write_iso_sources /home/kcw2/data/genome_db/GCF_005518095.1
7315	:	1770321341.989	     1.648	0	54	0	0	write_iso_sources /home/kcw2/data/genome_db/GCF_049817555.1
7334	:	1770321342.638	     1.000	0	54	0	0	write_iso_sources /home/kcw2/data/genome_db/GCF_014705785.1
7333	:	1770321342.608	     1.136	0	54	0	0	write_iso_sources /home/kcw2/data/genome_db/GCF_012935125.1
7336	:	1770321342.853	     0.976	0	54	0	0	write_iso_sources /home/kcw2/data/genome_db/GCF_018831465.1
7339	:	1770321342.935	     0.953	0	54	0	0	write_iso_sources /home/kcw2/data/genome_db/GCF_022467975.1
7366	:	1770321343.343	     0.572	0	54	0	0	write_iso_sources /home/kcw2/data/genome_db/GCF_016028715.1
7335	:	1770321342.800	     1.120	0	54	0	0	write_iso_sources /home/kcw2/data/genome_db/GCF_016903135.1
7338	:	1770321342.906	     1.015	0	54	0	0	write_iso_sources /home/kcw2/data/genome_db/GCF_022459095.1
7317	:	1770321342.041	     1.882	0	54	0	0	write_iso_sources /home/kcw2/data/genome_db/GCF_011604545.1
7340	:	1770321342.946	     1.020	0	54	0	0	write_iso_sources /home/kcw2/data/genome_db/GCF_023360975.1
7341	:	1770321342.958	     1.009	0	54	0	0	write_iso_sources /home/kcw2/data/genome_db/GCF_023361915.1
7344	:	1770321342.998	     0.971	0	54	0	0	write_iso_sources /home/kcw2/data/genome_db/GCF_024749645.1
7345	:	1770321343.010	     1.013	0	54	0	0	write_iso_sources /home/kcw2/data/genome_db/GCF_025853915.1
7347	:	1770321343.047	     1.011	0	54	0	0	write_iso_sources /home/kcw2/data/genome_db/GCF_028752815.1
7364	:	1770321343.319	     0.740	0	54	0	0	write_iso_sources /home/kcw2/data/genome_db/GCF_025984365.1
7367	:	1770321343.355	     0.703	0	54	0	0	write_iso_sources /home/kcw2/data/genome_db/GCF_003855415.1
7370	:	1770321343.434	     0.625	0	54	0	0	write_iso_sources /home/kcw2/data/genome_db/GCF_025169995.1
7343	:	1770321342.986	     1.098	0	54	0	0	write_iso_sources /home/kcw2/data/genome_db/GCF_024139055.1
7350	:	1770321343.096	     0.990	0	54	0	0	write_iso_sources /home/kcw2/data/genome_db/GCF_033187975.1
7346	:	1770321343.035	     1.064	0	54	0	0	write_iso_sources /home/kcw2/data/genome_db/GCF_026062515.1
7348	:	1770321343.065	     1.037	0	54	0	0	write_iso_sources /home/kcw2/data/genome_db/GCF_029713965.1
7353	:	1770321343.133	     0.971	0	54	0	0	write_iso_sources /home/kcw2/data/genome_db/GCF_038442385.1
7369	:	1770321343.412	     0.693	0	54	0	0	write_iso_sources /home/kcw2/data/genome_db/GCF_020905035.2
7371	:	1770321343.460	     0.645	0	54	0	0	write_iso_sources /home/kcw2/data/genome_db/GCF_025642395.1
7377	:	1770321343.587	     0.520	0	54	0	0	write_iso_sources /home/kcw2/data/genome_db/GCF_001697685.1
7337	:	1770321342.883	     1.249	0	54	0	0	write_iso_sources /home/kcw2/data/genome_db/GCF_020906565.1
7342	:	1770321342.972	     1.162	0	54	0	0	write_iso_sources /home/kcw2/data/genome_db/GCF_023517215.1
7351	:	1770321343.107	     1.027	0	54	0	0	write_iso_sources /home/kcw2/data/genome_db/GCF_034422815.1
7373	:	1770321343.518	     0.617	0	54	0	0	write_iso_sources /home/kcw2/data/genome_db/GCF_040368535.1
7368	:	1770321343.397	     0.756	0	54	0	0	write_iso_sources /home/kcw2/data/genome_db/GCF_016802315.1
7356	:	1770321343.173	     0.982	0	54	0	0	write_iso_sources /home/kcw2/data/genome_db/GCF_041154815.1
7376	:	1770321343.566	     0.601	0	54	0	0	write_iso_sources /home/kcw2/data/genome_db/GCF_001697165.1
7375	:	1770321343.553	     0.625	0	54	0	0	write_iso_sources /home/kcw2/data/genome_db/GCF_900087905.2
7372	:	1770321343.488	     0.702	0	54	0	0	write_iso_sources /home/kcw2/data/genome_db/GCF_030644945.1
7355	:	1770321343.158	     1.042	0	54	0	0	write_iso_sources /home/kcw2/data/genome_db/GCF_040529315.1
7374	:	1770321343.537	     0.664	0	54	0	0	write_iso_sources /home/kcw2/data/genome_db/GCF_040404335.1
7365	:	1770321343.333	     0.897	0	54	0	0	write_iso_sources /home/kcw2/data/genome_db/GCF_025985305.1
7378	:	1770321343.638	     0.594	0	54	0	0	write_iso_sources /home/kcw2/data/genome_db/GCF_001698105.1
7349	:	1770321343.077	     1.171	0	54	0	0	write_iso_sources /home/kcw2/data/genome_db/GCF_030028005.1
7360	:	1770321343.242	     1.008	0	54	0	0	write_iso_sources /home/kcw2/data/genome_db/GCF_046097165.1
7352	:	1770321343.121	     1.141	0	54	0	0	write_iso_sources /home/kcw2/data/genome_db/GCF_038418265.1
7362	:	1770321343.282	     0.981	0	54	0	0	write_iso_sources /home/kcw2/data/genome_db/GCF_050030185.1
7357	:	1770321343.189	     1.076	0	54	0	0	write_iso_sources /home/kcw2/data/genome_db/GCF_042142835.1
7380	:	1770321343.692	     0.574	0	54	0	0	write_iso_sources /home/kcw2/data/genome_db/GCF_019048825.1
7354	:	1770321343.143	     1.134	0	54	0	0	write_iso_sources /home/kcw2/data/genome_db/GCF_038998165.1
7358	:	1770321343.206	     1.072	0	54	0	0	write_iso_sources /home/kcw2/data/genome_db/GCF_043042175.1
7379	:	1770321343.672	     0.611	0	54	0	0	write_iso_sources /home/kcw2/data/genome_db/GCF_003355435.1
7361	:	1770321343.261	     1.070	0	54	0	0	write_iso_sources /home/kcw2/data/genome_db/GCF_048632605.1
7363	:	1770321343.301	     1.030	0	54	0	0	write_iso_sources /home/kcw2/data/genome_db/GCF_050562265.1
7381	:	1770321343.763	     0.569	0	54	0	0	write_iso_sources /home/kcw2/data/genome_db/GCF_047839125.1
7359	:	1770321343.226	     1.115	0	54	0	0	write_iso_sources /home/kcw2/data/genome_db/GCF_043056065.1
7382	:	1770321343.845	     0.928	0	54	0	0	write_iso_sources /home/kcw2/data/genome_db/GCF_016807785.1
7389	:	1770321344.057	     0.886	0	54	0	0	write_iso_sources /home/kcw2/data/genome_db/GCF_001605275.1
7392	:	1770321344.100	     0.873	0	54	0	0	write_iso_sources /home/kcw2/data/genome_db/GCF_001985405.1
7384	:	1770321343.948	     1.075	0	54	0	0	write_iso_sources /home/kcw2/data/genome_db/GCF_004008295.1
7387	:	1770321343.997	     1.028	0	54	0	0	write_iso_sources /home/kcw2/data/genome_db/GCF_009627675.1
7390	:	1770321344.072	     0.953	0	54	0	0	write_iso_sources /home/kcw2/data/genome_db/GCF_001686365.1
7400	:	1770321344.213	     0.832	0	54	0	0	write_iso_sources /home/kcw2/data/genome_db/GCF_001988815.1
7386	:	1770321343.979	     1.087	0	54	0	0	write_iso_sources /home/kcw2/data/genome_db/GCF_009626555.1
7391	:	1770321344.085	     1.007	0	54	0	0	write_iso_sources /home/kcw2/data/genome_db/GCF_001984965.1
7394	:	1770321344.132	     0.963	0	54	0	0	write_iso_sources /home/kcw2/data/genome_db/GCF_001986275.1
7393	:	1770321344.120	     1.012	0	54	0	0	write_iso_sources /home/kcw2/data/genome_db/GCF_001985825.1
7396	:	1770321344.167	     0.967	0	54	0	0	write_iso_sources /home/kcw2/data/genome_db/GCF_001987135.1
7385	:	1770321343.966	     1.190	0	54	0	0	write_iso_sources /home/kcw2/data/genome_db/GCF_009626115.1
7388	:	1770321344.024	     1.137	0	54	0	0	write_iso_sources /home/kcw2/data/genome_db/GCF_001307625.1
7395	:	1770321344.154	     1.007	0	54	0	0	write_iso_sources /home/kcw2/data/genome_db/GCF_001986715.1
7397	:	1770321344.179	     0.984	0	54	0	0	write_iso_sources /home/kcw2/data/genome_db/GCF_001987555.1
7398	:	1770321344.190	     0.973	0	54	0	0	write_iso_sources /home/kcw2/data/genome_db/GCF_001987975.1
7399	:	1770321344.201	     0.963	0	54	0	0	write_iso_sources /home/kcw2/data/genome_db/GCF_001988395.1
7401	:	1770321344.229	     0.935	0	54	0	0	write_iso_sources /home/kcw2/data/genome_db/GCF_001989295.1
7402	:	1770321344.248	     0.976	0	54	0	0	write_iso_sources /home/kcw2/data/genome_db/GCF_002286135.1
7404	:	1770321344.277	     0.982	0	54	0	0	write_iso_sources /home/kcw2/data/genome_db/GCF_003355085.1
7410	:	1770321344.354	     0.922	0	54	0	0	write_iso_sources /home/kcw2/data/genome_db/GCF_004635885.1
7383	:	1770321343.916	     1.371	0	54	0	0	write_iso_sources /home/kcw2/data/genome_db/GCF_004006935.1
7405	:	1770321344.295	     0.993	0	54	0	0	write_iso_sources /home/kcw2/data/genome_db/GCF_004008655.1
7412	:	1770321344.373	     0.928	0	54	0	0	write_iso_sources /home/kcw2/data/genome_db/GCF_004636925.1
7411	:	1770321344.363	     0.970	0	54	0	0	write_iso_sources /home/kcw2/data/genome_db/GCF_004636305.1
7407	:	1770321344.317	     1.050	0	54	0	0	write_iso_sources /home/kcw2/data/genome_db/GCF_004009695.1
7408	:	1770321344.330	     1.039	0	54	0	0	write_iso_sources /home/kcw2/data/genome_db/GCF_004634885.1
7403	:	1770321344.263	     1.106	0	54	0	0	write_iso_sources /home/kcw2/data/genome_db/GCF_002859605.1
7409	:	1770321344.342	     1.058	0	54	0	0	write_iso_sources /home/kcw2/data/genome_db/GCF_004635445.1
7418	:	1770321344.448	     0.970	0	54	0	0	write_iso_sources /home/kcw2/data/genome_db/GCF_047323935.1
7406	:	1770321344.305	     1.145	0	54	0	0	write_iso_sources /home/kcw2/data/genome_db/GCF_004009255.1
7414	:	1770321344.395	     1.059	0	54	0	0	write_iso_sources /home/kcw2/data/genome_db/GCF_022407295.1
7416	:	1770321344.423	     1.037	0	54	0	0	write_iso_sources /home/kcw2/data/genome_db/GCF_032288525.1
7415	:	1770321344.408	     1.108	0	54	0	0	write_iso_sources /home/kcw2/data/genome_db/GCF_030644665.1
7413	:	1770321344.384	     1.152	0	54	0	0	write_iso_sources /home/kcw2/data/genome_db/GCF_016903175.1
7420	:	1770321344.498	     1.120	0	54	0	0	write_iso_sources /home/kcw2/data/genome_db/GCF_012273555.1
7417	:	1770321344.435	     1.203	0	54	0	0	write_iso_sources /home/kcw2/data/genome_db/GCF_047323385.1
7419	:	1770321344.474	     1.164	0	54	0	0	write_iso_sources /home/kcw2/data/genome_db/GCF_900465745.1
7422	:	1770321344.527	     1.157	0	54	0	0	write_iso_sources /home/kcw2/data/genome_db/GCF_001718055.1
7421	:	1770321344.517	     1.187	0	54	0	0	write_iso_sources /home/kcw2/data/genome_db/GCF_029025745.1
7429	:	1770321344.668	     1.130	0	54	0	0	write_iso_sources /home/kcw2/data/genome_db/GCF_037820925.1
7423	:	1770321344.540	     1.288	0	54	0	0	write_iso_sources /home/kcw2/data/genome_db/GCF_009664025.1
7426	:	1770321344.598	     1.302	0	54	0	0	write_iso_sources /home/kcw2/data/genome_db/GCF_016939615.1
7424	:	1770321344.555	     1.365	0	54	0	0	write_iso_sources /home/kcw2/data/genome_db/GCF_013731955.1
7425	:	1770321344.578	     1.391	0	54	0	0	write_iso_sources /home/kcw2/data/genome_db/GCF_013786565.1
7427	:	1770321344.619	     1.421	0	54	0	0	write_iso_sources /home/kcw2/data/genome_db/GCF_029716005.1
7428	:	1770321344.645	     1.417	0	54	0	0	write_iso_sources /home/kcw2/data/genome_db/GCF_033157475.1
7430	:	1770321344.791	     1.384	0	54	0	0	write_iso_sources /home/kcw2/data/genome_db/GCF_900520375.1
7439	:	1770321345.177	     1.019	0	54	0	0	write_iso_sources /home/kcw2/data/genome_db/GCF_025987825.1
7433	:	1770321345.046	     1.219	0	54	0	0	write_iso_sources /home/kcw2/data/genome_db/GCF_034119945.1
7442	:	1770321345.211	     1.075	0	54	0	0	write_iso_sources /home/kcw2/data/genome_db/GCF_001183685.1
7440	:	1770321345.188	     1.123	0	54	0	0	write_iso_sources /home/kcw2/data/genome_db/GCF_040224035.2
7436	:	1770321345.116	     1.216	0	54	0	0	write_iso_sources /home/kcw2/data/genome_db/GCF_031890525.1
7435	:	1770321345.092	     1.263	0	54	0	0	write_iso_sources /home/kcw2/data/genome_db/GCF_014841465.2
7441	:	1770321345.198	     1.173	0	54	0	0	write_iso_sources /home/kcw2/data/genome_db/GCF_000599705.1
7437	:	1770321345.131	     1.274	0	54	0	0	write_iso_sources /home/kcw2/data/genome_db/GCF_020540925.1
Finished! Elapsed: 178 seconds.
Start time: 1770321168
End time: 1770321346
